province,year,crop_name,area,production,yield,q_cv_group,q_area_coverage,q_n_regions_used,q_n_expected_regions,q_n_missing_regions,q_n_structural_zero_regions,q_source_status,q_apy_incoherent,q_calculated_region
Agrigento,1995,Durum wheat,50190.0,79199.8,1.577999601514246,Agrigento,1.0,1,1,0,0,complete,False,False
Agrigento,1996,Durum wheat,51520.0,114776.2,2.227798913043478,Agrigento,1.0,1,1,0,0,complete,False,False
Agrigento,1997,Durum wheat,50200.0,120480.0,2.4,Agrigento,1.0,1,1,0,0,complete,False,False
Agrigento,1998,Durum wheat,34039.0,81693.6,2.4000000000000004,Agrigento,1.0,1,1,0,0,complete,False,False
Agrigento,1999,Durum wheat,48000.0,96000.0,2.0,Agrigento,1.0,1,1,0,0,complete,False,False
Agrigento,2000,Durum wheat,45000.0,85050.0,1.89,Agrigento,1.0,1,1,0,0,complete,False,False
Agrigento,2001,Durum wheat,45000.0,94185.0,2.093,Agrigento,1.0,1,1,0,0,complete,False,False
Agrigento,2002,Durum wheat,45000.0,54990.0,1.222,Agrigento,1.0,1,1,0,0,complete,False,False
Agrigento,2003,Durum wheat,48000.0,112575.0,2.3453125,Agrigento,1.0,1,1,0,0,complete,False,False
Agrigento,2004,Durum wheat,48000.0,110400.0,2.3,Agrigento,1.0,1,1,0,0,complete,False,False
Agrigento,2005,Durum wheat,44000.0,110484.0,2.511,Agrigento,1.0,1,1,0,0,complete,False,False
Agrigento,2006,Durum wheat,38000.0,103588.0,2.726,Agrigento,1.0,1,1,0,0,complete,False,False
Agrigento,2007,Durum wheat,42750.0,111868.0,2.616795321637427,Agrigento,1.0,1,1,0,0,complete,False,False
Agrigento,2008,Durum wheat,42000.0,120000.0,2.857142857142857,Agrigento,1.0,1,1,0,0,complete,False,False
Agrigento,2009,Durum wheat,30572.0,87753.8,2.8703977495747743,Agrigento,1.0,1,1,0,0,complete,False,False
Agrigento,2010,Durum wheat,42100.0,127900.0,3.0380047505938244,Agrigento,1.0,1,1,0,0,complete,False,False
Agrigento,2011,Durum wheat,43650.0,127850.0,2.928980526918671,Agrigento,1.0,1,1,0,0,complete,False,False
Agrigento,2012,Durum wheat,40120.0,123102.0,3.068344965104686,Agrigento,1.0,1,1,0,0,complete,True,False
Agrigento,2013,Durum wheat,26710.0,81455.0,3.0496068888056906,Agrigento,1.0,1,1,0,0,complete,True,False
Agrigento,2014,Durum wheat,26635.0,75690.0,2.841749577623428,Agrigento,1.0,1,1,0,0,complete,False,False
Agrigento,2015,Durum wheat,26673.0,78572.5,2.945769129831665,Agrigento,1.0,1,1,0,0,complete,False,False
Agrigento,2016,Durum wheat,26530.0,84328.0,3.178590275160196,Agrigento,1.0,1,1,0,0,complete,False,False
Agrigento,2017,Durum wheat,26500.0,84300.0,3.181132075471698,Agrigento,1.0,1,1,0,0,complete,False,False
Agrigento,2018,Durum wheat,20500.0,54930.0,2.6795121951219514,Agrigento,1.0,1,1,0,0,complete,False,False
Agrigento,2019,Durum wheat,21300.0,55030.0,2.583568075117371,Agrigento,1.0,1,1,0,0,complete,False,False
Agrigento,2020,Durum wheat,21300.0,55030.0,2.583568075117371,Agrigento,1.0,1,1,0,0,complete,False,False
Agrigento,2021,Durum wheat,21150.0,53050.0,2.508274231678487,Agrigento,1.0,1,1,0,0,complete,False,False
Agrigento,2022,Durum wheat,21800.0,55030.0,2.5243119266055047,Agrigento,1.0,1,1,0,0,complete,False,False
Alessandria,1995,Durum wheat,2500.0,12230.0,4.892,Alessandria,1.0,1,1,0,0,complete,False,False
Alessandria,1995,Grain maize,33000.0,257400.0,7.8,Alessandria,1.0,1,1,0,0,complete,False,False
Alessandria,1995,Soft wheat,54500.0,297352.0,5.456,Alessandria,1.0,1,1,0,0,complete,False,False
Alessandria,1996,Durum wheat,1350.0,6480.0,4.8,Alessandria,1.0,1,1,0,0,complete,False,False
Alessandria,1996,Grain maize,27070.0,216558.0,7.999926117473217,Alessandria,1.0,1,1,0,0,complete,False,False
Alessandria,1996,Soft wheat,60000.0,344190.0,5.7365,Alessandria,1.0,1,1,0,0,complete,False,False
Alessandria,1997,Durum wheat,390.0,1065.0,2.730769230769231,Alessandria,1.0,1,1,0,0,complete,False,False
Alessandria,1997,Grain maize,25850.0,167880.0,6.494390715667311,Alessandria,1.0,1,1,0,0,complete,True,False
Alessandria,1997,Soft wheat,41280.0,143934.0,3.4867732558139535,Alessandria,1.0,1,1,0,0,complete,False,False
Alessandria,1998,Durum wheat,800.0,4351.0,5.43875,Alessandria,1.0,1,1,0,0,complete,False,False
Alessandria,1998,Grain maize,21450.0,157500.0,7.3426573426573425,Alessandria,1.0,1,1,0,0,complete,True,False
Alessandria,1998,Soft wheat,42115.0,240640.0,5.71387866555859,Alessandria,1.0,1,1,0,0,complete,False,False
Alessandria,1999,Durum wheat,870.0,4749.0,5.458620689655173,Alessandria,1.0,1,1,0,0,complete,False,False
Alessandria,1999,Grain maize,21300.0,157500.0,7.394366197183099,Alessandria,1.0,1,1,0,0,complete,False,False
Alessandria,1999,Soft wheat,44015.0,223766.0,5.083857775758264,Alessandria,1.0,1,1,0,0,complete,False,False
Alessandria,2000,Durum wheat,880.0,4790.0,5.443181818181818,Alessandria,1.0,1,1,0,0,complete,False,False
Alessandria,2000,Grain maize,24000.0,180648.0,7.527,Alessandria,1.0,1,1,0,0,complete,False,False
Alessandria,2000,Soft wheat,45100.0,223800.0,4.96230598669623,Alessandria,1.0,1,1,0,0,complete,False,False
Alessandria,2001,Durum wheat,1200.0,5520.0,4.6,Alessandria,1.0,1,1,0,0,complete,False,False
Alessandria,2001,Grain maize,23934.0,182565.2,7.627859948190859,Alessandria,1.0,1,1,0,0,complete,False,False
Alessandria,2001,Soft wheat,37000.0,155400.0,4.2,Alessandria,1.0,1,1,0,0,complete,False,False
Alessandria,2002,Durum wheat,1200.0,5796.0,4.83,Alessandria,1.0,1,1,0,0,complete,False,False
Alessandria,2002,Grain maize,23934.0,164331.0,6.8660065179242915,Alessandria,1.0,1,1,0,0,complete,False,False
Alessandria,2002,Soft wheat,40442.0,163170.0,4.034666930418871,Alessandria,1.0,1,1,0,0,complete,False,False
Alessandria,2003,Durum wheat,120.0,360.0,3.0,Alessandria,1.0,1,1,0,0,complete,False,False
Alessandria,2003,Grain maize,23500.0,122200.0,5.2,Alessandria,1.0,1,1,0,0,complete,False,False
Alessandria,2003,Soft wheat,32100.0,130500.0,4.065420560747664,Alessandria,1.0,1,1,0,0,complete,False,False
Alessandria,2004,Durum wheat,1100.0,6500.5,5.909545454545454,Alessandria,1.0,1,1,0,0,complete,False,False
Alessandria,2004,Grain maize,23500.0,132200.0,5.625531914893617,Alessandria,1.0,1,1,0,0,complete,False,False
Alessandria,2004,Soft wheat,32100.0,149250.0,4.649532710280374,Alessandria,1.0,1,1,0,0,complete,False,False
Alessandria,2005,Durum wheat,879.0,5186.1,5.9,Alessandria,1.0,1,1,0,0,complete,False,False
Alessandria,2005,Grain maize,23500.0,132200.0,5.625531914893617,Alessandria,1.0,1,1,0,0,complete,False,False
Alessandria,2005,Soft wheat,34700.0,161355.0,4.65,Alessandria,1.0,1,1,0,0,complete,False,False
Alessandria,2006,Durum wheat,817.0,4285.0,5.244798041615667,Alessandria,1.0,1,1,0,0,complete,False,False
Alessandria,2006,Grain maize,23557.0,129152.5,5.482552956658318,Alessandria,1.0,1,1,0,0,complete,False,False
Alessandria,2006,Soft wheat,34100.0,156860.0,4.6,Alessandria,1.0,1,1,0,0,complete,False,False
Alessandria,2007,Durum wheat,3031.0,13701.0,4.520290333223358,Alessandria,1.0,1,1,0,0,complete,False,False
Alessandria,2007,Grain maize,23550.0,129250.0,5.488322717622081,Alessandria,1.0,1,1,0,0,complete,False,False
Alessandria,2007,Soft wheat,36414.0,169688.6,4.659982424342286,Alessandria,1.0,1,1,0,0,complete,False,False
Alessandria,2008,Durum wheat,1758.0,8668.8,4.931058020477815,Alessandria,1.0,1,1,0,0,complete,False,False
Alessandria,2008,Grain maize,23534.0,142008.4,6.034180334834707,Alessandria,1.0,1,1,0,0,complete,False,False
Alessandria,2008,Soft wheat,35525.0,166095.5,4.675453905700211,Alessandria,1.0,1,1,0,0,complete,False,False
Alessandria,2009,Durum wheat,1490.0,7464.9,5.01,Alessandria,1.0,1,1,0,0,complete,False,False
Alessandria,2009,Grain maize,22016.0,99698.3,4.528447492732559,Alessandria,1.0,1,1,0,0,complete,False,False
Alessandria,2009,Soft wheat,34488.0,174854.2,5.070001159823707,Alessandria,1.0,1,1,0,0,complete,False,False
Alessandria,2010,Durum wheat,1891.0,8558.7,4.526017979904813,Alessandria,1.0,1,1,0,0,complete,False,False
Alessandria,2010,Grain maize,25112.0,130652.2,5.2027795476266325,Alessandria,1.0,1,1,0,0,complete,False,False
Alessandria,2010,Soft wheat,34539.0,183659.6,5.317455629867686,Alessandria,1.0,1,1,0,0,complete,False,False
Alessandria,2011,Durum wheat,1861.0,8663.3,4.655185384202041,Alessandria,1.0,1,1,0,0,complete,False,False
Alessandria,2011,Grain maize,25526.0,132736.3,5.2000430933166175,Alessandria,1.0,1,1,0,0,complete,False,False
Alessandria,2011,Soft wheat,34462.0,169633.1,4.922323138529395,Alessandria,1.0,1,1,0,0,complete,False,False
Alessandria,2012,Durum wheat,997.0,1986.5,1.9924774322968908,Alessandria,1.0,1,1,0,0,complete,False,False
Alessandria,2012,Grain maize,29420.0,163783.8,5.567090414683888,Alessandria,1.0,1,1,0,0,complete,False,False
Alessandria,2012,Soft wheat,38175.0,198045.2,5.187824492468893,Alessandria,1.0,1,1,0,0,complete,False,False
Alessandria,2013,Durum wheat,839.0,5705.2,6.8,Alessandria,1.0,1,1,0,0,complete,True,False
Alessandria,2013,Grain maize,24973.0,249730.0,10.0,Alessandria,1.0,1,1,0,0,complete,True,False
Alessandria,2013,Soft wheat,37779.0,256897.2,6.800000000000001,Alessandria,1.0,1,1,0,0,complete,True,False
Alessandria,2014,Durum wheat,855.0,4275.0,5.0,Alessandria,1.0,1,1,0,0,complete,False,False
Alessandria,2014,Grain maize,25993.0,246933.5,9.5,Alessandria,1.0,1,1,0,0,complete,False,False
Alessandria,2014,Soft wheat,33989.0,197136.2,5.800000000000001,Alessandria,1.0,1,1,0,0,complete,False,False
Alessandria,2015,Durum wheat,1667.0,6668.0,4.0,Alessandria,1.0,1,1,0,0,complete,False,False
Alessandria,2015,Grain maize,23272.0,232722.3,10.000098831213474,Alessandria,1.0,1,1,0,0,complete,False,False
Alessandria,2015,Soft wheat,32747.0,130988.0,4.0,Alessandria,1.0,1,1,0,0,complete,False,False
Alessandria,2016,Durum wheat,2558.0,14069.0,5.5,Alessandria,1.0,1,1,0,0,complete,False,False
Alessandria,2016,Grain maize,22490.0,226846.4,10.086545131169409,Alessandria,1.0,1,1,0,0,complete,False,False
Alessandria,2016,Soft wheat,35204.0,228826.0,6.5,Alessandria,1.0,1,1,0,0,complete,False,False
Alessandria,2017,Durum wheat,1740.0,6960.0,4.0,Alessandria,1.0,1,1,0,0,complete,False,False
Alessandria,2017,Grain maize,20017.0,140119.0,7.0,Alessandria,1.0,1,1,0,0,complete,False,False
Alessandria,2017,Soft wheat,33522.0,151000.0,4.504504504504505,Alessandria,1.0,1,1,0,0,complete,False,False
Alessandria,2018,Durum wheat,2178.0,6543.0,3.0041322314049586,Alessandria,1.0,1,1,0,0,complete,False,False
Alessandria,2018,Grain maize,17298.0,155682.0,9.0,Alessandria,1.0,1,1,0,0,complete,False,False
Alessandria,2018,Soft wheat,31943.0,111800.5,3.5,Alessandria,1.0,1,1,0,0,complete,False,False
Alessandria,2019,Durum wheat,1335.0,7849.4,5.879700374531835,Alessandria,1.0,1,1,0,0,complete,False,False
Alessandria,2019,Grain maize,17502.0,190000.0,10.855902182607702,Alessandria,1.0,1,1,0,0,complete,False,False
Alessandria,2019,Soft wheat,28269.0,169615.4,6.000049524213803,Alessandria,1.0,1,1,0,0,complete,False,False
Alessandria,2020,Durum wheat,1889.0,7556.0,4.0,Alessandria,1.0,1,1,0,0,complete,False,False
Alessandria,2020,Grain maize,18689.0,233612.5,12.5,Alessandria,1.0,1,1,0,0,complete,False,False
Alessandria,2020,Soft wheat,22169.0,99760.5,4.5,Alessandria,1.0,1,1,0,0,complete,False,False
Alessandria,2021,Durum wheat,1728.0,6912.0,4.0,Alessandria,1.0,1,1,0,0,complete,False,False
Alessandria,2021,Grain maize,16521.0,206512.5,12.5,Alessandria,1.0,1,1,0,0,complete,False,False
Alessandria,2021,Soft wheat,32757.0,146996.5,4.487483591293464,Alessandria,1.0,1,1,0,0,complete,False,False
Alessandria,2022,Durum wheat,2022.0,6066.0,3.0,Alessandria,1.0,1,1,0,0,complete,False,False
Alessandria,2022,Grain maize,15990.0,157501.5,9.85,Alessandria,1.0,1,1,0,0,complete,False,False
Alessandria,2022,Soft wheat,31515.0,109042.0,3.4600031730921783,Alessandria,1.0,1,1,0,0,complete,False,False
Ancona,1995,Durum wheat,47394.0,168876.6,3.563248512469933,Ancona,1.0,1,1,0,0,complete,False,False
Ancona,1995,Grain maize,2772.0,24553.0,8.857503607503608,Ancona,1.0,1,1,0,0,complete,False,False
Ancona,1995,Soft wheat,5927.0,23040.4,3.887362915471571,Ancona,1.0,1,1,0,0,complete,False,False
Ancona,1996,Durum wheat,48112.0,193953.0,4.031281177253076,Ancona,1.0,1,1,0,0,complete,False,False
Ancona,1996,Grain maize,3083.0,29302.5,9.50454103146286,Ancona,1.0,1,1,0,0,complete,False,False
Ancona,1996,Soft wheat,4926.0,20511.7,4.16396670726756,Ancona,1.0,1,1,0,0,complete,False,False
Ancona,1997,Durum wheat,47028.0,211551.2,4.498409458195118,Ancona,1.0,1,1,0,0,complete,False,False
Ancona,1997,Grain maize,3234.0,28392.1,8.779251700680271,Ancona,1.0,1,1,0,0,complete,False,False
Ancona,1997,Soft wheat,4521.0,18847.7,4.168922804689228,Ancona,1.0,1,1,0,0,complete,False,False
Ancona,1998,Durum wheat,47329.0,228699.7,4.832126180565827,Ancona,1.0,1,1,0,0,complete,False,False
Ancona,1998,Grain maize,3245.0,28775.0,8.86748844375963,Ancona,1.0,1,1,0,0,complete,True,False
Ancona,1998,Soft wheat,5837.0,28154.4,4.823436696933356,Ancona,1.0,1,1,0,0,complete,False,False
Ancona,1999,Durum wheat,51974.0,222406.6,4.279189594797399,Ancona,1.0,1,1,0,0,complete,False,False
Ancona,1999,Grain maize,3187.0,28775.0,9.028867273297772,Ancona,1.0,1,1,0,0,complete,False,False
Ancona,1999,Soft wheat,4229.0,16582.9,3.9212343343580045,Ancona,1.0,1,1,0,0,complete,False,False
Ancona,2000,Durum wheat,48611.0,211603.5,4.352996235419966,Ancona,1.0,1,1,0,0,complete,False,False
Ancona,2000,Grain maize,3063.0,22711.0,7.414626183480248,Ancona,1.0,1,1,0,0,complete,False,False
Ancona,2000,Soft wheat,4300.0,16800.0,3.9069767441860463,Ancona,1.0,1,1,0,0,complete,False,False
Ancona,2001,Durum wheat,50309.0,174616.0,3.470870023256276,Ancona,1.0,1,1,0,0,complete,False,False
Ancona,2001,Grain maize,3820.0,29392.5,7.694371727748691,Ancona,1.0,1,1,0,0,complete,False,False
Ancona,2001,Soft wheat,4267.0,12397.5,2.9054370752284977,Ancona,1.0,1,1,0,0,complete,False,False
Ancona,2002,Durum wheat,51021.0,221184.6,4.3351678720526845,Ancona,1.0,1,1,0,0,complete,False,False
Ancona,2002,Grain maize,3299.0,28226.0,8.555926038193393,Ancona,1.0,1,1,0,0,complete,False,False
Ancona,2002,Soft wheat,3490.0,14828.5,4.248853868194843,Ancona,1.0,1,1,0,0,complete,False,False
Ancona,2003,Durum wheat,50870.0,191123.2,3.757090623157067,Ancona,1.0,1,1,0,0,complete,False,False
Ancona,2003,Grain maize,2925.0,17473.0,5.973675213675214,Ancona,1.0,1,1,0,0,complete,False,False
Ancona,2003,Soft wheat,2970.0,9015.0,3.0353535353535355,Ancona,1.0,1,1,0,0,complete,False,False
Ancona,2004,Durum wheat,53125.0,245450.1,4.620237176470589,Ancona,1.0,1,1,0,0,complete,False,False
Ancona,2004,Grain maize,3052.0,23963.7,7.851802096985583,Ancona,1.0,1,1,0,0,complete,False,False
Ancona,2004,Soft wheat,2708.0,10972.1,4.0517355982274745,Ancona,1.0,1,1,0,0,complete,False,False
Ancona,2005,Durum wheat,46164.0,205411.2,4.449597088640499,Ancona,1.0,1,1,0,0,complete,False,False
Ancona,2005,Grain maize,2804.0,25260.4,9.008701854493582,Ancona,1.0,1,1,0,0,complete,False,False
Ancona,2005,Soft wheat,2600.0,10384.0,3.993846153846154,Ancona,1.0,1,1,0,0,complete,False,False
Ancona,2006,Durum wheat,40624.0,178747.0,4.400034462386767,Ancona,1.0,1,1,0,0,complete,False,False
Ancona,2006,Grain maize,2900.0,22890.5,7.893275862068966,Ancona,1.0,1,1,0,0,complete,False,False
Ancona,2006,Soft wheat,2895.0,11511.5,3.9763385146804837,Ancona,1.0,1,1,0,0,complete,False,False
Ancona,2007,Durum wheat,41950.0,146560.0,3.4936829558998808,Ancona,1.0,1,1,0,0,complete,False,False
Ancona,2007,Grain maize,2919.0,23270.1,7.971942446043165,Ancona,1.0,1,1,0,0,complete,False,False
Ancona,2007,Soft wheat,2785.0,8576.5,3.0795332136445244,Ancona,1.0,1,1,0,0,complete,False,False
Ancona,2008,Durum wheat,47822.0,204417.1,4.274541006231441,Ancona,1.0,1,1,0,0,complete,False,False
Ancona,2008,Grain maize,1693.0,13726.5,8.107796810395747,Ancona,1.0,1,1,0,0,complete,False,False
Ancona,2008,Soft wheat,2638.0,9738.4,3.69158453373768,Ancona,1.0,1,1,0,0,complete,False,False
Ancona,2009,Durum wheat,52025.0,214261.7,4.118437289764537,Ancona,1.0,1,1,0,0,complete,False,False
Ancona,2009,Grain maize,1805.0,14950.0,8.282548476454293,Ancona,1.0,1,1,0,0,complete,False,False
Ancona,2009,Soft wheat,1814.0,6779.7,3.737431091510474,Ancona,1.0,1,1,0,0,complete,False,False
Ancona,2010,Durum wheat,42600.0,171000.0,4.014084507042254,Ancona,1.0,1,1,0,0,complete,False,False
Ancona,2010,Grain maize,1800.0,15050.0,8.36111111111111,Ancona,1.0,1,1,0,0,complete,False,False
Ancona,2010,Soft wheat,1580.0,5880.0,3.721518987341772,Ancona,1.0,1,1,0,0,complete,False,False
Ancona,2011,Durum wheat,44200.0,185000.0,4.1855203619909505,Ancona,1.0,1,1,0,0,complete,False,False
Ancona,2011,Grain maize,2120.0,17720.0,8.358490566037736,Ancona,1.0,1,1,0,0,complete,False,False
Ancona,2011,Soft wheat,1280.0,4710.0,3.6796875,Ancona,1.0,1,1,0,0,complete,False,False
Ancona,2012,Durum wheat,50800.0,244000.0,4.803149606299213,Ancona,1.0,1,1,0,0,complete,False,False
Ancona,2012,Grain maize,2250.0,18500.0,8.222222222222221,Ancona,1.0,1,1,0,0,complete,False,False
Ancona,2012,Soft wheat,1520.0,6690.0,4.401315789473684,Ancona,1.0,1,1,0,0,complete,False,False
Ancona,2013,Durum wheat,50200.0,169680.0,3.3800796812749003,Ancona,1.0,1,1,0,0,complete,True,False
Ancona,2013,Grain maize,2220.0,18880.0,8.504504504504505,Ancona,1.0,1,1,0,0,complete,False,False
Ancona,2013,Soft wheat,1480.0,441.0,0.297972972972973,Ancona,1.0,1,1,0,0,complete,True,False
Ancona,2014,Durum wheat,50400.0,192528.0,3.82,Ancona,1.0,1,1,0,0,complete,False,False
Ancona,2014,Grain maize,2350.0,19500.0,8.297872340425531,Ancona,1.0,1,1,0,0,complete,False,False
Ancona,2014,Soft wheat,1310.0,4195.0,3.2022900763358777,Ancona,1.0,1,1,0,0,complete,False,False
Ancona,2015,Durum wheat,49700.0,238860.0,4.806036217303823,Ancona,1.0,1,1,0,0,complete,False,False
Ancona,2015,Grain maize,2460.0,19800.0,8.048780487804878,Ancona,1.0,1,1,0,0,complete,False,False
Ancona,2015,Soft wheat,240.0,935.0,3.8958333333333335,Ancona,1.0,1,1,0,0,complete,False,False
Ancona,2016,Durum wheat,49850.0,241020.0,4.834904714142427,Ancona,1.0,1,1,0,0,complete,False,False
Ancona,2016,Grain maize,2450.0,19650.0,8.020408163265307,Ancona,1.0,1,1,0,0,complete,False,False
Ancona,2016,Soft wheat,220.0,902.0,4.1,Ancona,1.0,1,1,0,0,complete,False,False
Ancona,2017,Durum wheat,49228.0,210005.0,4.2659665231169255,Ancona,1.0,1,1,0,0,complete,False,False
Ancona,2017,Grain maize,2317.0,17750.0,7.660768234786362,Ancona,1.0,1,1,0,0,complete,False,False
Ancona,2017,Soft wheat,210.0,845.0,4.023809523809524,Ancona,1.0,1,1,0,0,complete,False,False
Ancona,2018,Durum wheat,49300.0,211759.3,4.295320486815416,Ancona,1.0,1,1,0,0,complete,False,False
Ancona,2018,Grain maize,2416.0,18375.9,7.605918874172186,Ancona,1.0,1,1,0,0,complete,False,False
Ancona,2018,Soft wheat,220.0,881.2,4.005454545454546,Ancona,1.0,1,1,0,0,complete,False,False
Ancona,2019,Durum wheat,44927.0,196794.1,4.380308055289692,Ancona,1.0,1,1,0,0,complete,False,False
Ancona,2019,Grain maize,2355.0,19646.8,8.342590233545648,Ancona,1.0,1,1,0,0,complete,False,False
Ancona,2019,Soft wheat,218.0,880.0,4.036697247706422,Ancona,1.0,1,1,0,0,complete,False,False
Ancona,2020,Durum wheat,44927.0,196794.1,4.380308055289692,Ancona,1.0,1,1,0,0,complete,False,False
Ancona,2020,Grain maize,2355.0,19646.8,8.342590233545648,Ancona,1.0,1,1,0,0,complete,False,False
Ancona,2020,Soft wheat,218.0,880.0,4.036697247706422,Ancona,1.0,1,1,0,0,complete,False,False
Ancona,2021,Durum wheat,44927.0,196794.1,4.380308055289692,Ancona,1.0,1,1,0,0,complete,False,False
Ancona,2021,Grain maize,2355.0,19646.8,8.342590233545648,Ancona,1.0,1,1,0,0,complete,False,False
Ancona,2021,Soft wheat,218.0,880.0,4.036697247706422,Ancona,1.0,1,1,0,0,complete,False,False
Ancona,2022,Durum wheat,30034.0,135153.8,4.500026636478657,Ancona,1.0,1,1,0,0,complete,False,False
Ancona,2022,Grain maize,996.0,8964.0,9.0,Ancona,1.0,1,1,0,0,complete,False,False
Ancona,2022,Soft wheat,3302.0,9906.0,3.0,Ancona,1.0,1,1,0,0,complete,False,False
Area vasta Sud Sardegna,1995,Durum wheat,49974.56,27688.52,0.5540523018111616,SARDEGNA,1.0,3,3,0,0,complete,False,True
Area vasta Sud Sardegna,1995,Grain maize,1095.4199999999998,7660.6900000000005,6.993381534023481,SARDEGNA,1.0,3,3,0,0,complete,False,True
Area vasta Sud Sardegna,1996,Durum wheat,48425.68,116894.36,2.413891968063226,SARDEGNA,1.0,3,3,0,0,complete,False,True
Area vasta Sud Sardegna,1996,Grain maize,1497.77,10521.56,7.024816894449748,SARDEGNA,1.0,3,3,0,0,complete,False,True
Area vasta Sud Sardegna,1997,Durum wheat,49968.77,42511.229999999996,0.8507559821864736,SARDEGNA,1.0,3,3,0,0,complete,False,True
Area vasta Sud Sardegna,1997,Grain maize,1500.18,13047.79,8.697482968710421,SARDEGNA,1.0,3,3,0,0,complete,True,True
Area vasta Sud Sardegna,1998,Durum wheat,49469.92,107381.67000000001,2.170645717640134,SARDEGNA,1.0,3,3,0,0,complete,False,True
Area vasta Sud Sardegna,1998,Grain maize,1621.62,11679.58,7.202414869081537,SARDEGNA,1.0,3,3,0,0,complete,True,True
Area vasta Sud Sardegna,1999,Durum wheat,50772.32,83379.03,1.6422143010207135,SARDEGNA,1.0,3,3,0,0,complete,False,True
Area vasta Sud Sardegna,1999,Grain maize,1524.49,11679.58,7.6613031243235445,SARDEGNA,1.0,3,3,0,0,complete,False,True
Area vasta Sud Sardegna,2000,Durum wheat,52737.78,46848.25,0.8883242715184446,SARDEGNA,1.0,3,3,0,0,complete,False,True
Area vasta Sud Sardegna,2000,Grain maize,290.47,1509.77,5.197679622680483,SARDEGNA,1.0,3,3,0,0,complete,False,True
Area vasta Sud Sardegna,2001,Durum wheat,52776.700000000004,76338.2,1.446437537777087,SARDEGNA,1.0,3,3,0,0,complete,False,True
Area vasta Sud Sardegna,2001,Grain maize,337.39,1898.6599999999999,5.62749340525801,SARDEGNA,1.0,3,3,0,0,complete,False,True
Area vasta Sud Sardegna,2002,Durum wheat,60796.69,53404.38,0.8784093344555435,SARDEGNA,1.0,3,3,0,0,complete,False,True
Area vasta Sud Sardegna,2002,Grain maize,290.59,1623.74,5.587735297154066,SARDEGNA,1.0,3,3,0,0,complete,False,True
Area vasta Sud Sardegna,2003,Durum wheat,56217.66,58997.86,1.0494542106519553,SARDEGNA,1.0,3,3,0,0,complete,False,True
Area vasta Sud Sardegna,2003,Grain maize,306.2,1648.96,5.385238406270412,SARDEGNA,1.0,3,3,0,0,complete,False,True
Area vasta Sud Sardegna,2004,Durum wheat,56605.659999999996,115028.83,2.032108273271613,SARDEGNA,1.0,3,3,0,0,complete,False,True
Area vasta Sud Sardegna,2004,Grain maize,310.33,1684.6200000000001,5.428479360680567,SARDEGNA,1.0,3,3,0,0,complete,False,True
Area vasta Sud Sardegna,2005,Durum wheat,55112.26,70270.88,1.2750498709361584,SARDEGNA,1.0,3,3,0,0,complete,False,True
Area vasta Sud Sardegna,2005,Grain maize,310.95,1693.3700000000001,5.445795143913813,SARDEGNA,1.0,3,3,0,0,complete,False,True
Area vasta Sud Sardegna,2006,Durum wheat,42670.86,54809.12,1.2844625114187997,SARDEGNA,1.0,3,3,0,0,complete,False,True
Area vasta Sud Sardegna,2006,Grain maize,308.96,1677.05,5.4280489383739,SARDEGNA,1.0,3,3,0,0,complete,False,True
Area vasta Sud Sardegna,2007,Durum wheat,42147.39,60338.66,1.4316108304689805,SARDEGNA,1.0,3,3,0,0,complete,False,True
Area vasta Sud Sardegna,2007,Grain maize,310.15000000000003,1348.74,4.3486699983878765,SARDEGNA,1.0,3,3,0,0,complete,False,True
Area vasta Sud Sardegna,2008,Durum wheat,44208.0,95047.3,2.150002262034021,SARDEGNA,1.0,3,3,0,0,complete,False,False
Area vasta Sud Sardegna,2008,Grain maize,591.0,3516.5,5.950084602368866,SARDEGNA,1.0,3,3,0,0,complete,False,False
Area vasta Sud Sardegna,2008,Soft wheat,132.0,237.60000000000002,1.8000000000000003,SARDEGNA,0.9999999999999999,3,3,0,0,complete,False,False
Area vasta Sud Sardegna,2009,Durum wheat,11530.0,19367.4,1.6797398091934086,SARDEGNA,0.4410739511847982,1,3,2,0,missing_source_data,False,False
Area vasta Sud Sardegna,2009,Grain maize,59.0,320.1,5.42542372881356,SARDEGNA,1.0,3,3,0,0,complete,False,False
Area vasta Sud Sardegna,2010,Durum wheat,29611.0,52680.9,1.7790989834858668,SARDEGNA,1.0,3,3,0,0,complete,False,False
Area vasta Sud Sardegna,2011,Durum wheat,22454.0,43095.3,1.9192705085953505,SARDEGNA,1.0,3,3,0,0,complete,False,False
Area vasta Sud Sardegna,2011,Grain maize,354.0,1680.7,4.74774011299435,SARDEGNA,1.0,3,3,0,0,complete,False,False
Area vasta Sud Sardegna,2012,Durum wheat,23545.0,55122.5,2.3411552346570397,SARDEGNA,1.0,3,3,0,0,complete,False,False
Area vasta Sud Sardegna,2012,Grain maize,563.0,2992.2,5.314742451154529,SARDEGNA,1.0,3,3,0,0,complete,False,False
Area vasta Sud Sardegna,2012,Soft wheat,2.0,3.6,1.8,SARDEGNA,0.025602162870719317,1,3,2,0,missing_source_data,False,False
Area vasta Sud Sardegna,2013,Durum wheat,25204.0,50299.6,1.9956990953816853,SARDEGNA,1.0,3,3,0,0,complete,True,False
Area vasta Sud Sardegna,2013,Grain maize,450.0,2216.5,4.9255555555555555,SARDEGNA,1.0,3,3,0,0,complete,False,False
Area vasta Sud Sardegna,2013,Soft wheat,2.0,3.6,1.8,SARDEGNA,0.025602162870719317,1,3,2,0,missing_source_data,False,False
Area vasta Sud Sardegna,2014,Durum wheat,24687.0,53981.0,2.186616437801272,SARDEGNA,1.0,3,3,0,0,complete,False,False
Area vasta Sud Sardegna,2014,Grain maize,247.0,1936.5,7.840080971659919,SARDEGNA,1.0,3,3,0,0,complete,False,False
Area vasta Sud Sardegna,2014,Soft wheat,2.0,3.6,1.8,SARDEGNA,0.025602162870719317,1,3,2,0,missing_source_data,False,False
Area vasta Sud Sardegna,2015,Durum wheat,24479.0,70104.4,2.8638588177621633,SARDEGNA,1.0,3,3,0,0,complete,False,False
Area vasta Sud Sardegna,2015,Grain maize,217.0,1781.7,8.210599078341014,SARDEGNA,1.0,3,3,0,0,complete,False,False
Area vasta Sud Sardegna,2015,Soft wheat,42.0,183.6,4.371428571428571,SARDEGNA,0.39804194658364733,2,3,1,0,missing_source_data,False,False
Area vasta Sud Sardegna,2016,Durum wheat,24825.0,76079.7,3.0646404833836858,SARDEGNA,1.0,3,3,0,0,complete,False,False
Area vasta Sud Sardegna,2016,Grain maize,159.0,719.6,4.525786163522013,SARDEGNA,1.0,3,3,0,0,complete,False,False
Area vasta Sud Sardegna,2016,Soft wheat,36.0,166.1,4.613888888888889,SARDEGNA,0.372439783712928,1,3,2,0,missing_source_data,False,False
Area vasta Sud Sardegna,2017,Durum wheat,25447.0,67563.2,2.655055605768853,SARDEGNA,1.0,3,3,0,0,complete,False,False
Area vasta Sud Sardegna,2017,Grain maize,54.0,279.3,5.1722222222222225,SARDEGNA,1.0,3,3,0,0,complete,False,False
Area vasta Sud Sardegna,2017,Soft wheat,20.0,61.0,3.05,SARDEGNA,0.372439783712928,1,3,2,0,missing_source_data,False,False
Area vasta Sud Sardegna,2018,Durum wheat,271.34999999999997,728.08,2.6831767090473564,SARDEGNA,1.0,3,3,0,0,complete,False,False
Area vasta Sud Sardegna,2018,Grain maize,1.0,2.8,2.8,SARDEGNA,0.46537204555647005,1,3,2,0,missing_source_data,False,False
Area vasta Sud Sardegna,2019,Durum wheat,196.0,535.3,2.7311224489795918,SARDEGNA,0.4410739511847982,1,1,0,0,complete,False,False
Area vasta Sud Sardegna,2019,Grain maize,1.0,3.1,3.1,SARDEGNA,0.46537204555647005,1,1,0,0,complete,False,False
Area vasta Sud Sardegna,2019,Soft wheat,1.0,0.2,0.2,SARDEGNA,0.025602162870719317,1,1,0,0,complete,False,False
Area vasta Sud Sardegna,2020,Durum wheat,168.0,466.0,2.7738095238095237,SARDEGNA,0.4410739511847982,1,3,2,0,missing_source_data,False,False
Area vasta Sud Sardegna,2020,Soft wheat,1.55,0.16,0.1032258064516129,SARDEGNA,0.9999999999999999,3,3,0,0,complete,True,False
Area vasta Sud Sardegna,2021,Durum wheat,177.0,560.9,3.1689265536723163,SARDEGNA,0.4410739511847982,1,1,0,0,complete,False,False
Area vasta Sud Sardegna,2021,Soft wheat,1.0,0.1,0.1,SARDEGNA,0.025602162870719317,1,1,0,0,complete,False,False
Area vasta Sud Sardegna,2022,Durum wheat,195.0,429.5,2.2025641025641027,SARDEGNA,0.4410739511847982,1,1,0,0,complete,False,False
Arezzo,1995,Durum wheat,2940.0,8055.6,2.74,Arezzo,1.0,1,1,0,0,complete,False,False
Arezzo,1995,Grain maize,5320.0,56700.0,10.657894736842104,Arezzo,1.0,1,1,0,0,complete,False,False
Arezzo,1995,Soft wheat,10870.0,42690.0,3.927322907083717,Arezzo,1.0,1,1,0,0,complete,False,False
Arezzo,1996,Durum wheat,1740.0,6030.0,3.4655172413793105,Arezzo,1.0,1,1,0,0,complete,False,False
Arezzo,1996,Grain maize,5000.0,50000.0,10.0,Arezzo,1.0,1,1,0,0,complete,False,False
Arezzo,1996,Soft wheat,9400.0,37600.0,4.0,Arezzo,1.0,1,1,0,0,complete,False,False
Arezzo,1997,Durum wheat,1700.0,5950.0,3.5,Arezzo,1.0,1,1,0,0,complete,False,False
Arezzo,1997,Grain maize,5500.0,16000.0,2.909090909090909,Arezzo,1.0,1,1,0,0,complete,True,False
Arezzo,1997,Soft wheat,7800.0,31200.0,4.0,Arezzo,1.0,1,1,0,0,complete,False,False
Arezzo,1998,Durum wheat,1300.0,2600.0,2.0,Arezzo,1.0,1,1,0,0,complete,False,False
Arezzo,1998,Grain maize,2000.0,16000.0,8.0,Arezzo,1.0,1,1,0,0,complete,False,False
Arezzo,1998,Soft wheat,6200.0,15500.0,2.5,Arezzo,1.0,1,1,0,0,complete,False,False
Arezzo,1999,Durum wheat,1500.0,6000.0,4.0,Arezzo,1.0,1,1,0,0,complete,False,False
Arezzo,1999,Grain maize,2000.0,16000.0,8.0,Arezzo,1.0,1,1,0,0,complete,False,False
Arezzo,1999,Soft wheat,6000.0,24000.0,4.0,Arezzo,1.0,1,1,0,0,complete,False,False
Arezzo,2000,Durum wheat,2500.0,8000.0,3.2,Arezzo,1.0,1,1,0,0,complete,False,False
Arezzo,2000,Grain maize,2000.0,16000.0,8.0,Arezzo,1.0,1,1,0,0,complete,False,False
Arezzo,2000,Soft wheat,5000.0,20000.0,4.0,Arezzo,1.0,1,1,0,0,complete,False,False
Arezzo,2001,Durum wheat,2500.0,7500.0,3.0,Arezzo,1.0,1,1,0,0,complete,False,False
Arezzo,2001,Grain maize,1500.0,12000.0,8.0,Arezzo,1.0,1,1,0,0,complete,False,False
Arezzo,2001,Soft wheat,4000.0,12000.0,3.0,Arezzo,1.0,1,1,0,0,complete,False,False
Arezzo,2002,Durum wheat,3250.0,11375.0,3.5,Arezzo,1.0,1,1,0,0,complete,False,False
Arezzo,2002,Grain maize,1500.0,12000.0,8.0,Arezzo,1.0,1,1,0,0,complete,False,False
Arezzo,2002,Soft wheat,4400.0,15400.0,3.5,Arezzo,1.0,1,1,0,0,complete,False,False
Arezzo,2003,Durum wheat,2600.0,7800.0,3.0,Arezzo,1.0,1,1,0,0,complete,False,False
Arezzo,2003,Grain maize,2250.0,11250.0,5.0,Arezzo,1.0,1,1,0,0,complete,False,False
Arezzo,2003,Soft wheat,3500.0,10500.0,3.0,Arezzo,1.0,1,1,0,0,complete,False,False
Arezzo,2004,Durum wheat,10000.0,30000.0,3.0,Arezzo,1.0,1,1,0,0,complete,False,False
Arezzo,2004,Grain maize,1600.0,14400.0,9.0,Arezzo,1.0,1,1,0,0,complete,False,False
Arezzo,2004,Soft wheat,2000.0,6000.0,3.0,Arezzo,1.0,1,1,0,0,complete,False,False
Arezzo,2005,Durum wheat,6000.0,18000.0,3.0,Arezzo,1.0,1,1,0,0,complete,False,False
Arezzo,2005,Grain maize,1600.0,14400.0,9.0,Arezzo,1.0,1,1,0,0,complete,False,False
Arezzo,2005,Soft wheat,4000.0,12000.0,3.0,Arezzo,1.0,1,1,0,0,complete,False,False
Arezzo,2006,Durum wheat,4200.0,12600.0,3.0,Arezzo,1.0,1,1,0,0,complete,False,False
Arezzo,2006,Grain maize,1440.0,12960.0,9.0,Arezzo,1.0,1,1,0,0,complete,False,False
Arezzo,2006,Soft wheat,4000.0,12000.0,3.0,Arezzo,1.0,1,1,0,0,complete,False,False
Arezzo,2007,Durum wheat,4500.0,13500.0,3.0,Arezzo,1.0,1,1,0,0,complete,False,False
Arezzo,2007,Grain maize,1000.0,8000.0,8.0,Arezzo,1.0,1,1,0,0,complete,False,False
Arezzo,2007,Soft wheat,3500.0,10500.0,3.0,Arezzo,1.0,1,1,0,0,complete,False,False
Arezzo,2008,Durum wheat,8400.0,25200.0,3.0,Arezzo,1.0,1,1,0,0,complete,False,False
Arezzo,2008,Grain maize,850.0,7650.0,9.0,Arezzo,1.0,1,1,0,0,complete,False,False
Arezzo,2008,Soft wheat,5000.0,15000.0,3.0,Arezzo,1.0,1,1,0,0,complete,False,False
Arezzo,2009,Durum wheat,5880.0,18816.0,3.2,Arezzo,1.0,1,1,0,0,complete,False,False
Arezzo,2009,Grain maize,995.0,3184.0,3.2,Arezzo,1.0,1,1,0,0,complete,False,False
Arezzo,2009,Soft wheat,1592.0,5094.4,3.1999999999999997,Arezzo,1.0,1,1,0,0,complete,False,False
Arezzo,2010,Durum wheat,7200.0,20160.0,2.8,Arezzo,1.0,1,1,0,0,complete,False,False
Arezzo,2010,Grain maize,720.0,6120.0,8.5,Arezzo,1.0,1,1,0,0,complete,False,False
Arezzo,2010,Soft wheat,2700.0,9180.0,3.4,Arezzo,1.0,1,1,0,0,complete,False,False
Arezzo,2011,Durum wheat,5400.0,14580.0,2.7,Arezzo,1.0,1,1,0,0,complete,False,False
Arezzo,2011,Grain maize,800.0,6400.0,8.0,Arezzo,1.0,1,1,0,0,complete,False,False
Arezzo,2011,Soft wheat,2500.0,8000.0,3.2,Arezzo,1.0,1,1,0,0,complete,False,False
Arezzo,2012,Durum wheat,7900.0,25280.0,3.2,Arezzo,1.0,1,1,0,0,complete,False,False
Arezzo,2012,Grain maize,2800.0,14000.0,5.0,Arezzo,1.0,1,1,0,0,complete,False,False
Arezzo,2012,Soft wheat,5600.0,20420.0,3.6464285714285714,Arezzo,1.0,1,1,0,0,complete,True,False
Arezzo,2013,Durum wheat,4700.0,10340.0,2.2,Arezzo,1.0,1,1,0,0,complete,False,False
Arezzo,2013,Grain maize,3900.0,29250.0,7.5,Arezzo,1.0,1,1,0,0,complete,False,False
Arezzo,2013,Soft wheat,5700.0,14820.0,2.6,Arezzo,1.0,1,1,0,0,complete,False,False
Arezzo,2014,Durum wheat,7130.0,19964.0,2.8,Arezzo,1.0,1,1,0,0,complete,False,False
Arezzo,2014,Grain maize,3950.0,26860.0,6.8,Arezzo,1.0,1,1,0,0,complete,False,False
Arezzo,2014,Soft wheat,7460.0,23872.0,3.2,Arezzo,1.0,1,1,0,0,complete,False,False
Arezzo,2015,Durum wheat,8950.0,25060.0,2.8,Arezzo,1.0,1,1,0,0,complete,False,False
Arezzo,2015,Grain maize,3250.0,16900.0,5.2,Arezzo,1.0,1,1,0,0,complete,False,False
Arezzo,2015,Soft wheat,3850.0,12320.0,3.2,Arezzo,1.0,1,1,0,0,complete,False,False
Arezzo,2016,Durum wheat,9200.0,25760.0,2.8,Arezzo,1.0,1,1,0,0,complete,False,False
Arezzo,2016,Grain maize,3000.0,22500.0,7.5,Arezzo,1.0,1,1,0,0,complete,False,False
Arezzo,2016,Soft wheat,3600.0,11520.0,3.2,Arezzo,1.0,1,1,0,0,complete,False,False
Arezzo,2017,Durum wheat,9200.0,22080.0,2.4,Arezzo,1.0,1,1,0,0,complete,False,False
Arezzo,2017,Grain maize,3600.0,21600.0,6.0,Arezzo,1.0,1,1,0,0,complete,False,False
Arezzo,2017,Soft wheat,6500.0,18200.0,2.8,Arezzo,1.0,1,1,0,0,complete,False,False
Arezzo,2018,Durum wheat,7470.0,20169.0,2.7,Arezzo,1.0,1,1,0,0,complete,False,False
Arezzo,2018,Grain maize,2100.0,15750.0,7.5,Arezzo,1.0,1,1,0,0,complete,False,False
Arezzo,2018,Soft wheat,8100.0,28350.0,3.5,Arezzo,1.0,1,1,0,0,complete,False,False
Arezzo,2019,Durum wheat,3950.0,10270.0,2.6,Arezzo,1.0,1,1,0,0,complete,False,False
Arezzo,2019,Grain maize,2320.0,16240.0,7.0,Arezzo,1.0,1,1,0,0,complete,False,False
Arezzo,2019,Soft wheat,7550.0,27180.0,3.6,Arezzo,1.0,1,1,0,0,complete,False,False
Arezzo,2020,Durum wheat,4300.0,12900.0,3.0,Arezzo,1.0,1,1,0,0,complete,False,False
Arezzo,2020,Grain maize,2100.0,14700.0,7.0,Arezzo,1.0,1,1,0,0,complete,False,False
Arezzo,2020,Soft wheat,6500.0,24700.0,3.8,Arezzo,1.0,1,1,0,0,complete,False,False
Arezzo,2021,Durum wheat,5000.0,15000.0,3.0,Arezzo,1.0,1,1,0,0,complete,False,False
Arezzo,2021,Grain maize,1900.0,13300.0,7.0,Arezzo,1.0,1,1,0,0,complete,False,False
Arezzo,2021,Soft wheat,5600.0,20800.0,3.7142857142857144,Arezzo,1.0,1,1,0,0,complete,False,False
Arezzo,2022,Durum wheat,5900.0,18880.0,3.2,Arezzo,1.0,1,1,0,0,complete,False,False
Arezzo,2022,Grain maize,1600.0,3920.0,2.45,Arezzo,1.0,1,1,0,0,complete,False,False
Arezzo,2022,Soft wheat,6010.0,21246.0,3.535108153078203,Arezzo,1.0,1,1,0,0,complete,False,False
Ascoli Piceno,1995,Durum wheat,3720.15,13384.11,3.5977339623402282,MARCHE_FERMO,1.0,1,1,0,0,complete,False,True
Ascoli Piceno,1995,Grain maize,1852.73,11518.17,6.216863763203489,MARCHE_FERMO,1.0,1,1,0,0,complete,False,True
Ascoli Piceno,1995,Soft wheat,7333.6,30978.32,4.224162757717901,MARCHE_FERMO,1.0,1,1,0,0,complete,False,True
Ascoli Piceno,1996,Durum wheat,3597.46,15000.34,4.16970306827595,MARCHE_FERMO,1.0,1,1,0,0,complete,False,True
Ascoli Piceno,1996,Grain maize,1940.18,13021.46,6.711470069787339,MARCHE_FERMO,1.0,1,1,0,0,complete,False,True
Ascoli Piceno,1996,Soft wheat,3747.23,17828.62,4.757813104613274,MARCHE_FERMO,1.0,1,1,0,0,complete,False,True
Ascoli Piceno,1997,Durum wheat,3781.82,16279.28,4.304615238165751,MARCHE_FERMO,1.0,1,1,0,0,complete,False,True
Ascoli Piceno,1997,Grain maize,1878.18,12079.57,6.431529459370241,MARCHE_FERMO,1.0,1,1,0,0,complete,True,True
Ascoli Piceno,1997,Soft wheat,3859.8,17732.88,4.594248406653194,MARCHE_FERMO,1.0,1,1,0,0,complete,False,True
Ascoli Piceno,1998,Durum wheat,7437.36,32720.5,4.399477771682425,MARCHE_FERMO,1.0,1,1,0,0,complete,False,True
Ascoli Piceno,1998,Grain maize,1689.58,11404.94,6.7501627623433045,MARCHE_FERMO,1.0,1,1,0,0,complete,True,True
Ascoli Piceno,1998,Soft wheat,3008.49,13868.57,4.609810901814532,MARCHE_FERMO,1.0,1,1,0,0,complete,False,True
Ascoli Piceno,1999,Durum wheat,6568.1,24931.03,3.795775033875854,MARCHE_FERMO,1.0,1,1,0,0,complete,False,True
Ascoli Piceno,1999,Grain maize,1773.77,11404.94,6.4297738714714985,MARCHE_FERMO,1.0,1,1,0,0,complete,False,True
Ascoli Piceno,1999,Soft wheat,4168.16,18393.64,4.4128920195002115,MARCHE_FERMO,1.0,1,1,0,0,complete,False,True
Ascoli Piceno,2000,Durum wheat,5875.03,21925.05,3.73190434772248,MARCHE_FERMO,1.0,1,1,0,0,complete,False,True
Ascoli Piceno,2000,Grain maize,1804.11,9813.28,5.439402253742843,MARCHE_FERMO,1.0,1,1,0,0,complete,False,True
Ascoli Piceno,2000,Soft wheat,3890.8,16153.33,4.151673177752647,MARCHE_FERMO,1.0,1,1,0,0,complete,False,True
Ascoli Piceno,2001,Durum wheat,5875.36,22567.67,3.841070164211214,MARCHE_FERMO,1.0,1,1,0,0,complete,False,True
Ascoli Piceno,2001,Grain maize,1762.67,11303.46,6.412692109129899,MARCHE_FERMO,1.0,1,1,0,0,complete,False,True
Ascoli Piceno,2001,Soft wheat,3845.12,15811.53,4.112103133322237,MARCHE_FERMO,1.0,1,1,0,0,complete,False,True
Ascoli Piceno,2002,Durum wheat,6151.08,23803.5,3.869808228798845,MARCHE_FERMO,1.0,1,1,0,0,complete,False,True
Ascoli Piceno,2002,Grain maize,1767.89,11432.64,6.466827687242984,MARCHE_FERMO,1.0,1,1,0,0,complete,False,True
Ascoli Piceno,2002,Soft wheat,3767.14,16519.96,4.385279018034902,MARCHE_FERMO,1.0,1,1,0,0,complete,False,True
Ascoli Piceno,2003,Durum wheat,6186.98,23601.78,3.8147496840138486,MARCHE_FERMO,1.0,1,1,0,0,complete,False,True
Ascoli Piceno,2003,Grain maize,1729.06,10073.93,5.8262466311174865,MARCHE_FERMO,1.0,1,1,0,0,complete,False,True
Ascoli Piceno,2003,Soft wheat,3704.16,15444.63,4.169536413113904,MARCHE_FERMO,1.0,1,1,0,0,complete,False,True
Ascoli Piceno,2004,Durum wheat,6702.86,29091.29,4.340130929185452,MARCHE_FERMO,1.0,1,1,0,0,complete,False,True
Ascoli Piceno,2004,Grain maize,1764.96,10534.57,5.968730169522255,MARCHE_FERMO,1.0,1,1,0,0,complete,False,True
Ascoli Piceno,2004,Soft wheat,3551.78,15912.91,4.480263417216156,MARCHE_FERMO,1.0,1,1,0,0,complete,False,True
Ascoli Piceno,2005,Durum wheat,5769.64,25058.16,4.343106328991063,MARCHE_FERMO,1.0,1,1,0,0,complete,False,True
Ascoli Piceno,2005,Grain maize,1671.31,10023.71,5.997516917866823,MARCHE_FERMO,1.0,1,1,0,0,complete,False,True
Ascoli Piceno,2005,Soft wheat,3997.18,18071.35,4.521024822499863,MARCHE_FERMO,1.0,1,1,0,0,complete,False,True
Ascoli Piceno,2006,Durum wheat,5077.23,21832.29,4.300039588515785,MARCHE_FERMO,1.0,1,1,0,0,complete,False,True
Ascoli Piceno,2006,Grain maize,1695.46,10177.82,6.002984440800726,MARCHE_FERMO,1.0,1,1,0,0,complete,False,True
Ascoli Piceno,2006,Soft wheat,3216.99,15475.8,4.810645976518423,MARCHE_FERMO,1.0,1,1,0,0,complete,False,True
Ascoli Piceno,2007,Durum wheat,5481.84,22880.82,4.173930651022284,MARCHE_FERMO,1.0,1,1,0,0,complete,False,True
Ascoli Piceno,2007,Grain maize,1716.34,9324.03,5.432507545125093,MARCHE_FERMO,1.0,1,1,0,0,complete,False,True
Ascoli Piceno,2007,Soft wheat,3589.3,15020.25,4.184729613016465,MARCHE_FERMO,1.0,1,1,0,0,complete,False,True
Ascoli Piceno,2008,Durum wheat,5599.31,24067.87,4.2983635483657805,MARCHE_FERMO,1.0,1,1,0,0,complete,False,True
Ascoli Piceno,2008,Grain maize,995.22,5403.92,5.429874801551415,MARCHE_FERMO,1.0,1,1,0,0,complete,False,True
Ascoli Piceno,2008,Soft wheat,3442.14,15459.81,4.49133678467465,MARCHE_FERMO,1.0,1,1,0,0,complete,False,True
Ascoli Piceno,2009,Durum wheat,5489.35,20233.74,3.685999253099183,MARCHE_FERMO,1.0,1,1,0,0,complete,False,True
Ascoli Piceno,2009,Grain maize,783.12,3896.02,4.974997446112984,MARCHE_FERMO,1.0,1,1,0,0,complete,False,True
Ascoli Piceno,2009,Soft wheat,1942.14,8100.53,4.17093000504598,MARCHE_FERMO,1.0,1,1,0,0,complete,False,True
Ascoli Piceno,2010,Durum wheat,6075.0,29460.0,4.849382716049383,MARCHE_FERMO,1.0,1,1,0,0,complete,False,False
Ascoli Piceno,2010,Grain maize,1200.0,6980.0,5.816666666666666,MARCHE_FERMO,1.0,1,1,0,0,complete,False,False
Ascoli Piceno,2010,Soft wheat,4350.0,21090.0,4.848275862068966,MARCHE_FERMO,1.0,1,1,0,0,complete,False,False
Ascoli Piceno,2011,Durum wheat,5400.0,20736.0,3.84,MARCHE_FERMO,1.0,1,1,0,0,complete,False,False
Ascoli Piceno,2011,Grain maize,1100.0,6450.0,5.863636363636363,MARCHE_FERMO,1.0,1,1,0,0,complete,False,False
Ascoli Piceno,2011,Soft wheat,4400.0,19430.4,4.416,MARCHE_FERMO,1.0,1,1,0,0,complete,False,False
Ascoli Piceno,2012,Durum wheat,6200.0,34025.0,5.487903225806452,MARCHE_FERMO,1.0,1,1,0,0,complete,True,False
Ascoli Piceno,2012,Grain maize,1600.0,7760.0,4.85,MARCHE_FERMO,1.0,1,1,0,0,complete,True,False
Ascoli Piceno,2012,Soft wheat,3500.0,17150.0,4.9,MARCHE_FERMO,1.0,1,1,0,0,complete,True,False
Ascoli Piceno,2013,Durum wheat,6500.0,26208.0,4.032,MARCHE_FERMO,1.0,1,1,0,0,complete,True,False
Ascoli Piceno,2013,Grain maize,1330.0,8385.7,6.305037593984963,MARCHE_FERMO,1.0,1,1,0,0,complete,True,False
Ascoli Piceno,2013,Soft wheat,3700.0,14280.0,3.8594594594594596,MARCHE_FERMO,1.0,1,1,0,0,complete,True,False
Ascoli Piceno,2014,Durum wheat,4100.0,16070.0,3.919512195121951,MARCHE_FERMO,1.0,1,1,0,0,complete,False,False
Ascoli Piceno,2014,Grain maize,1200.0,8230.0,6.858333333333333,MARCHE_FERMO,1.0,1,1,0,0,complete,False,False
Ascoli Piceno,2014,Soft wheat,5600.0,24690.0,4.4089285714285715,MARCHE_FERMO,1.0,1,1,0,0,complete,False,False
Ascoli Piceno,2015,Durum wheat,4700.0,20700.0,4.404255319148936,MARCHE_FERMO,1.0,1,1,0,0,complete,False,False
Ascoli Piceno,2015,Grain maize,960.0,8380.0,8.729166666666666,MARCHE_FERMO,1.0,1,1,0,0,complete,False,False
Ascoli Piceno,2015,Soft wheat,6000.0,28200.0,4.7,MARCHE_FERMO,1.0,1,1,0,0,complete,False,False
Ascoli Piceno,2016,Durum wheat,4900.0,21702.0,4.428979591836734,MARCHE_FERMO,1.0,1,1,0,0,complete,False,False
Ascoli Piceno,2016,Grain maize,965.0,8402.0,8.706735751295337,MARCHE_FERMO,1.0,1,1,0,0,complete,False,False
Ascoli Piceno,2016,Soft wheat,5800.0,26800.0,4.620689655172414,MARCHE_FERMO,1.0,1,1,0,0,complete,False,False
Ascoli Piceno,2017,Durum wheat,4530.0,19550.0,4.315673289183223,MARCHE_FERMO,1.0,1,1,0,0,complete,False,False
Ascoli Piceno,2017,Grain maize,913.0,7205.5,7.8921139101861995,MARCHE_FERMO,1.0,1,1,0,0,complete,False,False
Ascoli Piceno,2017,Soft wheat,5535.0,23520.0,4.249322493224932,MARCHE_FERMO,1.0,1,1,0,0,complete,False,False
Ascoli Piceno,2018,Durum wheat,1484.67,6868.88,4.626536536738803,MARCHE_FERMO,1.0,1,1,0,0,complete,False,False
Ascoli Piceno,2018,Grain maize,952.0,7410.0,7.783613445378151,MARCHE_FERMO,1.0,1,1,0,0,complete,False,False
Ascoli Piceno,2018,Soft wheat,5806.0,24526.4,4.224319669307613,MARCHE_FERMO,1.0,1,1,0,0,complete,False,False
Ascoli Piceno,2019,Durum wheat,4146.0,19563.1,4.718547998070429,MARCHE_FERMO,1.0,1,1,0,0,complete,False,False
Ascoli Piceno,2019,Grain maize,928.0,7922.5,8.53717672413793,MARCHE_FERMO,1.0,1,1,0,0,complete,False,False
Ascoli Piceno,2019,Soft wheat,5761.0,24493.3,4.251570907828502,MARCHE_FERMO,1.0,1,1,0,0,complete,False,False
Ascoli Piceno,2020,Durum wheat,4146.0,19563.1,4.718547998070429,MARCHE_FERMO,1.0,1,1,0,0,complete,False,False
Ascoli Piceno,2020,Grain maize,928.0,7922.5,8.53717672413793,MARCHE_FERMO,1.0,1,1,0,0,complete,False,False
Ascoli Piceno,2020,Soft wheat,5761.0,24493.3,4.251570907828502,MARCHE_FERMO,1.0,1,1,0,0,complete,False,False
Ascoli Piceno,2021,Durum wheat,4146.0,19563.1,4.718547998070429,MARCHE_FERMO,1.0,1,1,0,0,complete,False,False
Ascoli Piceno,2021,Grain maize,928.0,7922.5,8.53717672413793,MARCHE_FERMO,1.0,1,1,0,0,complete,False,False
Ascoli Piceno,2021,Soft wheat,5761.0,24493.3,4.251570907828502,MARCHE_FERMO,1.0,1,1,0,0,complete,False,False
Ascoli Piceno,2022,Durum wheat,3246.0,16230.0,5.0,MARCHE_FERMO,1.0,1,1,0,0,complete,False,False
Ascoli Piceno,2022,Grain maize,255.0,1785.0,7.0,MARCHE_FERMO,1.0,1,1,0,0,complete,False,False
Ascoli Piceno,2022,Soft wheat,1357.0,4071.0,3.0,MARCHE_FERMO,1.0,1,1,0,0,complete,False,False
Asti,1995,Grain maize,12650.0,101200.0,8.0,Asti,1.0,1,1,0,0,complete,False,False
Asti,1995,Soft wheat,9200.0,42504.0,4.62,Asti,1.0,1,1,0,0,complete,False,False
Asti,1996,Grain maize,13630.0,111240.0,8.16140865737344,Asti,1.0,1,1,0,0,complete,False,False
Asti,1996,Soft wheat,10800.0,48855.0,4.523611111111111,Asti,1.0,1,1,0,0,complete,False,False
Asti,1997,Grain maize,12950.0,101910.0,7.86949806949807,Asti,1.0,1,1,0,0,complete,True,False
Asti,1997,Soft wheat,11300.0,30020.0,2.656637168141593,Asti,1.0,1,1,0,0,complete,False,False
Asti,1998,Grain maize,14350.0,119200.0,8.306620209059233,Asti,1.0,1,1,0,0,complete,True,False
Asti,1998,Soft wheat,10950.0,61575.0,5.623287671232877,Asti,1.0,1,1,0,0,complete,False,False
Asti,1999,Grain maize,15560.0,119200.0,7.660668380462725,Asti,1.0,1,1,0,0,complete,False,False
Asti,1999,Soft wheat,10140.0,57015.0,5.622781065088757,Asti,1.0,1,1,0,0,complete,False,False
Asti,2000,Grain maize,14000.0,105000.0,7.5,Asti,1.0,1,1,0,0,complete,False,False
Asti,2000,Soft wheat,10150.0,58000.0,5.714285714285714,Asti,1.0,1,1,0,0,complete,False,False
Asti,2001,Durum wheat,100.0,400.0,4.0,Asti,1.0,1,1,0,0,complete,False,False
Asti,2001,Grain maize,14098.0,105301.7,7.469265143992056,Asti,1.0,1,1,0,0,complete,False,False
Asti,2001,Soft wheat,8000.0,41600.0,5.2,Asti,1.0,1,1,0,0,complete,False,False
Asti,2002,Durum wheat,100.0,420.0,4.2,Asti,1.0,1,1,0,0,complete,False,False
Asti,2002,Grain maize,14098.0,94851.0,6.727975599375798,Asti,1.0,1,1,0,0,complete,False,False
Asti,2002,Soft wheat,8500.0,43680.0,5.138823529411765,Asti,1.0,1,1,0,0,complete,False,False
Asti,2003,Grain maize,10500.0,42000.0,4.0,Asti,1.0,1,1,0,0,complete,False,False
Asti,2003,Soft wheat,11200.0,39200.0,3.5,Asti,1.0,1,1,0,0,complete,False,False
Asti,2004,Durum wheat,120.0,455.0,3.7916666666666665,Asti,1.0,1,1,0,0,complete,False,False
Asti,2004,Grain maize,10500.0,50000.0,4.761904761904762,Asti,1.0,1,1,0,0,complete,False,False
Asti,2004,Soft wheat,11200.0,44560.0,3.9785714285714286,Asti,1.0,1,1,0,0,complete,False,False
Asti,2005,Durum wheat,60.0,300.0,5.0,Asti,1.0,1,1,0,0,complete,False,False
Asti,2005,Grain maize,11000.0,66000.0,6.0,Asti,1.0,1,1,0,0,complete,False,False
Asti,2005,Soft wheat,10600.0,53000.0,5.0,Asti,1.0,1,1,0,0,complete,False,False
Asti,2006,Durum wheat,58.0,232.0,4.0,Asti,1.0,1,1,0,0,complete,False,False
Asti,2006,Grain maize,11800.0,59000.0,5.0,Asti,1.0,1,1,0,0,complete,False,False
Asti,2006,Soft wheat,10200.0,58140.0,5.7,Asti,1.0,1,1,0,0,complete,False,False
Asti,2007,Durum wheat,258.0,958.9,3.716666666666667,Asti,1.0,1,1,0,0,complete,False,False
Asti,2007,Grain maize,11000.0,49100.0,4.463636363636364,Asti,1.0,1,1,0,0,complete,False,False
Asti,2007,Soft wheat,8719.0,41243.1,4.730255763275605,Asti,1.0,1,1,0,0,complete,False,False
Asti,2008,Durum wheat,500.0,1500.0,3.0,Asti,1.0,1,1,0,0,complete,False,False
Asti,2008,Grain maize,10350.0,103500.0,10.0,Asti,1.0,1,1,0,0,complete,False,False
Asti,2008,Soft wheat,10500.0,31500.0,3.0,Asti,1.0,1,1,0,0,complete,False,False
Asti,2009,Durum wheat,154.0,462.0,3.0,Asti,1.0,1,1,0,0,complete,False,False
Asti,2009,Grain maize,10103.0,60618.0,6.0,Asti,1.0,1,1,0,0,complete,False,False
Asti,2009,Soft wheat,7947.0,23841.0,3.0,Asti,1.0,1,1,0,0,complete,False,False
Asti,2010,Durum wheat,304.0,973.6,3.2026315789473685,Asti,1.0,1,1,0,0,complete,False,False
Asti,2010,Grain maize,11724.0,73072.7,6.232744796997611,Asti,1.0,1,1,0,0,complete,False,False
Asti,2010,Soft wheat,9987.0,52146.0,5.221387804145389,Asti,1.0,1,1,0,0,complete,False,False
Asti,2011,Durum wheat,304.0,973.6,3.2026315789473685,Asti,1.0,1,1,0,0,complete,False,False
Asti,2011,Grain maize,11189.0,73089.2,6.532237018500313,Asti,1.0,1,1,0,0,complete,False,False
Asti,2011,Soft wheat,9205.0,38458.5,4.1780010863661055,Asti,1.0,1,1,0,0,complete,False,False
Asti,2012,Durum wheat,48.0,223.3,4.652083333333334,Asti,1.0,1,1,0,0,complete,False,False
Asti,2012,Grain maize,10620.0,90168.1,8.490404896421847,Asti,1.0,1,1,0,0,complete,False,False
Asti,2012,Soft wheat,9228.0,44900.0,4.865626354573038,Asti,1.0,1,1,0,0,complete,False,False
Asti,2013,Durum wheat,30.0,126.0,4.2,Asti,1.0,1,1,0,0,complete,True,False
Asti,2013,Grain maize,10652.0,64077.2,6.015508824633871,Asti,1.0,1,1,0,0,complete,False,False
Asti,2013,Soft wheat,9684.0,44540.0,4.599339116067741,Asti,1.0,1,1,0,0,complete,True,False
Asti,2014,Durum wheat,17.0,76.5,4.5,Asti,1.0,1,1,0,0,complete,False,False
Asti,2014,Grain maize,9680.0,106480.0,11.0,Asti,1.0,1,1,0,0,complete,False,False
Asti,2014,Soft wheat,9870.0,54285.0,5.5,Asti,1.0,1,1,0,0,complete,False,False
Asti,2015,Durum wheat,29.0,145.0,5.0,Asti,1.0,1,1,0,0,complete,False,False
Asti,2015,Grain maize,9471.0,83295.0,8.794741843522331,Asti,1.0,1,1,0,0,complete,False,False
Asti,2015,Soft wheat,8528.0,46904.0,5.5,Asti,1.0,1,1,0,0,complete,False,False
Asti,2016,Durum wheat,116.0,522.0,4.5,Asti,1.0,1,1,0,0,complete,False,False
Asti,2016,Grain maize,9300.0,55537.5,5.971774193548387,Asti,1.0,1,1,0,0,complete,False,False
Asti,2016,Soft wheat,9633.0,57798.0,6.0,Asti,1.0,1,1,0,0,complete,False,False
Asti,2017,Durum wheat,36.0,108.0,3.0,Asti,1.0,1,1,0,0,complete,False,False
Asti,2017,Grain maize,8211.0,32844.0,4.0,Asti,1.0,1,1,0,0,complete,False,False
Asti,2017,Soft wheat,9176.0,32100.0,3.498256320836966,Asti,1.0,1,1,0,0,complete,False,False
Asti,2018,Durum wheat,56.0,196.0,3.5,Asti,1.0,1,1,0,0,complete,False,False
Asti,2018,Grain maize,7618.0,45708.0,6.0,Asti,1.0,1,1,0,0,complete,False,False
Asti,2018,Soft wheat,8798.0,35192.0,4.0,Asti,1.0,1,1,0,0,complete,False,False
Asti,2019,Durum wheat,28.0,97.3,3.475,Asti,1.0,1,1,0,0,complete,False,False
Asti,2019,Grain maize,8536.0,76800.0,8.997188378631678,Asti,1.0,1,1,0,0,complete,False,False
Asti,2019,Soft wheat,7120.0,28478.0,3.9997191011235955,Asti,1.0,1,1,0,0,complete,False,False
Asti,2020,Durum wheat,25.0,100.0,4.0,Asti,1.0,1,1,0,0,complete,False,False
Asti,2020,Grain maize,8249.0,78365.5,9.5,Asti,1.0,1,1,0,0,complete,False,False
Asti,2020,Soft wheat,6628.0,29826.0,4.5,Asti,1.0,1,1,0,0,complete,False,False
Asti,2021,Durum wheat,17.0,98.6,5.8,Asti,1.0,1,1,0,0,complete,False,False
Asti,2021,Grain maize,7809.0,74185.5,9.5,Asti,1.0,1,1,0,0,complete,False,False
Asti,2021,Soft wheat,8319.0,54073.5,6.5,Asti,1.0,1,1,0,0,complete,False,False
Asti,2022,Durum wheat,24.0,144.0,6.0,Asti,1.0,1,1,0,0,complete,False,False
Asti,2022,Grain maize,7390.0,36950.0,5.0,Asti,1.0,1,1,0,0,complete,False,False
Asti,2022,Soft wheat,8352.0,50112.0,6.0,Asti,1.0,1,1,0,0,complete,False,False
Avellino,1995,Durum wheat,36350.0,113448.4,3.121001375515818,Avellino,1.0,1,1,0,0,complete,False,False
Avellino,1995,Grain maize,5000.0,44775.0,8.955,Avellino,1.0,1,1,0,0,complete,False,False
Avellino,1995,Soft wheat,14250.0,42800.0,3.0035087719298246,Avellino,1.0,1,1,0,0,complete,False,False
Avellino,1996,Durum wheat,34150.0,83376.9,2.441490483162518,Avellino,1.0,1,1,0,0,complete,False,False
Avellino,1996,Grain maize,5390.0,30805.0,5.715213358070501,Avellino,1.0,1,1,0,0,complete,False,False
Avellino,1996,Soft wheat,14350.0,38435.0,2.6783972125435542,Avellino,1.0,1,1,0,0,complete,False,False
Avellino,1997,Durum wheat,32200.0,75055.0,2.3309006211180123,Avellino,1.0,1,1,0,0,complete,False,False
Avellino,1997,Grain maize,5870.0,25375.0,4.322827938671209,Avellino,1.0,1,1,0,0,complete,True,False
Avellino,1997,Soft wheat,14680.0,37821.0,2.5763623978201635,Avellino,1.0,1,1,0,0,complete,False,False
Avellino,1998,Durum wheat,33270.0,97439.0,2.9287345957318904,Avellino,1.0,1,1,0,0,complete,False,False
Avellino,1998,Grain maize,5620.0,25518.0,4.540569395017793,Avellino,1.0,1,1,0,0,complete,False,False
Avellino,1998,Soft wheat,14380.0,45095.0,3.135952712100139,Avellino,1.0,1,1,0,0,complete,False,False
Avellino,1999,Durum wheat,33630.0,100129.0,2.9773713945881655,Avellino,1.0,1,1,0,0,complete,False,False
Avellino,1999,Grain maize,5450.0,25518.0,4.6822018348623855,Avellino,1.0,1,1,0,0,complete,False,False
Avellino,1999,Soft wheat,14050.0,43698.0,3.1101779359430606,Avellino,1.0,1,1,0,0,complete,False,False
Avellino,2000,Durum wheat,33710.0,79040.0,2.344704835360427,Avellino,1.0,1,1,0,0,complete,False,False
Avellino,2000,Grain maize,5230.0,17580.0,3.361376673040153,Avellino,1.0,1,1,0,0,complete,False,False
Avellino,2000,Soft wheat,13560.0,31830.0,2.3473451327433628,Avellino,1.0,1,1,0,0,complete,False,False
Avellino,2001,Durum wheat,33610.0,83978.0,2.4986016066646832,Avellino,1.0,1,1,0,0,complete,False,False
Avellino,2001,Grain maize,4070.0,15040.0,3.6953316953316953,Avellino,1.0,1,1,0,0,complete,False,False
Avellino,2001,Soft wheat,12570.0,33752.0,2.685123309466985,Avellino,1.0,1,1,0,0,complete,False,False
Avellino,2002,Durum wheat,33280.0,92998.0,2.7944110576923076,Avellino,1.0,1,1,0,0,complete,False,False
Avellino,2002,Grain maize,4320.0,16050.0,3.7152777777777777,Avellino,1.0,1,1,0,0,complete,False,False
Avellino,2002,Soft wheat,10160.0,30100.0,2.9625984251968505,Avellino,1.0,1,1,0,0,complete,False,False
Avellino,2003,Durum wheat,36870.0,94221.0,2.555492270138324,Avellino,1.0,1,1,0,0,complete,False,False
Avellino,2003,Grain maize,3750.0,10150.0,2.7066666666666666,Avellino,1.0,1,1,0,0,complete,False,False
Avellino,2003,Soft wheat,7900.0,22894.0,2.897974683544304,Avellino,1.0,1,1,0,0,complete,False,False
Avellino,2004,Durum wheat,37000.0,92664.0,2.5044324324324325,Avellino,1.0,1,1,0,0,complete,False,False
Avellino,2004,Grain maize,3600.0,14080.0,3.911111111111111,Avellino,1.0,1,1,0,0,complete,False,False
Avellino,2004,Soft wheat,6210.0,16710.0,2.6908212560386473,Avellino,1.0,1,1,0,0,complete,False,False
Avellino,2005,Durum wheat,38100.0,110354.0,2.8964304461942256,Avellino,1.0,1,1,0,0,complete,False,False
Avellino,2005,Grain maize,3900.0,17800.0,4.564102564102564,Avellino,1.0,1,1,0,0,complete,False,False
Avellino,2005,Soft wheat,5120.0,17501.0,3.4181640625,Avellino,1.0,1,1,0,0,complete,False,False
Avellino,2006,Durum wheat,31000.0,89100.0,2.8741935483870966,Avellino,1.0,1,1,0,0,complete,False,False
Avellino,2006,Grain maize,4270.0,23280.0,5.451990632318501,Avellino,1.0,1,1,0,0,complete,False,False
Avellino,2006,Soft wheat,6300.0,21800.0,3.4603174603174605,Avellino,1.0,1,1,0,0,complete,False,False
Avellino,2007,Durum wheat,28734.0,69300.0,2.411776988932971,Avellino,1.0,1,1,0,0,complete,False,False
Avellino,2007,Grain maize,4170.0,10400.0,2.4940047961630696,Avellino,1.0,1,1,0,0,complete,False,False
Avellino,2007,Soft wheat,4850.0,15284.2,3.1513814432989693,Avellino,1.0,1,1,0,0,complete,False,False
Avellino,2008,Durum wheat,30262.0,95130.0,3.1435463617738417,Avellino,1.0,1,1,0,0,complete,False,False
Avellino,2008,Grain maize,4100.0,16280.0,3.970731707317073,Avellino,1.0,1,1,0,0,complete,False,False
Avellino,2008,Soft wheat,4402.0,16310.0,3.70513402998637,Avellino,1.0,1,1,0,0,complete,False,False
Avellino,2009,Durum wheat,23482.0,50046.2,2.1312579848394515,Avellino,1.0,1,1,0,0,complete,False,False
Avellino,2009,Grain maize,3970.0,17720.0,4.4634760705289676,Avellino,1.0,1,1,0,0,complete,False,False
Avellino,2009,Soft wheat,2400.0,5604.6,2.3352500000000003,Avellino,1.0,1,1,0,0,complete,False,False
Avellino,2010,Durum wheat,4000.0,1020.0,0.255,Avellino,1.0,1,1,0,0,complete,False,False
Avellino,2010,Grain maize,3770.0,17869.8,4.74,Avellino,1.0,1,1,0,0,complete,False,False
Avellino,2010,Soft wheat,29500.0,67070.0,2.2735593220338983,Avellino,1.0,1,1,0,0,complete,False,False
Avellino,2011,Durum wheat,30000.0,68500.0,2.283333333333333,Avellino,1.0,1,1,0,0,complete,False,False
Avellino,2011,Grain maize,4200.0,23300.0,5.5476190476190474,Avellino,1.0,1,1,0,0,complete,False,False
Avellino,2011,Soft wheat,4100.0,10500.0,2.5609756097560976,Avellino,1.0,1,1,0,0,complete,False,False
Avellino,2012,Durum wheat,30000.0,100000.0,3.3333333333333335,Avellino,1.0,1,1,0,0,complete,True,False
Avellino,2012,Grain maize,3500.0,18500.0,5.285714285714286,Avellino,1.0,1,1,0,0,complete,True,False
Avellino,2012,Soft wheat,4500.0,17000.0,3.7777777777777777,Avellino,1.0,1,1,0,0,complete,False,False
Avellino,2013,Durum wheat,32000.0,100000.0,3.125,Avellino,1.0,1,1,0,0,complete,True,False
Avellino,2013,Grain maize,2000.0,12500.0,6.25,Avellino,1.0,1,1,0,0,complete,True,False
Avellino,2013,Soft wheat,5000.0,17000.0,3.4,Avellino,1.0,1,1,0,0,complete,True,False
Avellino,2014,Durum wheat,31700.0,65000.0,2.050473186119874,Avellino,1.0,1,1,0,0,complete,False,False
Avellino,2014,Grain maize,1800.0,11600.0,6.444444444444445,Avellino,1.0,1,1,0,0,complete,False,False
Avellino,2014,Soft wheat,5200.0,11650.0,2.2403846153846154,Avellino,1.0,1,1,0,0,complete,False,False
Avellino,2015,Durum wheat,31000.0,100000.0,3.225806451612903,Avellino,1.0,1,1,0,0,complete,False,False
Avellino,2015,Grain maize,1900.0,9400.0,4.947368421052632,Avellino,1.0,1,1,0,0,complete,False,False
Avellino,2015,Soft wheat,5000.0,18500.0,3.7,Avellino,1.0,1,1,0,0,complete,False,False
Avellino,2016,Durum wheat,31400.0,98000.0,3.121019108280255,Avellino,1.0,1,1,0,0,complete,False,False
Avellino,2016,Grain maize,2200.0,12000.0,5.454545454545454,Avellino,1.0,1,1,0,0,complete,False,False
Avellino,2016,Soft wheat,5200.0,18500.0,3.5576923076923075,Avellino,1.0,1,1,0,0,complete,False,False
Avellino,2017,Durum wheat,31800.0,95000.0,2.9874213836477987,Avellino,1.0,1,1,0,0,complete,False,False
Avellino,2017,Grain maize,2300.0,8000.0,3.4782608695652173,Avellino,1.0,1,1,0,0,complete,False,False
Avellino,2017,Soft wheat,4900.0,12500.0,2.5510204081632653,Avellino,1.0,1,1,0,0,complete,False,False
Avellino,2018,Durum wheat,32300.0,108000.0,3.343653250773994,Avellino,1.0,1,1,0,0,complete,False,False
Avellino,2018,Grain maize,2400.0,13700.0,5.708333333333333,Avellino,1.0,1,1,0,0,complete,False,False
Avellino,2018,Soft wheat,5200.0,19000.0,3.6538461538461537,Avellino,1.0,1,1,0,0,complete,False,False
Avellino,2019,Durum wheat,31000.0,80000.0,2.5806451612903225,Avellino,1.0,1,1,0,0,complete,False,False
Avellino,2019,Grain maize,2600.0,15600.0,6.0,Avellino,1.0,1,1,0,0,complete,False,False
Avellino,2019,Soft wheat,5000.0,14500.0,2.9,Avellino,1.0,1,1,0,0,complete,False,False
Avellino,2020,Durum wheat,31000.0,108500.0,3.5,Avellino,1.0,1,1,0,0,complete,False,False
Avellino,2020,Grain maize,2600.0,15700.0,6.038461538461538,Avellino,1.0,1,1,0,0,complete,False,False
Avellino,2020,Soft wheat,5200.0,23400.0,4.5,Avellino,1.0,1,1,0,0,complete,False,False
Avellino,2021,Durum wheat,31000.0,108500.0,3.5,Avellino,1.0,1,1,0,0,complete,False,False
Avellino,2021,Grain maize,2600.0,15700.0,6.038461538461538,Avellino,1.0,1,1,0,0,complete,False,False
Avellino,2021,Soft wheat,5200.0,23400.0,4.5,Avellino,1.0,1,1,0,0,complete,False,False
Avellino,2022,Durum wheat,31000.0,77500.0,2.5,Avellino,1.0,1,1,0,0,complete,False,False
Avellino,2022,Grain maize,2600.0,15700.0,6.038461538461538,Avellino,1.0,1,1,0,0,complete,False,False
Avellino,2022,Soft wheat,5200.0,18200.0,3.5,Avellino,1.0,1,1,0,0,complete,False,False
Bari,1995,Durum wheat,58534.59,162005.35,2.7676857393209726,PUGLIA_BAT,1.0,1,1,0,0,complete,False,True
Bari,1995,Soft wheat,5662.6,16365.73,2.890144103415392,PUGLIA_BAT,1.0,1,1,0,0,complete,False,True
Bari,1996,Durum wheat,58672.25,154389.12,2.6313822974233987,PUGLIA_BAT,1.0,1,1,0,0,complete,False,True
Bari,1996,Soft wheat,2753.17,7903.97,2.870861588641457,PUGLIA_BAT,1.0,1,1,0,0,complete,False,True
Bari,1997,Durum wheat,61016.16,87253.11,1.430000019666921,PUGLIA_BAT,1.0,1,1,0,0,complete,False,True
Bari,1997,Soft wheat,1004.53,1356.12,1.3500044797069275,PUGLIA_BAT,1.0,1,1,0,0,complete,False,True
Bari,1998,Durum wheat,60755.73,182267.18,2.999999835406471,PUGLIA_BAT,1.0,1,1,0,0,complete,False,True
Bari,1998,Soft wheat,883.99,1953.56,2.20993450152151,PUGLIA_BAT,1.0,1,1,0,0,complete,False,True
Bari,1999,Durum wheat,61266.92,153167.31,2.5000001632202173,PUGLIA_BAT,1.0,1,1,0,0,complete,False,True
Bari,1999,Soft wheat,806.6,1613.21,2.0000123977188196,PUGLIA_BAT,1.0,1,1,0,0,complete,False,True
Bari,2000,Durum wheat,60830.14,156029.27,2.5649993572265326,PUGLIA_BAT,1.0,1,1,0,0,complete,False,True
Bari,2001,Durum wheat,61983.49,88326.48,1.4250001088999666,PUGLIA_BAT,1.0,1,1,0,0,complete,False,True
Bari,2002,Durum wheat,62109.99,161485.97,2.599999935598122,PUGLIA_BAT,1.0,1,1,0,0,complete,False,True
Bari,2003,Durum wheat,61760.26,67936.29,1.1000000647665666,PUGLIA_BAT,1.0,1,1,0,0,complete,False,True
Bari,2004,Durum wheat,61909.08,164468.32,2.6566106296523873,PUGLIA_BAT,1.0,1,1,0,0,complete,False,True
Bari,2005,Durum wheat,62057.9,124115.8,2.0,PUGLIA_BAT,1.0,1,1,0,0,complete,False,True
Bari,2006,Durum wheat,37234.74,95467.97,2.563948882146082,PUGLIA_BAT,1.0,1,1,0,0,complete,False,True
Bari,2006,Soft wheat,2790.37,8929.2,3.2000057340066017,PUGLIA_BAT,1.0,1,1,0,0,complete,False,True
Bari,2007,Durum wheat,40292.99,94872.69,2.354570608932224,PUGLIA_BAT,1.0,1,1,0,0,complete,False,True
Bari,2007,Soft wheat,2381.12,7776.58,3.26593367826905,PUGLIA_BAT,1.0,1,1,0,0,complete,False,True
Bari,2008,Durum wheat,40144.17,104374.84,2.599999950179565,PUGLIA_BAT,1.0,1,1,0,0,complete,False,True
Bari,2008,Soft wheat,1926.47,5722.13,2.970266861150187,PUGLIA_BAT,1.0,1,1,0,0,complete,False,True
Bari,2009,Durum wheat,41862.3,70989.63,1.695789051246587,PUGLIA_BAT,1.0,1,1,0,0,complete,False,True
Bari,2009,Soft wheat,732.19,1286.92,1.7576312159412175,PUGLIA_BAT,1.0,1,1,0,0,complete,False,True
Bari,2010,Durum wheat,33400.0,56800.0,1.7005988023952097,PUGLIA_BAT,1.0,1,1,0,0,complete,False,False
Bari,2010,Soft wheat,1350.0,2475.0,1.8333333333333333,PUGLIA_BAT,1.0,1,1,0,0,complete,False,False
Bari,2011,Durum wheat,33100.0,89300.0,2.697885196374622,PUGLIA_BAT,1.0,1,1,0,0,complete,False,False
Bari,2011,Soft wheat,1300.0,3840.0,2.953846153846154,PUGLIA_BAT,1.0,1,1,0,0,complete,False,False
Bari,2012,Durum wheat,38000.0,98500.0,2.5921052631578947,PUGLIA_BAT,1.0,1,1,0,0,complete,False,False
Bari,2012,Soft wheat,1600.0,4100.0,2.5625,PUGLIA_BAT,1.0,1,1,0,0,complete,False,False
Bari,2013,Durum wheat,39500.0,106640.0,2.699746835443038,PUGLIA_BAT,1.0,1,1,0,0,complete,True,False
Bari,2013,Grain maize,60.0,410.0,6.833333333333333,PUGLIA_BAT,1.0,1,1,0,0,complete,True,False
Bari,2013,Soft wheat,6150.0,13950.0,2.268292682926829,PUGLIA_BAT,1.0,1,1,0,0,complete,True,False
Bari,2014,Durum wheat,40500.0,93100.0,2.2987654320987656,PUGLIA_BAT,1.0,1,1,0,0,complete,False,False
Bari,2014,Grain maize,80.0,610.0,7.625,PUGLIA_BAT,1.0,1,1,0,0,complete,False,False
Bari,2014,Soft wheat,6000.0,12600.0,2.1,PUGLIA_BAT,1.0,1,1,0,0,complete,False,False
Bari,2015,Durum wheat,40500.0,82550.0,2.0382716049382714,PUGLIA_BAT,1.0,1,1,0,0,complete,False,False
Bari,2015,Grain maize,30.0,120.0,4.0,PUGLIA_BAT,1.0,1,1,0,0,complete,False,False
Bari,2015,Soft wheat,6250.0,12150.0,1.944,PUGLIA_BAT,1.0,1,1,0,0,complete,False,False
Bari,2016,Durum wheat,40800.0,121900.0,2.9877450980392157,PUGLIA_BAT,1.0,1,1,0,0,complete,False,False
Bari,2016,Soft wheat,6000.0,16000.0,2.6666666666666665,PUGLIA_BAT,1.0,1,1,0,0,complete,False,False
Bari,2017,Durum wheat,36500.0,69480.0,1.9035616438356164,PUGLIA_BAT,1.0,1,1,0,0,complete,False,False
Bari,2017,Soft wheat,5500.0,10750.0,1.9545454545454546,PUGLIA_BAT,1.0,1,1,0,0,complete,False,False
Bari,2018,Durum wheat,27531.68,53612.37,1.9472974406211319,PUGLIA_BAT,1.0,1,1,0,0,complete,False,False
Bari,2018,Soft wheat,5300.0,10350.0,1.9528301886792452,PUGLIA_BAT,1.0,1,1,0,0,complete,False,False
Bari,2019,Durum wheat,39000.0,81960.0,2.1015384615384614,PUGLIA_BAT,1.0,1,1,0,0,complete,False,False
Bari,2019,Soft wheat,5400.0,12410.0,2.2981481481481483,PUGLIA_BAT,1.0,1,1,0,0,complete,False,False
Bari,2020,Durum wheat,39000.0,77000.0,1.9743589743589745,PUGLIA_BAT,1.0,1,1,0,0,complete,False,False
Bari,2020,Soft wheat,5400.0,11800.0,2.185185185185185,PUGLIA_BAT,1.0,1,1,0,0,complete,False,False
Bari,2021,Durum wheat,39000.0,66300.0,1.7,PUGLIA_BAT,1.0,1,1,0,0,complete,False,False
Bari,2022,Durum wheat,39000.0,65000.0,1.6666666666666667,PUGLIA_BAT,1.0,1,1,0,0,complete,False,False
Barletta-Andria-Trani,1995,Durum wheat,22413.75,62564.68,2.7913526295242876,PUGLIA_BAT,1.0,1,1,0,0,complete,False,True
Barletta-Andria-Trani,1995,Soft wheat,1961.38,5673.62,2.892667407641558,PUGLIA_BAT,1.0,1,1,0,0,complete,False,True
Barletta-Andria-Trani,1996,Durum wheat,22563.61,58822.0,2.606940999246131,PUGLIA_BAT,1.0,1,1,0,0,complete,False,True
Barletta-Andria-Trani,1996,Soft wheat,956.15,2745.53,2.8714427652564978,PUGLIA_BAT,1.0,1,1,0,0,complete,False,True
Barletta-Andria-Trani,1997,Durum wheat,23453.58,34714.21,1.4801241430945722,PUGLIA_BAT,1.0,1,1,0,0,complete,False,True
Barletta-Andria-Trani,1997,Soft wheat,354.79,486.88,1.372304743651174,PUGLIA_BAT,1.0,1,1,0,0,complete,False,True
Barletta-Andria-Trani,1998,Durum wheat,23326.73,70709.93,3.031283424637744,PUGLIA_BAT,1.0,1,1,0,0,complete,False,True
Barletta-Andria-Trani,1998,Soft wheat,313.33,701.66,2.2393642485558356,PUGLIA_BAT,1.0,1,1,0,0,complete,False,True
Barletta-Andria-Trani,1999,Durum wheat,23549.13,60112.37,2.5526365517537166,PUGLIA_BAT,1.0,1,1,0,0,complete,False,True
Barletta-Andria-Trani,1999,Soft wheat,286.72,584.62,2.038992745535714,PUGLIA_BAT,1.0,1,1,0,0,complete,False,True
Barletta-Andria-Trani,2000,Durum wheat,23398.92,60489.24,2.5851295700827217,PUGLIA_BAT,1.0,1,1,0,0,complete,False,True
Barletta-Andria-Trani,2001,Durum wheat,23832.85,33961.81,1.424999947551384,PUGLIA_BAT,1.0,1,1,0,0,complete,False,True
Barletta-Andria-Trani,2002,Durum wheat,23988.19,63351.26,2.6409353936249467,PUGLIA_BAT,1.0,1,1,0,0,complete,False,True
Barletta-Andria-Trani,2003,Durum wheat,23811.99,28497.58,1.196774398107844,PUGLIA_BAT,1.0,1,1,0,0,complete,False,True
Barletta-Andria-Trani,2004,Durum wheat,23853.85,65083.44,2.7284249712310595,PUGLIA_BAT,1.0,1,1,0,0,complete,False,True
Barletta-Andria-Trani,2005,Durum wheat,23532.24,49342.24,2.0967931654615115,PUGLIA_BAT,1.0,1,1,0,0,complete,False,True
Barletta-Andria-Trani,2006,Durum wheat,14995.4,39167.14,2.611943662723235,PUGLIA_BAT,1.0,1,1,0,0,complete,False,True
Barletta-Andria-Trani,2006,Soft wheat,968.95,3097.37,3.1966252128592805,PUGLIA_BAT,1.0,1,1,0,0,complete,False,True
Barletta-Andria-Trani,2007,Durum wheat,16093.75,36877.12,2.29139386407767,PUGLIA_BAT,1.0,1,1,0,0,complete,False,True
Barletta-Andria-Trani,2007,Soft wheat,829.13,2695.84,3.251408102468853,PUGLIA_BAT,1.0,1,1,0,0,complete,False,True
Barletta-Andria-Trani,2008,Durum wheat,16042.57,43332.33,2.701084053240846,PUGLIA_BAT,1.0,1,1,0,0,complete,False,True
Barletta-Andria-Trani,2008,Soft wheat,672.78,2004.88,2.9799934599720563,PUGLIA_BAT,1.0,1,1,0,0,complete,False,True
Barletta-Andria-Trani,2009,Durum wheat,16273.22,29227.04,1.7960207014960776,PUGLIA_BAT,1.0,1,1,0,0,complete,False,True
Barletta-Andria-Trani,2009,Soft wheat,254.91,451.43,1.770938762700561,PUGLIA_BAT,1.0,1,1,0,0,complete,False,True
Barletta-Andria-Trani,2010,Durum wheat,15100.0,35000.0,2.3178807947019866,PUGLIA_BAT,1.0,1,1,0,0,complete,False,False
Barletta-Andria-Trani,2010,Soft wheat,780.0,1380.0,1.7692307692307692,PUGLIA_BAT,1.0,1,1,0,0,complete,False,False
Barletta-Andria-Trani,2011,Durum wheat,15000.0,35600.0,2.3733333333333335,PUGLIA_BAT,1.0,1,1,0,0,complete,False,False
Barletta-Andria-Trani,2011,Soft wheat,760.0,1590.0,2.0921052631578947,PUGLIA_BAT,1.0,1,1,0,0,complete,False,False
Barletta-Andria-Trani,2012,Durum wheat,18700.0,43000.0,2.299465240641711,PUGLIA_BAT,1.0,1,1,0,0,complete,True,False
Barletta-Andria-Trani,2012,Grain maize,20.0,95.0,4.75,PUGLIA_BAT,1.0,1,1,0,0,complete,True,False
Barletta-Andria-Trani,2012,Soft wheat,1400.0,3000.0,2.142857142857143,PUGLIA_BAT,1.0,1,1,0,0,complete,True,False
Barletta-Andria-Trani,2013,Durum wheat,18000.0,45000.0,2.5,PUGLIA_BAT,1.0,1,1,0,0,complete,True,False
Barletta-Andria-Trani,2013,Grain maize,20.0,125.0,6.25,PUGLIA_BAT,1.0,1,1,0,0,complete,True,False
Barletta-Andria-Trani,2013,Soft wheat,2200.0,5200.0,2.3636363636363638,PUGLIA_BAT,1.0,1,1,0,0,complete,True,False
Barletta-Andria-Trani,2014,Durum wheat,18000.0,34000.0,1.8888888888888888,PUGLIA_BAT,1.0,1,1,0,0,complete,False,False
Barletta-Andria-Trani,2014,Soft wheat,2400.0,4100.0,1.7083333333333333,PUGLIA_BAT,1.0,1,1,0,0,complete,False,False
Barletta-Andria-Trani,2015,Durum wheat,18500.0,37000.0,2.0,PUGLIA_BAT,1.0,1,1,0,0,complete,False,False
Barletta-Andria-Trani,2015,Soft wheat,2400.0,4700.0,1.9583333333333333,PUGLIA_BAT,1.0,1,1,0,0,complete,False,False
Barletta-Andria-Trani,2016,Durum wheat,18000.0,38000.0,2.111111111111111,PUGLIA_BAT,1.0,1,1,0,0,complete,False,False
Barletta-Andria-Trani,2016,Soft wheat,2500.0,4700.0,1.88,PUGLIA_BAT,1.0,1,1,0,0,complete,False,False
Barletta-Andria-Trani,2017,Durum wheat,18300.0,37400.0,2.0437158469945356,PUGLIA_BAT,1.0,1,1,0,0,complete,False,False
Barletta-Andria-Trani,2017,Soft wheat,2400.0,4400.0,1.8333333333333333,PUGLIA_BAT,1.0,1,1,0,0,complete,False,False
Barletta-Andria-Trani,2018,Durum wheat,11705.06,25077.96,2.1424888039873355,PUGLIA_BAT,1.0,1,1,0,0,complete,False,False
Barletta-Andria-Trani,2018,Soft wheat,2400.0,4500.0,1.875,PUGLIA_BAT,1.0,1,1,0,0,complete,False,False
Barletta-Andria-Trani,2019,Durum wheat,18000.0,38500.0,2.138888888888889,PUGLIA_BAT,1.0,1,1,0,0,complete,False,False
Barletta-Andria-Trani,2019,Soft wheat,2400.0,4850.0,2.0208333333333335,PUGLIA_BAT,1.0,1,1,0,0,complete,False,False
Barletta-Andria-Trani,2020,Durum wheat,18000.0,39580.0,2.198888888888889,PUGLIA_BAT,1.0,1,1,0,0,complete,False,False
Barletta-Andria-Trani,2020,Soft wheat,2400.0,4880.0,2.033333333333333,PUGLIA_BAT,1.0,1,1,0,0,complete,True,False
Barletta-Andria-Trani,2021,Durum wheat,17500.0,35000.0,2.0,PUGLIA_BAT,1.0,1,1,0,0,complete,False,False
Barletta-Andria-Trani,2022,Durum wheat,17500.0,35000.0,2.0,PUGLIA_BAT,1.0,1,1,0,0,complete,False,False
Belluno,1995,Grain maize,3000.0,15900.0,5.3,Belluno,1.0,1,1,0,0,complete,False,False
Belluno,1996,Grain maize,3030.0,21210.0,7.0,Belluno,1.0,1,1,0,0,complete,False,False
Belluno,1997,Grain maize,3000.0,17100.0,5.7,Belluno,1.0,1,1,0,0,complete,True,False
Belluno,1998,Grain maize,2850.0,22400.0,7.859649122807017,Belluno,1.0,1,1,0,0,complete,True,False
Belluno,1999,Grain maize,2800.0,22400.0,8.0,Belluno,1.0,1,1,0,0,complete,False,False
Belluno,2000,Grain maize,2800.0,23800.0,8.5,Belluno,1.0,1,1,0,0,complete,False,False
Belluno,2001,Grain maize,2850.0,23370.0,8.2,Belluno,1.0,1,1,0,0,complete,False,False
Belluno,2002,Grain maize,2500.0,18750.0,7.5,Belluno,1.0,1,1,0,0,complete,False,False
Belluno,2003,Grain maize,1900.0,11000.0,5.7894736842105265,Belluno,1.0,1,1,0,0,complete,False,False
Belluno,2004,Grain maize,1900.0,16150.0,8.5,Belluno,1.0,1,1,0,0,complete,False,False
Belluno,2004,Soft wheat,1.0,4.0,4.0,Belluno,1.0,1,1,0,0,complete,False,False
Belluno,2005,Grain maize,1900.0,16150.0,8.5,Belluno,1.0,1,1,0,0,complete,False,False
Belluno,2005,Soft wheat,1.0,4.0,4.0,Belluno,1.0,1,1,0,0,complete,False,False
Belluno,2006,Grain maize,1900.0,12800.0,6.7368421052631575,Belluno,1.0,1,1,0,0,complete,False,False
Belluno,2006,Soft wheat,1.0,4.0,4.0,Belluno,1.0,1,1,0,0,complete,False,False
Belluno,2007,Grain maize,1900.0,11300.0,5.947368421052632,Belluno,1.0,1,1,0,0,complete,False,False
Belluno,2007,Soft wheat,1.0,5.0,5.0,Belluno,1.0,1,1,0,0,complete,False,False
Belluno,2008,Grain maize,1900.0,16100.0,8.473684210526315,Belluno,1.0,1,1,0,0,complete,False,False
Belluno,2008,Soft wheat,2.0,7.5,3.75,Belluno,1.0,1,1,0,0,complete,False,False
Belluno,2009,Grain maize,1900.0,15750.0,8.289473684210526,Belluno,1.0,1,1,0,0,complete,False,False
Belluno,2009,Soft wheat,2.0,7.5,3.75,Belluno,1.0,1,1,0,0,complete,False,False
Belluno,2010,Grain maize,1900.0,16000.0,8.421052631578947,Belluno,1.0,1,1,0,0,complete,False,False
Belluno,2010,Soft wheat,2.0,7.5,3.75,Belluno,1.0,1,1,0,0,complete,False,False
Belluno,2011,Grain maize,1900.0,17900.0,9.421052631578947,Belluno,1.0,1,1,0,0,complete,False,False
Belluno,2011,Soft wheat,2.0,7.7,3.85,Belluno,1.0,1,1,0,0,complete,False,False
Belluno,2012,Grain maize,1900.0,18900.0,9.947368421052632,Belluno,1.0,1,1,0,0,complete,False,False
Belluno,2012,Soft wheat,5.0,25.0,5.0,Belluno,1.0,1,1,0,0,complete,True,False
Belluno,2013,Durum wheat,5.0,17.1,3.4200000000000004,Belluno,1.0,1,1,0,0,complete,True,False
Belluno,2013,Grain maize,2802.0,23102.4,8.244967880085653,Belluno,1.0,1,1,0,0,complete,True,False
Belluno,2013,Soft wheat,35.0,205.8,5.88,Belluno,1.0,1,1,0,0,complete,True,False
Belluno,2014,Grain maize,2601.0,21445.2,8.244982698961937,Belluno,1.0,1,1,0,0,complete,False,False
Belluno,2014,Soft wheat,66.0,258.7,3.9196969696969695,Belluno,1.0,1,1,0,0,complete,False,False
Belluno,2015,Durum wheat,2.0,9.4,4.7,Belluno,1.0,1,1,0,0,complete,False,False
Belluno,2015,Grain maize,2262.0,15359.0,6.79000884173298,Belluno,1.0,1,1,0,0,complete,False,False
Belluno,2015,Soft wheat,98.0,374.6,3.822448979591837,Belluno,1.0,1,1,0,0,complete,False,False
Belluno,2016,Durum wheat,4.0,16.9,4.225,Belluno,1.0,1,1,0,0,complete,False,False
Belluno,2016,Grain maize,1570.0,12807.0,8.157324840764332,Belluno,1.0,1,1,0,0,complete,False,False
Belluno,2016,Soft wheat,83.0,323.7,3.9,Belluno,1.0,1,1,0,0,complete,False,False
Belluno,2017,Grain maize,1522.0,10678.0,7.015768725361367,Belluno,1.0,1,1,0,0,complete,False,False
Belluno,2017,Soft wheat,54.0,275.1,5.094444444444445,Belluno,1.0,1,1,0,0,complete,False,False
Belluno,2018,Grain maize,1329.0,10582.0,7.962377727614748,Belluno,1.0,1,1,0,0,complete,False,False
Belluno,2018,Soft wheat,88.0,450.0,5.113636363636363,Belluno,1.0,1,1,0,0,complete,False,False
Belluno,2019,Grain maize,1359.0,10807.0,7.952170713760117,Belluno,1.0,1,1,0,0,complete,False,False
Belluno,2019,Soft wheat,72.0,323.0,4.486111111111111,Belluno,1.0,1,1,0,0,complete,False,False
Belluno,2020,Grain maize,1299.0,11194.0,8.617397998460355,Belluno,1.0,1,1,0,0,complete,False,False
Belluno,2020,Soft wheat,62.0,327.0,5.274193548387097,Belluno,1.0,1,1,0,0,complete,False,False
Belluno,2021,Durum wheat,1.0,3.0,3.0,Belluno,1.0,1,1,0,0,complete,False,False
Belluno,2021,Grain maize,1313.0,9915.5,7.551789794364052,Belluno,1.0,1,1,0,0,complete,False,False
Belluno,2021,Soft wheat,32.0,172.0,5.375,Belluno,1.0,1,1,0,0,complete,False,False
Belluno,2022,Durum wheat,1.0,5.0,5.0,Belluno,1.0,1,1,0,0,complete,False,False
Belluno,2022,Grain maize,1347.0,7120.0,5.285820341499629,Belluno,1.0,1,1,0,0,complete,False,False
Belluno,2022,Soft wheat,70.0,352.0,5.0285714285714285,Belluno,1.0,1,1,0,0,complete,False,False
Benevento,1995,Durum wheat,23200.0,72964.0,3.145,Benevento,1.0,1,1,0,0,complete,False,False
Benevento,1995,Grain maize,6700.0,29650.0,4.425373134328358,Benevento,1.0,1,1,0,0,complete,False,False
Benevento,1995,Soft wheat,10800.0,42220.0,3.9092592592592594,Benevento,1.0,1,1,0,0,complete,False,False
Benevento,1996,Durum wheat,22750.0,60674.3,2.667002197802198,Benevento,1.0,1,1,0,0,complete,False,False
Benevento,1996,Grain maize,6800.0,32361.5,4.759044117647059,Benevento,1.0,1,1,0,0,complete,False,False
Benevento,1996,Soft wheat,10800.0,38880.0,3.6,Benevento,1.0,1,1,0,0,complete,False,False
Benevento,1997,Durum wheat,22100.0,62897.0,2.8460180995475115,Benevento,1.0,1,1,0,0,complete,False,False
Benevento,1997,Grain maize,6919.0,31612.1,4.568882786529845,Benevento,1.0,1,1,0,0,complete,True,False
Benevento,1997,Soft wheat,10250.0,34530.0,3.368780487804878,Benevento,1.0,1,1,0,0,complete,False,False
Benevento,1998,Durum wheat,22100.0,74950.0,3.3914027149321266,Benevento,1.0,1,1,0,0,complete,False,False
Benevento,1998,Grain maize,6909.0,32724.5,4.736503111883051,Benevento,1.0,1,1,0,0,complete,True,False
Benevento,1998,Soft wheat,10000.0,38130.0,3.813,Benevento,1.0,1,1,0,0,complete,False,False
Benevento,1999,Durum wheat,23050.0,78905.0,3.4232104121475055,Benevento,1.0,1,1,0,0,complete,False,False
Benevento,1999,Grain maize,6950.0,32724.5,4.708561151079136,Benevento,1.0,1,1,0,0,complete,False,False
Benevento,1999,Soft wheat,10000.0,39030.0,3.903,Benevento,1.0,1,1,0,0,complete,False,False
Benevento,2000,Durum wheat,23250.0,78140.0,3.3608602150537634,Benevento,1.0,1,1,0,0,complete,False,False
Benevento,2000,Grain maize,6950.0,31319.5,4.506402877697842,Benevento,1.0,1,1,0,0,complete,False,False
Benevento,2000,Soft wheat,8400.0,33600.0,4.0,Benevento,1.0,1,1,0,0,complete,False,False
Benevento,2001,Durum wheat,25900.0,65920.0,2.545173745173745,Benevento,1.0,1,1,0,0,complete,False,False
Benevento,2001,Grain maize,6625.0,31439.0,4.7455094339622645,Benevento,1.0,1,1,0,0,complete,False,False
Benevento,2001,Soft wheat,5000.0,15340.0,3.068,Benevento,1.0,1,1,0,0,complete,False,False
Benevento,2002,Durum wheat,25800.0,90480.0,3.5069767441860464,Benevento,1.0,1,1,0,0,complete,False,False
Benevento,2002,Grain maize,6360.0,33061.0,5.198270440251572,Benevento,1.0,1,1,0,0,complete,False,False
Benevento,2002,Soft wheat,4600.0,18240.0,3.965217391304348,Benevento,1.0,1,1,0,0,complete,False,False
Benevento,2003,Durum wheat,25800.0,66720.0,2.5860465116279068,Benevento,1.0,1,1,0,0,complete,False,False
Benevento,2003,Grain maize,6082.0,24646.0,4.052285432423545,Benevento,1.0,1,1,0,0,complete,False,False
Benevento,2003,Soft wheat,4100.0,11540.0,2.8146341463414632,Benevento,1.0,1,1,0,0,complete,False,False
Benevento,2004,Durum wheat,25800.0,97950.0,3.796511627906977,Benevento,1.0,1,1,0,0,complete,False,False
Benevento,2004,Grain maize,4628.0,20593.5,4.44976231633535,Benevento,1.0,1,1,0,0,complete,False,False
Benevento,2004,Soft wheat,3500.0,14550.0,4.1571428571428575,Benevento,1.0,1,1,0,0,complete,False,False
Benevento,2005,Durum wheat,25900.0,86930.0,3.3563706563706566,Benevento,1.0,1,1,0,0,complete,False,False
Benevento,2005,Grain maize,3983.0,18354.5,4.608209892041175,Benevento,1.0,1,1,0,0,complete,False,False
Benevento,2005,Soft wheat,2800.0,10340.0,3.692857142857143,Benevento,1.0,1,1,0,0,complete,False,False
Benevento,2006,Durum wheat,23000.0,70900.0,3.082608695652174,Benevento,1.0,1,1,0,0,complete,False,False
Benevento,2006,Grain maize,4693.0,20717.0,4.414447048796079,Benevento,1.0,1,1,0,0,complete,False,False
Benevento,2006,Soft wheat,3600.0,13320.0,3.7,Benevento,1.0,1,1,0,0,complete,False,False
Benevento,2007,Durum wheat,21800.0,58940.0,2.7036697247706423,Benevento,1.0,1,1,0,0,complete,False,False
Benevento,2007,Grain maize,4583.0,19623.5,4.281802312895484,Benevento,1.0,1,1,0,0,complete,False,False
Benevento,2007,Soft wheat,4550.0,15625.0,3.434065934065934,Benevento,1.0,1,1,0,0,complete,False,False
Benevento,2008,Durum wheat,21280.0,79030.0,3.713815789473684,Benevento,1.0,1,1,0,0,complete,False,False
Benevento,2008,Grain maize,4520.0,21120.0,4.672566371681416,Benevento,1.0,1,1,0,0,complete,False,False
Benevento,2008,Soft wheat,5000.0,19670.0,3.934,Benevento,1.0,1,1,0,0,complete,False,False
Benevento,2009,Durum wheat,16918.0,46693.7,2.7600011821728336,Benevento,1.0,1,1,0,0,complete,False,False
Benevento,2009,Grain maize,3975.0,18966.0,4.771320754716981,Benevento,1.0,1,1,0,0,complete,False,False
Benevento,2009,Soft wheat,3115.0,10497.6,3.370016051364366,Benevento,1.0,1,1,0,0,complete,False,False
Benevento,2010,Durum wheat,18900.0,45060.0,2.384126984126984,Benevento,1.0,1,1,0,0,complete,False,False
Benevento,2010,Grain maize,3375.0,17342.5,5.138518518518518,Benevento,1.0,1,1,0,0,complete,False,False
Benevento,2010,Soft wheat,5500.0,17655.0,3.21,Benevento,1.0,1,1,0,0,complete,False,False
Benevento,2011,Durum wheat,18100.0,50880.0,2.811049723756906,Benevento,1.0,1,1,0,0,complete,False,False
Benevento,2011,Grain maize,3390.0,16744.9,4.939498525073747,Benevento,1.0,1,1,0,0,complete,False,False
Benevento,2011,Soft wheat,5870.0,22155.0,3.77427597955707,Benevento,1.0,1,1,0,0,complete,False,False
Benevento,2012,Durum wheat,17700.0,61950.0,3.5,Benevento,1.0,1,1,0,0,complete,False,False
Benevento,2012,Grain maize,3250.0,16250.0,5.0,Benevento,1.0,1,1,0,0,complete,False,False
Benevento,2012,Soft wheat,6300.0,26460.0,4.2,Benevento,1.0,1,1,0,0,complete,False,False
Benevento,2013,Durum wheat,17500.0,56000.0,3.2,Benevento,1.0,1,1,0,0,complete,False,False
Benevento,2013,Grain maize,3200.0,16250.0,5.078125,Benevento,1.0,1,1,0,0,complete,False,False
Benevento,2013,Soft wheat,6100.0,24000.0,3.9344262295081966,Benevento,1.0,1,1,0,0,complete,True,False
Benevento,2014,Durum wheat,17500.0,38500.0,2.2,Benevento,1.0,1,1,0,0,complete,False,False
Benevento,2014,Grain maize,3000.0,15000.0,5.0,Benevento,1.0,1,1,0,0,complete,False,False
Benevento,2014,Soft wheat,6100.0,21300.0,3.4918032786885247,Benevento,1.0,1,1,0,0,complete,False,False
Benevento,2015,Durum wheat,17200.0,55040.0,3.2,Benevento,1.0,1,1,0,0,complete,False,False
Benevento,2015,Grain maize,2800.0,15400.0,5.5,Benevento,1.0,1,1,0,0,complete,False,False
Benevento,2015,Soft wheat,6200.0,26660.0,4.3,Benevento,1.0,1,1,0,0,complete,False,False
Benevento,2016,Durum wheat,17500.0,56000.0,3.2,Benevento,1.0,1,1,0,0,complete,False,False
Benevento,2016,Grain maize,2750.0,16500.0,6.0,Benevento,1.0,1,1,0,0,complete,False,False
Benevento,2016,Soft wheat,6200.0,22320.0,3.6,Benevento,1.0,1,1,0,0,complete,False,False
Benevento,2017,Durum wheat,17500.0,54250.0,3.1,Benevento,1.0,1,1,0,0,complete,False,False
Benevento,2017,Grain maize,2750.0,13750.0,5.0,Benevento,1.0,1,1,0,0,complete,False,False
Benevento,2017,Soft wheat,6200.0,21700.0,3.5,Benevento,1.0,1,1,0,0,complete,False,False
Benevento,2018,Durum wheat,17200.0,55040.0,3.2,Benevento,1.0,1,1,0,0,complete,False,False
Benevento,2018,Grain maize,2700.0,14000.0,5.185185185185185,Benevento,1.0,1,1,0,0,complete,False,False
Benevento,2018,Soft wheat,6500.0,22100.0,3.4,Benevento,1.0,1,1,0,0,complete,False,False
Benevento,2019,Durum wheat,17300.0,55500.0,3.208092485549133,Benevento,1.0,1,1,0,0,complete,False,False
Benevento,2019,Grain maize,2700.0,13500.0,5.0,Benevento,1.0,1,1,0,0,complete,False,False
Benevento,2019,Soft wheat,6500.0,22700.0,3.4923076923076923,Benevento,1.0,1,1,0,0,complete,False,False
Benevento,2020,Durum wheat,17200.0,55000.0,3.197674418604651,Benevento,1.0,1,1,0,0,complete,False,False
Benevento,2020,Grain maize,2750.0,14000.0,5.090909090909091,Benevento,1.0,1,1,0,0,complete,False,False
Benevento,2020,Soft wheat,6500.0,22600.0,3.476923076923077,Benevento,1.0,1,1,0,0,complete,False,False
Benevento,2021,Durum wheat,17200.0,50000.0,2.9069767441860463,Benevento,1.0,1,1,0,0,complete,False,False
Benevento,2021,Grain maize,2700.0,12500.0,4.62962962962963,Benevento,1.0,1,1,0,0,complete,False,False
Benevento,2021,Soft wheat,6500.0,22300.0,3.4307692307692306,Benevento,1.0,1,1,0,0,complete,False,False
Benevento,2022,Durum wheat,17250.0,53000.0,3.072463768115942,Benevento,1.0,1,1,0,0,complete,False,False
Benevento,2022,Grain maize,2700.0,12600.0,4.666666666666667,Benevento,1.0,1,1,0,0,complete,False,False
Benevento,2022,Soft wheat,6460.0,22000.0,3.4055727554179565,Benevento,1.0,1,1,0,0,complete,False,False
Bergamo,1995,Grain maize,10000.0,95524.8,9.552480000000001,Bergamo,1.0,1,1,0,0,complete,False,False
Bergamo,1995,Soft wheat,2000.0,9397.0,4.6985,Bergamo,1.0,1,1,0,0,complete,False,False
Bergamo,1996,Grain maize,12000.0,115174.0,9.597833333333334,Bergamo,1.0,1,1,0,0,complete,False,False
Bergamo,1996,Soft wheat,1800.0,10056.0,5.586666666666667,Bergamo,1.0,1,1,0,0,complete,False,False
Bergamo,1997,Grain maize,13720.0,133188.0,9.707580174927113,Bergamo,1.0,1,1,0,0,complete,True,False
Bergamo,1997,Soft wheat,1552.0,6458.2,4.161211340206186,Bergamo,1.0,1,1,0,0,complete,False,False
Bergamo,1998,Grain maize,13150.0,139558.6,10.612821292775665,Bergamo,1.0,1,1,0,0,complete,True,False
Bergamo,1998,Soft wheat,1552.0,8083.0,5.208118556701031,Bergamo,1.0,1,1,0,0,complete,False,False
Bergamo,1999,Grain maize,13350.0,139558.6,10.453827715355805,Bergamo,1.0,1,1,0,0,complete,False,False
Bergamo,1999,Soft wheat,1830.0,9352.3,5.110546448087431,Bergamo,1.0,1,1,0,0,complete,False,False
Bergamo,2000,Grain maize,13500.0,140363.6,10.397303703703704,Bergamo,1.0,1,1,0,0,complete,False,False
Bergamo,2000,Soft wheat,1560.0,8650.0,5.544871794871795,Bergamo,1.0,1,1,0,0,complete,False,False
Bergamo,2001,Grain maize,18246.0,192839.3,10.568853447330921,Bergamo,1.0,1,1,0,0,complete,False,False
Bergamo,2001,Soft wheat,877.0,3946.4,4.4998859749144815,Bergamo,1.0,1,1,0,0,complete,False,False
Bergamo,2002,Grain maize,16450.0,189161.0,11.499148936170213,Bergamo,1.0,1,1,0,0,complete,False,False
Bergamo,2002,Soft wheat,2845.0,15328.3,5.387803163444639,Bergamo,1.0,1,1,0,0,complete,False,False
Bergamo,2003,Grain maize,16870.0,152563.0,9.043449911084766,Bergamo,1.0,1,1,0,0,complete,False,False
Bergamo,2003,Soft wheat,2378.0,11552.2,4.857947855340623,Bergamo,1.0,1,1,0,0,complete,False,False
Bergamo,2004,Grain maize,18000.0,201632.5,11.201805555555556,Bergamo,1.0,1,1,0,0,complete,False,False
Bergamo,2004,Soft wheat,3365.0,19406.2,5.767072808320951,Bergamo,1.0,1,1,0,0,complete,False,False
Bergamo,2005,Grain maize,13419.0,184261.5,13.731388329979879,Bergamo,1.0,1,1,0,0,complete,False,False
Bergamo,2005,Soft wheat,3310.0,19721.4,5.958126888217523,Bergamo,1.0,1,1,0,0,complete,False,False
Bergamo,2006,Grain maize,15432.0,196947.0,12.762247278382581,Bergamo,1.0,1,1,0,0,complete,False,False
Bergamo,2006,Soft wheat,3196.0,21131.9,6.611983729662078,Bergamo,1.0,1,1,0,0,complete,False,False
Bergamo,2007,Durum wheat,21.0,126.0,6.0,Bergamo,1.0,1,1,0,0,complete,False,False
Bergamo,2007,Grain maize,13419.0,184261.5,13.731388329979879,Bergamo,1.0,1,1,0,0,complete,False,False
Bergamo,2007,Soft wheat,4534.0,23682.7,5.223356859285399,Bergamo,1.0,1,1,0,0,complete,False,False
Bergamo,2008,Durum wheat,74.0,347.8,4.7,Bergamo,1.0,1,1,0,0,complete,False,False
Bergamo,2008,Grain maize,14038.0,195502.4,13.92665621883459,Bergamo,1.0,1,1,0,0,complete,False,False
Bergamo,2008,Soft wheat,5100.0,31690.2,6.213764705882353,Bergamo,1.0,1,1,0,0,complete,False,False
Bergamo,2009,Durum wheat,2.0,8.0,4.0,Bergamo,1.0,1,1,0,0,complete,False,False
Bergamo,2009,Grain maize,12600.0,131668.0,10.44984126984127,Bergamo,1.0,1,1,0,0,complete,False,False
Bergamo,2009,Soft wheat,4254.0,25353.8,5.959990597085096,Bergamo,1.0,1,1,0,0,complete,False,False
Bergamo,2010,Durum wheat,2.0,9.0,4.5,Bergamo,1.0,1,1,0,0,complete,False,False
Bergamo,2010,Grain maize,11855.0,117877.0,9.943230704344158,Bergamo,1.0,1,1,0,0,complete,False,False
Bergamo,2010,Soft wheat,4100.0,24492.0,5.973658536585366,Bergamo,1.0,1,1,0,0,complete,False,False
Bergamo,2011,Durum wheat,5.0,21.5,4.3,Bergamo,1.0,1,1,0,0,complete,False,False
Bergamo,2011,Grain maize,12325.0,162659.5,13.197525354969574,Bergamo,1.0,1,1,0,0,complete,False,False
Bergamo,2011,Soft wheat,3570.0,18904.5,5.295378151260504,Bergamo,1.0,1,1,0,0,complete,False,False
Bergamo,2012,Durum wheat,2.0,8.6,4.3,Bergamo,1.0,1,1,0,0,complete,False,False
Bergamo,2012,Grain maize,12300.0,146946.0,11.946829268292683,Bergamo,1.0,1,1,0,0,complete,False,False
Bergamo,2012,Soft wheat,4230.0,22401.5,5.295862884160757,Bergamo,1.0,1,1,0,0,complete,False,False
Bergamo,2013,Durum wheat,4.0,12.0,3.0,Bergamo,1.0,1,1,0,0,complete,False,False
Bergamo,2013,Grain maize,11370.0,79584.0,6.999472295514511,Bergamo,1.0,1,1,0,0,complete,False,False
Bergamo,2013,Soft wheat,4400.0,16240.0,3.690909090909091,Bergamo,1.0,1,1,0,0,complete,False,False
Bergamo,2014,Durum wheat,25.0,100.0,4.0,Bergamo,1.0,1,1,0,0,complete,False,False
Bergamo,2014,Grain maize,11640.0,139048.0,11.945704467353952,Bergamo,1.0,1,1,0,0,complete,False,False
Bergamo,2014,Soft wheat,4210.0,22185.0,5.2695961995249405,Bergamo,1.0,1,1,0,0,complete,False,False
Bergamo,2015,Durum wheat,27.0,132.0,4.888888888888889,Bergamo,1.0,1,1,0,0,complete,False,False
Bergamo,2015,Grain maize,11000.0,126476.0,11.497818181818182,Bergamo,1.0,1,1,0,0,complete,False,False
Bergamo,2015,Soft wheat,4100.0,22472.0,5.480975609756098,Bergamo,1.0,1,1,0,0,complete,False,False
Bergamo,2016,Durum wheat,62.0,306.5,4.943548387096774,Bergamo,1.0,1,1,0,0,complete,False,False
Bergamo,2016,Grain maize,10300.0,118146.0,11.470485436893204,Bergamo,1.0,1,1,0,0,complete,False,False
Bergamo,2016,Soft wheat,4485.0,24998.3,5.573756967670011,Bergamo,1.0,1,1,0,0,complete,False,False
Bergamo,2017,Durum wheat,36.0,178.0,4.944444444444445,Bergamo,1.0,1,1,0,0,complete,False,False
Bergamo,2017,Grain maize,9920.0,108605.0,10.948084677419354,Bergamo,1.0,1,1,0,0,complete,False,False
Bergamo,2017,Soft wheat,4038.0,22836.5,5.655398712233779,Bergamo,1.0,1,1,0,0,complete,False,False
Bergamo,2018,Durum wheat,14.0,62.2,4.442857142857143,Bergamo,1.0,1,1,0,0,complete,False,False
Bergamo,2018,Grain maize,9650.0,111524.0,11.556891191709845,Bergamo,1.0,1,1,0,0,complete,False,False
Bergamo,2018,Soft wheat,4120.0,21536.7,5.227354368932039,Bergamo,1.0,1,1,0,0,complete,False,False
Bergamo,2019,Durum wheat,16.0,83.0,5.1875,Bergamo,1.0,1,1,0,0,complete,False,False
Bergamo,2019,Grain maize,9700.0,105771.0,10.904226804123711,Bergamo,1.0,1,1,0,0,complete,False,False
Bergamo,2019,Soft wheat,3920.0,22218.0,5.667857142857143,Bergamo,1.0,1,1,0,0,complete,False,False
Bergamo,2020,Durum wheat,4.0,21.2,5.3,Bergamo,1.0,1,1,0,0,complete,False,False
Bergamo,2020,Grain maize,9000.0,118883.5,13.209277777777778,Bergamo,1.0,1,1,0,0,complete,False,False
Bergamo,2020,Soft wheat,3400.0,19586.4,5.760705882352942,Bergamo,1.0,1,1,0,0,complete,False,False
Bergamo,2021,Durum wheat,10.0,57.0,5.7,Bergamo,1.0,1,1,0,0,complete,False,False
Bergamo,2021,Grain maize,8780.0,107680.0,12.264236902050113,Bergamo,1.0,1,1,0,0,complete,False,False
Bergamo,2021,Soft wheat,3675.0,23198.5,6.312517006802721,Bergamo,1.0,1,1,0,0,complete,False,False
Bergamo,2022,Durum wheat,5.0,26.5,5.3,Bergamo,1.0,1,1,0,0,complete,False,False
Bergamo,2022,Grain maize,8000.0,79792.5,9.9740625,Bergamo,1.0,1,1,0,0,complete,False,False
Bergamo,2022,Soft wheat,3740.0,22146.5,5.921524064171123,Bergamo,1.0,1,1,0,0,complete,False,False
Biella,1997,Grain maize,9550.0,33750.0,3.5340314136125652,Biella,1.0,1,1,0,0,complete,True,False
Biella,1997,Soft wheat,490.0,1666.0,3.4,Biella,1.0,1,1,0,0,complete,False,False
Biella,1998,Grain maize,4500.0,34200.0,7.6,Biella,1.0,1,1,0,0,complete,True,False
Biella,1998,Soft wheat,400.0,2000.0,5.0,Biella,1.0,1,1,0,0,complete,False,False
Biella,1999,Grain maize,3600.0,34200.0,9.5,Biella,1.0,1,1,0,0,complete,False,False
Biella,1999,Soft wheat,265.0,1325.0,5.0,Biella,1.0,1,1,0,0,complete,False,False
Biella,2000,Grain maize,3700.0,31450.0,8.5,Biella,1.0,1,1,0,0,complete,False,False
Biella,2000,Soft wheat,295.0,1400.0,4.745762711864407,Biella,1.0,1,1,0,0,complete,False,False
Biella,2001,Grain maize,3800.0,31600.0,8.31578947368421,Biella,1.0,1,1,0,0,complete,False,False
Biella,2001,Soft wheat,240.0,1200.0,5.0,Biella,1.0,1,1,0,0,complete,False,False
Biella,2002,Grain maize,3800.0,28485.0,7.496052631578947,Biella,1.0,1,1,0,0,complete,False,False
Biella,2002,Soft wheat,290.0,1260.0,4.344827586206897,Biella,1.0,1,1,0,0,complete,False,False
Biella,2003,Grain maize,3600.0,10000.0,2.7777777777777777,Biella,1.0,1,1,0,0,complete,False,False
Biella,2003,Soft wheat,300.0,1000.0,3.3333333333333335,Biella,1.0,1,1,0,0,complete,False,False
Biella,2004,Grain maize,3780.0,21000.0,5.555555555555555,Biella,1.0,1,1,0,0,complete,False,False
Biella,2004,Soft wheat,310.0,1302.0,4.2,Biella,1.0,1,1,0,0,complete,False,False
Biella,2005,Grain maize,3700.0,35150.0,9.5,Biella,1.0,1,1,0,0,complete,False,False
Biella,2005,Soft wheat,310.0,1550.0,5.0,Biella,1.0,1,1,0,0,complete,False,False
Biella,2006,Grain maize,3730.0,25860.0,6.932975871313673,Biella,1.0,1,1,0,0,complete,False,False
Biella,2006,Soft wheat,308.0,1297.8,4.213636363636364,Biella,1.0,1,1,0,0,complete,False,False
Biella,2007,Grain maize,3400.0,29039.4,8.541,Biella,1.0,1,1,0,0,complete,False,False
Biella,2007,Soft wheat,430.0,2011.3,4.677441860465116,Biella,1.0,1,1,0,0,complete,False,False
Biella,2008,Durum wheat,4.0,17.8,4.45,Biella,1.0,1,1,0,0,complete,False,False
Biella,2008,Grain maize,3340.0,31396.0,9.4,Biella,1.0,1,1,0,0,complete,False,False
Biella,2008,Soft wheat,360.0,1548.0,4.3,Biella,1.0,1,1,0,0,complete,False,False
Biella,2009,Durum wheat,1.0,5.9,5.9,Biella,1.0,1,1,0,0,complete,False,False
Biella,2009,Grain maize,2806.0,23851.0,8.5,Biella,1.0,1,1,0,0,complete,False,False
Biella,2009,Soft wheat,344.0,1548.0,4.5,Biella,1.0,1,1,0,0,complete,False,False
Biella,2010,Durum wheat,2.0,7.9,3.95,Biella,1.0,1,1,0,0,complete,False,False
Biella,2010,Grain maize,2358.0,18095.5,7.674088210347752,Biella,1.0,1,1,0,0,complete,False,False
Biella,2010,Soft wheat,446.0,2276.8,5.10493273542601,Biella,1.0,1,1,0,0,complete,False,False
Biella,2011,Durum wheat,2.0,7.9,3.95,Biella,1.0,1,1,0,0,complete,False,False
Biella,2011,Grain maize,2917.0,24772.9,8.492595131984917,Biella,1.0,1,1,0,0,complete,False,False
Biella,2011,Soft wheat,404.0,1910.8,4.72970297029703,Biella,1.0,1,1,0,0,complete,False,False
Biella,2012,Durum wheat,2.0,7.9,3.95,Biella,1.0,1,1,0,0,complete,False,False
Biella,2012,Grain maize,2009.0,30561.6,15.212344449975111,Biella,1.0,1,1,0,0,complete,False,False
Biella,2012,Soft wheat,165.0,900.0,5.454545454545454,Biella,1.0,1,1,0,0,complete,False,False
Biella,2013,Durum wheat,2.0,7.9,3.95,Biella,1.0,1,1,0,0,complete,False,False
Biella,2013,Grain maize,2005.0,17042.5,8.5,Biella,1.0,1,1,0,0,complete,True,False
Biella,2013,Soft wheat,252.0,1325.0,5.257936507936508,Biella,1.0,1,1,0,0,complete,False,False
Biella,2014,Grain maize,1915.0,17235.0,9.0,Biella,1.0,1,1,0,0,complete,False,False
Biella,2014,Soft wheat,202.0,1050.4,5.2,Biella,1.0,1,1,0,0,complete,False,False
Biella,2015,Durum wheat,2.0,7.9,3.95,Biella,1.0,1,1,0,0,complete,False,False
Biella,2015,Grain maize,1681.0,14289.4,8.500535395597858,Biella,1.0,1,1,0,0,complete,False,False
Biella,2015,Soft wheat,126.0,567.0,4.5,Biella,1.0,1,1,0,0,complete,False,False
Biella,2016,Grain maize,1690.0,14420.0,8.532544378698224,Biella,1.0,1,1,0,0,complete,False,False
Biella,2016,Soft wheat,161.0,805.0,5.0,Biella,1.0,1,1,0,0,complete,False,False
Biella,2017,Durum wheat,2.0,6.6,3.3,Biella,1.0,1,1,0,0,complete,False,False
Biella,2017,Grain maize,1324.0,10600.0,8.006042296072508,Biella,1.0,1,1,0,0,complete,False,False
Biella,2017,Soft wheat,253.0,834.9,3.3,Biella,1.0,1,1,0,0,complete,False,False
Biella,2018,Durum wheat,6.0,24.0,4.0,Biella,1.0,1,1,0,0,complete,False,False
Biella,2018,Grain maize,1344.0,12902.4,9.6,Biella,1.0,1,1,0,0,complete,False,False
Biella,2018,Soft wheat,206.0,906.4,4.3999999999999995,Biella,1.0,1,1,0,0,complete,False,False
Biella,2019,Durum wheat,4.0,15.1,3.775,Biella,1.0,1,1,0,0,complete,False,False
Biella,2019,Grain maize,1441.0,12900.0,8.952116585704372,Biella,1.0,1,1,0,0,complete,False,False
Biella,2019,Soft wheat,193.0,849.0,4.398963730569948,Biella,1.0,1,1,0,0,complete,False,False
Biella,2020,Grain maize,1465.0,14650.0,10.0,Biella,1.0,1,1,0,0,complete,False,False
Biella,2020,Soft wheat,130.0,559.0,4.3,Biella,1.0,1,1,0,0,complete,False,False
Biella,2021,Grain maize,1244.0,13062.0,10.5,Biella,1.0,1,1,0,0,complete,False,False
Biella,2021,Soft wheat,349.0,1535.6,4.3999999999999995,Biella,1.0,1,1,0,0,complete,False,False
Biella,2022,Grain maize,1250.0,10625.0,8.5,Biella,1.0,1,1,0,0,complete,False,False
Biella,2022,Soft wheat,296.0,1184.0,4.0,Biella,1.0,1,1,0,0,complete,False,False
Bologna,1995,Durum wheat,8100.0,36480.0,4.503703703703704,Bologna,1.0,1,1,0,0,complete,False,False
Bologna,1995,Grain maize,6200.0,62000.0,10.0,Bologna,1.0,1,1,0,0,complete,False,False
Bologna,1995,Soft wheat,49900.0,269410.0,5.398997995991984,Bologna,1.0,1,1,0,0,complete,False,False
Bologna,1996,Durum wheat,6400.0,33785.0,5.27890625,Bologna,1.0,1,1,0,0,complete,False,False
Bologna,1996,Grain maize,10000.0,40000.0,4.0,Bologna,1.0,1,1,0,0,complete,False,False
Bologna,1996,Soft wheat,50400.0,303710.0,6.025992063492064,Bologna,1.0,1,1,0,0,complete,False,False
Bologna,1997,Durum wheat,5500.0,29520.0,5.367272727272727,Bologna,1.0,1,1,0,0,complete,False,False
Bologna,1997,Grain maize,7000.0,51245.0,7.320714285714286,Bologna,1.0,1,1,0,0,complete,True,False
Bologna,1997,Soft wheat,47430.0,296800.0,6.25764284208307,Bologna,1.0,1,1,0,0,complete,False,False
Bologna,1998,Durum wheat,10550.0,65345.0,6.193838862559241,Bologna,1.0,1,1,0,0,complete,False,False
Bologna,1998,Grain maize,5800.0,61530.0,10.608620689655172,Bologna,1.0,1,1,0,0,complete,True,False
Bologna,1998,Soft wheat,46800.0,329550.0,7.041666666666667,Bologna,1.0,1,1,0,0,complete,False,False
Bologna,1999,Durum wheat,8200.0,40930.0,4.991463414634146,Bologna,1.0,1,1,0,0,complete,False,False
Bologna,1999,Grain maize,6500.0,61530.0,9.466153846153846,Bologna,1.0,1,1,0,0,complete,False,False
Bologna,1999,Soft wheat,48600.0,283780.0,5.8390946502057615,Bologna,1.0,1,1,0,0,complete,False,False
Bologna,2000,Durum wheat,7800.0,37820.0,4.848717948717948,Bologna,1.0,1,1,0,0,complete,False,False
Bologna,2000,Grain maize,9000.0,89700.0,9.966666666666667,Bologna,1.0,1,1,0,0,complete,False,False
Bologna,2000,Soft wheat,46200.0,263050.0,5.6937229437229435,Bologna,1.0,1,1,0,0,complete,False,False
Bologna,2001,Durum wheat,4300.0,23950.0,5.569767441860465,Bologna,1.0,1,1,0,0,complete,False,False
Bologna,2001,Grain maize,10000.0,89700.0,8.97,Bologna,1.0,1,1,0,0,complete,False,False
Bologna,2001,Soft wheat,49700.0,262700.0,5.285714285714286,Bologna,1.0,1,1,0,0,complete,False,False
Bologna,2002,Durum wheat,5000.0,29310.0,5.862,Bologna,1.0,1,1,0,0,complete,False,False
Bologna,2002,Grain maize,8400.0,78150.0,9.303571428571429,Bologna,1.0,1,1,0,0,complete,False,False
Bologna,2002,Soft wheat,51000.0,312100.0,6.1196078431372545,Bologna,1.0,1,1,0,0,complete,False,False
Bologna,2003,Durum wheat,8400.0,45880.0,5.461904761904762,Bologna,1.0,1,1,0,0,complete,False,False
Bologna,2003,Grain maize,12000.0,82570.0,6.880833333333333,Bologna,1.0,1,1,0,0,complete,False,False
Bologna,2003,Soft wheat,35100.0,190415.0,5.424928774928775,Bologna,1.0,1,1,0,0,complete,False,False
Bologna,2004,Durum wheat,9300.0,57930.0,6.2290322580645165,Bologna,1.0,1,1,0,0,complete,False,False
Bologna,2004,Grain maize,12350.0,122180.0,9.893117408906882,Bologna,1.0,1,1,0,0,complete,False,False
Bologna,2004,Soft wheat,32000.0,209920.0,6.56,Bologna,1.0,1,1,0,0,complete,False,False
Bologna,2005,Durum wheat,9100.0,62815.0,6.902747252747253,Bologna,1.0,1,1,0,0,complete,False,False
Bologna,2005,Grain maize,10500.0,88410.0,8.42,Bologna,1.0,1,1,0,0,complete,False,False
Bologna,2005,Soft wheat,34500.0,245430.0,7.113913043478261,Bologna,1.0,1,1,0,0,complete,False,False
Bologna,2006,Durum wheat,11000.0,68610.0,6.237272727272727,Bologna,1.0,1,1,0,0,complete,False,False
Bologna,2006,Grain maize,12660.0,101500.0,8.017377567140601,Bologna,1.0,1,1,0,0,complete,False,False
Bologna,2006,Soft wheat,32500.0,213530.0,6.570153846153846,Bologna,1.0,1,1,0,0,complete,False,False
Bologna,2007,Durum wheat,14100.0,74300.0,5.2695035460992905,Bologna,1.0,1,1,0,0,complete,False,False
Bologna,2007,Grain maize,12570.0,107565.0,8.55727923627685,Bologna,1.0,1,1,0,0,complete,False,False
Bologna,2007,Soft wheat,36000.0,181170.0,5.0325,Bologna,1.0,1,1,0,0,complete,False,False
Bologna,2008,Durum wheat,18750.0,117450.0,6.264,Bologna,1.0,1,1,0,0,complete,False,False
Bologna,2008,Grain maize,14220.0,128490.0,9.035864978902953,Bologna,1.0,1,1,0,0,complete,False,False
Bologna,2008,Soft wheat,29000.0,196860.0,6.788275862068965,Bologna,1.0,1,1,0,0,complete,False,False
Bologna,2009,Durum wheat,17950.0,85570.0,4.7671309192200555,Bologna,1.0,1,1,0,0,complete,False,False
Bologna,2009,Grain maize,12750.0,110050.0,8.631372549019607,Bologna,1.0,1,1,0,0,complete,False,False
Bologna,2009,Soft wheat,30500.0,176700.0,5.79344262295082,Bologna,1.0,1,1,0,0,complete,False,False
Bologna,2010,Durum wheat,18000.0,102150.0,5.675,Bologna,1.0,1,1,0,0,complete,False,False
Bologna,2010,Grain maize,13200.0,131038.0,9.927121212121213,Bologna,1.0,1,1,0,0,complete,False,False
Bologna,2010,Soft wheat,26500.0,167060.0,6.304150943396227,Bologna,1.0,1,1,0,0,complete,False,False
Bologna,2011,Durum wheat,12350.0,90110.0,7.296356275303644,Bologna,1.0,1,1,0,0,complete,False,False
Bologna,2011,Grain maize,15823.0,166620.0,10.530240788725273,Bologna,1.0,1,1,0,0,complete,False,False
Bologna,2011,Soft wheat,28700.0,218120.0,7.6,Bologna,1.0,1,1,0,0,complete,False,False
Bologna,2012,Durum wheat,13000.0,91445.0,7.034230769230769,Bologna,1.0,1,1,0,0,complete,False,False
Bologna,2012,Grain maize,16435.0,75870.0,4.616367508366292,Bologna,1.0,1,1,0,0,complete,False,False
Bologna,2012,Soft wheat,29700.0,211800.0,7.1313131313131315,Bologna,1.0,1,1,0,0,complete,False,False
Bologna,2013,Durum wheat,10782.0,68299.0,6.33453904655908,Bologna,1.0,1,1,0,0,complete,True,False
Bologna,2013,Grain maize,9368.0,64068.8,6.8391118701964135,Bologna,1.0,1,1,0,0,complete,False,False
Bologna,2013,Soft wheat,31760.0,181963.0,5.729313602015114,Bologna,1.0,1,1,0,0,complete,True,False
Bologna,2014,Durum wheat,11860.0,72179.0,6.085919055649241,Bologna,1.0,1,1,0,0,complete,False,False
Bologna,2014,Grain maize,9212.0,80255.0,8.712006079027356,Bologna,1.0,1,1,0,0,complete,False,False
Bologna,2014,Soft wheat,28907.0,154645.6,5.349763033175356,Bologna,1.0,1,1,0,0,complete,False,False
Bologna,2015,Durum wheat,16548.0,113091.0,6.834118926758521,Bologna,1.0,1,1,0,0,complete,False,False
Bologna,2015,Grain maize,9401.0,77063.7,8.197393894266567,Bologna,1.0,1,1,0,0,complete,False,False
Bologna,2015,Soft wheat,23975.0,151857.7,6.334002085505736,Bologna,1.0,1,1,0,0,complete,False,False
Bologna,2016,Durum wheat,20917.0,150619.6,7.2008222976526275,Bologna,1.0,1,1,0,0,complete,False,False
Bologna,2016,Grain maize,8027.0,76144.0,9.485984801295627,Bologna,1.0,1,1,0,0,complete,False,False
Bologna,2016,Soft wheat,23378.0,170893.9,7.310030798186329,Bologna,1.0,1,1,0,0,complete,False,False
Bologna,2017,Durum wheat,16514.0,128642.8,7.789923701102095,Bologna,1.0,1,1,0,0,complete,False,False
Bologna,2017,Grain maize,8650.0,64415.0,7.446820809248555,Bologna,1.0,1,1,0,0,complete,False,False
Bologna,2017,Soft wheat,20869.0,167062.4,8.005290143274713,Bologna,1.0,1,1,0,0,complete,False,False
Bologna,2018,Durum wheat,16680.0,90097.5,5.4015287769784175,Bologna,1.0,1,1,0,0,complete,False,False
Bologna,2018,Grain maize,6885.0,81965.0,11.90486564996369,Bologna,1.0,1,1,0,0,complete,False,False
Bologna,2018,Soft wheat,24440.0,157792.0,6.456301145662848,Bologna,1.0,1,1,0,0,complete,False,False
Bologna,2019,Durum wheat,14294.0,71971.8,5.035105638729537,Bologna,1.0,1,1,0,0,complete,False,False
Bologna,2019,Grain maize,7484.0,75210.6,10.049518973810796,Bologna,1.0,1,1,0,0,complete,False,False
Bologna,2019,Soft wheat,25353.0,152498.8,6.015019918747288,Bologna,1.0,1,1,0,0,complete,False,False
Bologna,2020,Durum wheat,11924.0,66247.0,5.555769875880577,Bologna,1.0,1,1,0,0,complete,False,False
Bologna,2020,Grain maize,7497.0,82823.0,11.04748566093104,Bologna,1.0,1,1,0,0,complete,False,False
Bologna,2020,Soft wheat,26839.0,176065.2,6.560050672528783,Bologna,1.0,1,1,0,0,complete,False,False
Bologna,2021,Durum wheat,15060.0,105641.3,7.014694555112882,Bologna,1.0,1,1,0,0,complete,False,False
Bologna,2021,Grain maize,7684.0,61283.5,7.975468505986465,Bologna,1.0,1,1,0,0,complete,False,False
Bologna,2021,Soft wheat,26994.0,215013.1,7.96521819663629,Bologna,1.0,1,1,0,0,complete,False,False
Bologna,2022,Durum wheat,18587.0,105129.9,5.656098348307957,Bologna,1.0,1,1,0,0,complete,False,False
Bologna,2022,Grain maize,7402.0,59215.0,7.999864901378006,Bologna,1.0,1,1,0,0,complete,False,False
Bologna,2022,Soft wheat,24838.0,146548.5,5.900173121829455,Bologna,1.0,1,1,0,0,complete,False,False
Brescia,1995,Durum wheat,95.0,447.1,4.706315789473685,Brescia,1.0,1,1,0,0,complete,False,False
Brescia,1995,Grain maize,46145.0,445621.8,9.656989923068588,Brescia,1.0,1,1,0,0,complete,False,False
Brescia,1995,Soft wheat,8480.0,44142.8,5.205518867924528,Brescia,1.0,1,1,0,0,complete,False,False
Brescia,1996,Grain maize,48430.0,451973.3,9.332506710716498,Brescia,1.0,1,1,0,0,complete,False,False
Brescia,1996,Soft wheat,8950.0,47796.3,5.340368715083799,Brescia,1.0,1,1,0,0,complete,False,False
Brescia,1997,Grain maize,49732.0,491180.9,9.876556341993084,Brescia,1.0,1,1,0,0,complete,True,False
Brescia,1997,Soft wheat,6520.0,32896.1,5.045414110429448,Brescia,1.0,1,1,0,0,complete,False,False
Brescia,1998,Grain maize,47200.0,515385.0,10.91917372881356,Brescia,1.0,1,1,0,0,complete,True,False
Brescia,1998,Soft wheat,7108.0,38245.6,5.380641530669668,Brescia,1.0,1,1,0,0,complete,False,False
Brescia,1999,Durum wheat,101.0,523.0,5.178217821782178,Brescia,1.0,1,1,0,0,complete,False,False
Brescia,1999,Grain maize,49465.0,515385.0,10.419185282522996,Brescia,1.0,1,1,0,0,complete,False,False
Brescia,1999,Soft wheat,7000.0,37717.2,5.388171428571428,Brescia,1.0,1,1,0,0,complete,False,False
Brescia,2000,Durum wheat,91.0,453.9,4.987912087912088,Brescia,1.0,1,1,0,0,complete,False,False
Brescia,2000,Grain maize,51835.0,536740.0,10.354779589080737,Brescia,1.0,1,1,0,0,complete,False,False
Brescia,2000,Soft wheat,5830.0,30546.0,5.239451114922813,Brescia,1.0,1,1,0,0,complete,False,False
Brescia,2001,Durum wheat,30.0,144.0,4.8,Brescia,1.0,1,1,0,0,complete,False,False
Brescia,2001,Grain maize,51100.0,586087.0,11.469412915851272,Brescia,1.0,1,1,0,0,complete,False,False
Brescia,2001,Soft wheat,4400.0,22702.0,5.159545454545454,Brescia,1.0,1,1,0,0,complete,False,False
Brescia,2002,Durum wheat,50.0,250.0,5.0,Brescia,1.0,1,1,0,0,complete,False,False
Brescia,2002,Grain maize,51430.0,588667.8,11.446000388878087,Brescia,1.0,1,1,0,0,complete,False,False
Brescia,2002,Soft wheat,8770.0,49471.6,5.641003420752566,Brescia,1.0,1,1,0,0,complete,False,False
Brescia,2003,Durum wheat,516.0,2580.0,5.0,Brescia,1.0,1,1,0,0,complete,False,False
Brescia,2003,Grain maize,53243.0,600212.5,11.273078151118456,Brescia,1.0,1,1,0,0,complete,False,False
Brescia,2003,Soft wheat,5862.0,32143.2,5.48331627430911,Brescia,1.0,1,1,0,0,complete,False,False
Brescia,2004,Durum wheat,618.0,3090.0,5.0,Brescia,1.0,1,1,0,0,complete,False,False
Brescia,2004,Grain maize,56080.0,701776.0,12.513837375178317,Brescia,1.0,1,1,0,0,complete,False,False
Brescia,2004,Soft wheat,6900.0,39324.6,5.699217391304348,Brescia,1.0,1,1,0,0,complete,False,False
Brescia,2005,Durum wheat,618.0,3163.9,5.11957928802589,Brescia,1.0,1,1,0,0,complete,False,False
Brescia,2005,Grain maize,52161.0,657333.3,12.602007246793582,Brescia,1.0,1,1,0,0,complete,False,False
Brescia,2005,Soft wheat,6500.0,38597.0,5.938,Brescia,1.0,1,1,0,0,complete,False,False
Brescia,2006,Durum wheat,664.0,3335.9,5.02394578313253,Brescia,1.0,1,1,0,0,complete,False,False
Brescia,2006,Grain maize,52911.0,639024.2,12.077341195592599,Brescia,1.0,1,1,0,0,complete,False,False
Brescia,2006,Soft wheat,6630.0,39036.8,5.88790346907994,Brescia,1.0,1,1,0,0,complete,False,False
Brescia,2007,Durum wheat,889.0,4287.1,4.822384701912261,Brescia,1.0,1,1,0,0,complete,False,False
Brescia,2007,Grain maize,48600.0,568742.5,11.702520576131688,Brescia,1.0,1,1,0,0,complete,False,False
Brescia,2007,Soft wheat,6900.0,37906.7,5.493724637681159,Brescia,1.0,1,1,0,0,complete,False,False
Brescia,2008,Durum wheat,1450.0,7510.0,5.179310344827586,Brescia,1.0,1,1,0,0,complete,False,False
Brescia,2008,Grain maize,51096.0,603835.7,11.8176706591514,Brescia,1.0,1,1,0,0,complete,False,False
Brescia,2008,Soft wheat,8700.0,56062.5,6.443965517241379,Brescia,1.0,1,1,0,0,complete,False,False
Brescia,2009,Durum wheat,1344.0,6182.4,4.6,Brescia,1.0,1,1,0,0,complete,False,False
Brescia,2009,Grain maize,50000.0,496900.4,9.938008,Brescia,1.0,1,1,0,0,complete,False,False
Brescia,2009,Soft wheat,6816.0,37351.7,5.4800029342723,Brescia,1.0,1,1,0,0,complete,False,False
Brescia,2010,Durum wheat,1300.0,6902.0,5.309230769230769,Brescia,1.0,1,1,0,0,complete,False,False
Brescia,2010,Grain maize,46850.0,517275.0,11.041088580576307,Brescia,1.0,1,1,0,0,complete,False,False
Brescia,2010,Soft wheat,6287.0,36321.8,5.777286464132337,Brescia,1.0,1,1,0,0,complete,False,False
Brescia,2011,Durum wheat,815.0,3527.5,4.328220858895706,Brescia,1.0,1,1,0,0,complete,False,False
Brescia,2011,Grain maize,49000.0,616848.0,12.588734693877552,Brescia,1.0,1,1,0,0,complete,False,False
Brescia,2011,Soft wheat,4373.0,24720.5,5.652984221358335,Brescia,1.0,1,1,0,0,complete,False,False
Brescia,2012,Durum wheat,850.0,3615.0,4.252941176470588,Brescia,1.0,1,1,0,0,complete,False,False
Brescia,2012,Grain maize,49009.0,549359.0,11.20934930318921,Brescia,1.0,1,1,0,0,complete,False,False
Brescia,2012,Soft wheat,4788.0,33392.5,6.974206349206349,Brescia,1.0,1,1,0,0,complete,False,False
Brescia,2013,Durum wheat,600.0,1730.0,2.8833333333333333,Brescia,1.0,1,1,0,0,complete,True,False
Brescia,2013,Grain maize,45577.0,497189.5,10.908780744673848,Brescia,1.0,1,1,0,0,complete,False,False
Brescia,2013,Soft wheat,5900.0,24720.0,4.189830508474576,Brescia,1.0,1,1,0,0,complete,True,False
Brescia,2014,Durum wheat,470.0,2667.0,5.674468085106383,Brescia,1.0,1,1,0,0,complete,False,False
Brescia,2014,Grain maize,43830.0,610272.0,13.923613963039015,Brescia,1.0,1,1,0,0,complete,False,False
Brescia,2014,Soft wheat,5680.0,38688.0,6.811267605633803,Brescia,1.0,1,1,0,0,complete,False,False
Brescia,2015,Durum wheat,1235.0,4800.0,3.88663967611336,Brescia,1.0,1,1,0,0,complete,False,False
Brescia,2015,Grain maize,39120.0,447666.2,11.443410020449898,Brescia,1.0,1,1,0,0,complete,False,False
Brescia,2015,Soft wheat,6200.0,33582.5,5.4165322580645165,Brescia,1.0,1,1,0,0,complete,False,False
Brescia,2016,Durum wheat,2810.0,15760.0,5.608540925266904,Brescia,1.0,1,1,0,0,complete,False,False
Brescia,2016,Grain maize,36362.0,506219.0,13.921648974203839,Brescia,1.0,1,1,0,0,complete,False,False
Brescia,2016,Soft wheat,6605.0,43957.5,6.6551854655563965,Brescia,1.0,1,1,0,0,complete,False,False
Brescia,2017,Durum wheat,1100.0,5050.0,4.590909090909091,Brescia,1.0,1,1,0,0,complete,False,False
Brescia,2017,Grain maize,35626.0,469640.5,13.182521192387583,Brescia,1.0,1,1,0,0,complete,False,False
Brescia,2017,Soft wheat,6300.0,34171.5,5.424047619047619,Brescia,1.0,1,1,0,0,complete,False,False
Brescia,2018,Durum wheat,1020.0,4530.0,4.4411764705882355,Brescia,1.0,1,1,0,0,complete,False,False
Brescia,2018,Grain maize,33726.0,456932.0,13.548360315483603,Brescia,1.0,1,1,0,0,complete,False,False
Brescia,2018,Soft wheat,6000.0,31941.5,5.323583333333334,Brescia,1.0,1,1,0,0,complete,False,False
Brescia,2019,Durum wheat,750.0,3205.0,4.273333333333333,Brescia,1.0,1,1,0,0,complete,False,False
Brescia,2019,Grain maize,33030.0,396395.5,12.001074780502574,Brescia,1.0,1,1,0,0,complete,False,False
Brescia,2019,Soft wheat,5250.0,29337.5,5.588095238095238,Brescia,1.0,1,1,0,0,complete,False,False
Brescia,2020,Durum wheat,495.0,2483.0,5.016161616161616,Brescia,1.0,1,1,0,0,complete,False,False
Brescia,2020,Grain maize,31930.0,415687.5,13.018712809270278,Brescia,1.0,1,1,0,0,complete,False,False
Brescia,2020,Soft wheat,5270.0,31296.0,5.938519924098672,Brescia,1.0,1,1,0,0,complete,False,False
Brescia,2021,Durum wheat,525.0,3282.5,6.252380952380952,Brescia,1.0,1,1,0,0,complete,False,False
Brescia,2021,Grain maize,30680.0,372572.5,12.14382333767927,Brescia,1.0,1,1,0,0,complete,False,False
Brescia,2021,Soft wheat,5060.0,33991.0,6.717588932806324,Brescia,1.0,1,1,0,0,complete,False,False
Brescia,2022,Durum wheat,930.0,5394.0,5.8,Brescia,1.0,1,1,0,0,complete,False,False
Brescia,2022,Grain maize,30030.0,290372.0,9.669397269397269,Brescia,1.0,1,1,0,0,complete,False,False
Brescia,2022,Soft wheat,5258.0,33122.6,6.299467478128566,Brescia,1.0,1,1,0,0,complete,False,False
Brindisi,1995,Durum wheat,10200.0,31350.0,3.073529411764706,Brindisi,1.0,1,1,0,0,complete,False,False
Brindisi,1995,Grain maize,380.0,2774.0,7.3,Brindisi,1.0,1,1,0,0,complete,False,False
Brindisi,1995,Soft wheat,2600.0,5800.0,2.230769230769231,Brindisi,1.0,1,1,0,0,complete,False,False
Brindisi,1996,Durum wheat,9850.0,30703.4,3.117096446700508,Brindisi,1.0,1,1,0,0,complete,False,False
Brindisi,1996,Grain maize,410.0,2856.0,6.965853658536585,Brindisi,1.0,1,1,0,0,complete,False,False
Brindisi,1996,Soft wheat,2480.0,6540.0,2.6370967741935485,Brindisi,1.0,1,1,0,0,complete,False,False
Brindisi,1997,Durum wheat,9835.0,13572.3,1.38,Brindisi,1.0,1,1,0,0,complete,False,False
Brindisi,1997,Grain maize,41.0,400.0,9.75609756097561,Brindisi,1.0,1,1,0,0,complete,True,False
Brindisi,1997,Soft wheat,2460.0,2140.2,0.8699999999999999,Brindisi,1.0,1,1,0,0,complete,False,False
Brindisi,1998,Durum wheat,10850.0,17360.0,1.6,Brindisi,1.0,1,1,0,0,complete,False,False
Brindisi,1998,Grain maize,50.0,290.0,5.8,Brindisi,1.0,1,1,0,0,complete,True,False
Brindisi,1998,Soft wheat,2320.0,2784.0,1.2,Brindisi,1.0,1,1,0,0,complete,False,False
Brindisi,1999,Durum wheat,11550.0,23100.0,2.0,Brindisi,1.0,1,1,0,0,complete,False,False
Brindisi,1999,Grain maize,50.0,290.0,5.8,Brindisi,1.0,1,1,0,0,complete,False,False
Brindisi,1999,Soft wheat,2350.0,2115.0,0.9,Brindisi,1.0,1,1,0,0,complete,False,False
Brindisi,2000,Durum wheat,10967.0,23942.8,2.1831676848728003,Brindisi,1.0,1,1,0,0,complete,False,False
Brindisi,2000,Grain maize,55.0,330.0,6.0,Brindisi,1.0,1,1,0,0,complete,False,False
Brindisi,2000,Soft wheat,2402.0,3394.1,1.413030807660283,Brindisi,1.0,1,1,0,0,complete,False,False
Brindisi,2001,Durum wheat,12900.0,28380.0,2.2,Brindisi,1.0,1,1,0,0,complete,False,False
Brindisi,2001,Grain maize,58.0,385.0,6.637931034482759,Brindisi,1.0,1,1,0,0,complete,False,False
Brindisi,2001,Soft wheat,2340.0,2340.0,1.0,Brindisi,1.0,1,1,0,0,complete,False,False
Brindisi,2002,Durum wheat,14700.0,22050.0,1.5,Brindisi,1.0,1,1,0,0,complete,False,False
Brindisi,2002,Grain maize,75.0,450.0,6.0,Brindisi,1.0,1,1,0,0,complete,False,False
Brindisi,2002,Soft wheat,2400.0,2880.0,1.2,Brindisi,1.0,1,1,0,0,complete,False,False
Brindisi,2003,Durum wheat,15200.0,18540.0,1.2197368421052632,Brindisi,1.0,1,1,0,0,complete,False,False
Brindisi,2003,Grain maize,80.0,560.0,7.0,Brindisi,1.0,1,1,0,0,complete,False,False
Brindisi,2003,Soft wheat,1855.0,1855.0,1.0,Brindisi,1.0,1,1,0,0,complete,False,False
Brindisi,2004,Durum wheat,16500.0,29700.0,1.8,Brindisi,1.0,1,1,0,0,complete,False,False
Brindisi,2004,Grain maize,80.0,800.0,10.0,Brindisi,1.0,1,1,0,0,complete,False,False
Brindisi,2004,Soft wheat,1850.0,2590.0,1.4,Brindisi,1.0,1,1,0,0,complete,False,False
Brindisi,2005,Durum wheat,17300.0,25950.0,1.5,Brindisi,1.0,1,1,0,0,complete,False,False
Brindisi,2005,Grain maize,80.0,620.0,7.75,Brindisi,1.0,1,1,0,0,complete,False,False
Brindisi,2005,Soft wheat,1800.0,2160.0,1.2,Brindisi,1.0,1,1,0,0,complete,False,False
Brindisi,2006,Durum wheat,17500.0,38000.0,2.1714285714285713,Brindisi,1.0,1,1,0,0,complete,False,False
Brindisi,2006,Grain maize,85.0,680.0,8.0,Brindisi,1.0,1,1,0,0,complete,False,False
Brindisi,2006,Soft wheat,2500.0,3520.0,1.408,Brindisi,1.0,1,1,0,0,complete,False,False
Brindisi,2007,Durum wheat,17300.0,34600.0,2.0,Brindisi,1.0,1,1,0,0,complete,False,False
Brindisi,2007,Grain maize,80.0,600.0,7.5,Brindisi,1.0,1,1,0,0,complete,False,False
Brindisi,2007,Soft wheat,2450.0,3675.0,1.5,Brindisi,1.0,1,1,0,0,complete,False,False
Brindisi,2008,Durum wheat,17300.0,43250.0,2.5,Brindisi,1.0,1,1,0,0,complete,False,False
Brindisi,2008,Grain maize,90.0,675.0,7.5,Brindisi,1.0,1,1,0,0,complete,False,False
Brindisi,2008,Soft wheat,2500.0,4250.0,1.7,Brindisi,1.0,1,1,0,0,complete,False,False
Brindisi,2009,Durum wheat,20609.0,37096.2,1.7999999999999998,Brindisi,1.0,1,1,0,0,complete,False,False
Brindisi,2009,Grain maize,90.0,800.0,8.88888888888889,Brindisi,1.0,1,1,0,0,complete,False,False
Brindisi,2009,Soft wheat,667.0,1000.5,1.5,Brindisi,1.0,1,1,0,0,complete,False,False
Brindisi,2010,Durum wheat,17500.0,4000.0,0.22857142857142856,Brindisi,1.0,1,1,0,0,complete,False,False
Brindisi,2010,Grain maize,85.0,765.0,9.0,Brindisi,1.0,1,1,0,0,complete,False,False
Brindisi,2010,Soft wheat,2100.0,4600.0,2.1904761904761907,Brindisi,1.0,1,1,0,0,complete,False,False
Brindisi,2011,Durum wheat,17000.0,47600.0,2.8,Brindisi,1.0,1,1,0,0,complete,False,False
Brindisi,2011,Grain maize,90.0,855.0,9.5,Brindisi,1.0,1,1,0,0,complete,False,False
Brindisi,2011,Soft wheat,2000.0,5000.0,2.5,Brindisi,1.0,1,1,0,0,complete,False,False
Brindisi,2012,Durum wheat,17200.0,41000.0,2.383720930232558,Brindisi,1.0,1,1,0,0,complete,False,False
Brindisi,2012,Grain maize,85.0,680.0,8.0,Brindisi,1.0,1,1,0,0,complete,False,False
Brindisi,2012,Soft wheat,2000.0,4000.0,2.0,Brindisi,1.0,1,1,0,0,complete,False,False
Brindisi,2013,Durum wheat,16500.0,43000.0,2.606060606060606,Brindisi,1.0,1,1,0,0,complete,False,False
Brindisi,2013,Grain maize,80.0,850.0,10.625,Brindisi,1.0,1,1,0,0,complete,True,False
Brindisi,2013,Soft wheat,1800.0,3800.0,2.111111111111111,Brindisi,1.0,1,1,0,0,complete,False,False
Brindisi,2014,Durum wheat,17300.0,44000.0,2.5433526011560694,Brindisi,1.0,1,1,0,0,complete,False,False
Brindisi,2014,Grain maize,90.0,990.0,11.0,Brindisi,1.0,1,1,0,0,complete,False,False
Brindisi,2014,Soft wheat,1900.0,3600.0,1.894736842105263,Brindisi,1.0,1,1,0,0,complete,False,False
Brindisi,2015,Durum wheat,17500.0,72500.0,4.142857142857143,Brindisi,1.0,1,1,0,0,complete,False,False
Brindisi,2015,Grain maize,90.0,1400.0,15.555555555555555,Brindisi,1.0,1,1,0,0,complete,False,False
Brindisi,2015,Soft wheat,1820.0,3560.0,1.956043956043956,Brindisi,1.0,1,1,0,0,complete,False,False
Brindisi,2016,Durum wheat,18000.0,65000.0,3.611111111111111,Brindisi,1.0,1,1,0,0,complete,False,False
Brindisi,2016,Grain maize,95.0,1600.0,16.842105263157894,Brindisi,1.0,1,1,0,0,complete,False,False
Brindisi,2016,Soft wheat,1700.0,3300.0,1.9411764705882353,Brindisi,1.0,1,1,0,0,complete,False,False
Brindisi,2017,Durum wheat,18500.0,59000.0,3.189189189189189,Brindisi,1.0,1,1,0,0,complete,False,False
Brindisi,2017,Grain maize,90.0,1500.0,16.666666666666668,Brindisi,1.0,1,1,0,0,complete,False,False
Brindisi,2017,Soft wheat,1650.0,2800.0,1.696969696969697,Brindisi,1.0,1,1,0,0,complete,False,False
Brindisi,2018,Durum wheat,19000.0,63000.0,3.3157894736842106,Brindisi,1.0,1,1,0,0,complete,False,False
Brindisi,2018,Grain maize,90.0,2100.0,23.333333333333332,Brindisi,1.0,1,1,0,0,complete,False,False
Brindisi,2018,Soft wheat,1600.0,3000.0,1.875,Brindisi,1.0,1,1,0,0,complete,False,False
Brindisi,2019,Durum wheat,17500.0,62500.0,3.5714285714285716,Brindisi,1.0,1,1,0,0,complete,False,False
Brindisi,2019,Grain maize,85.0,400.0,4.705882352941177,Brindisi,1.0,1,1,0,0,complete,False,False
Brindisi,2019,Soft wheat,1400.0,2660.0,1.9,Brindisi,1.0,1,1,0,0,complete,False,False
Brindisi,2020,Durum wheat,16800.0,57000.0,3.392857142857143,Brindisi,1.0,1,1,0,0,complete,False,False
Brindisi,2020,Grain maize,85.0,650.0,7.647058823529412,Brindisi,1.0,1,1,0,0,complete,False,False
Brindisi,2020,Soft wheat,1200.0,2400.0,2.0,Brindisi,1.0,1,1,0,0,complete,False,False
Brindisi,2021,Durum wheat,16500.0,54000.0,3.272727272727273,Brindisi,1.0,1,1,0,0,complete,False,False
Brindisi,2021,Grain maize,85.0,800.0,9.411764705882353,Brindisi,1.0,1,1,0,0,complete,False,False
Brindisi,2021,Soft wheat,1100.0,2200.0,2.0,Brindisi,1.0,1,1,0,0,complete,False,False
Brindisi,2022,Durum wheat,16700.0,39000.0,2.3353293413173652,Brindisi,1.0,1,1,0,0,complete,False,False
Brindisi,2022,Grain maize,75.0,700.0,9.333333333333334,Brindisi,1.0,1,1,0,0,complete,False,False
Brindisi,2022,Soft wheat,1000.0,1700.0,1.7,Brindisi,1.0,1,1,0,0,complete,False,False
Caltanissetta,1995,Durum wheat,59900.0,51154.6,0.854,Caltanissetta,1.0,1,1,0,0,complete,False,False
Caltanissetta,1996,Durum wheat,58900.0,139167.7,2.3627792869269952,Caltanissetta,1.0,1,1,0,0,complete,False,False
Caltanissetta,1997,Durum wheat,54918.0,132469.0,2.4121235296259878,Caltanissetta,1.0,1,1,0,0,complete,False,False
Caltanissetta,1998,Durum wheat,51851.0,120368.7,2.321434494995275,Caltanissetta,1.0,1,1,0,0,complete,False,False
Caltanissetta,1999,Durum wheat,49785.0,115666.9,2.323328311740484,Caltanissetta,1.0,1,1,0,0,complete,False,False
Caltanissetta,2000,Durum wheat,49785.0,73450.7,1.4753580395701515,Caltanissetta,1.0,1,1,0,0,complete,False,False
Caltanissetta,2001,Durum wheat,49785.0,121803.7,2.4465943557296375,Caltanissetta,1.0,1,1,0,0,complete,False,False
Caltanissetta,2002,Durum wheat,49785.0,19032.7,0.38229788088781763,Caltanissetta,1.0,1,1,0,0,complete,False,False
Caltanissetta,2003,Durum wheat,48500.0,113490.0,2.34,Caltanissetta,1.0,1,1,0,0,complete,False,False
Caltanissetta,2004,Durum wheat,48000.0,122304.0,2.548,Caltanissetta,1.0,1,1,0,0,complete,False,False
Caltanissetta,2005,Durum wheat,44000.0,96140.0,2.185,Caltanissetta,1.0,1,1,0,0,complete,False,False
Caltanissetta,2006,Durum wheat,41000.0,101470.0,2.474878048780488,Caltanissetta,1.0,1,1,0,0,complete,False,False
Caltanissetta,2007,Durum wheat,40000.0,100000.0,2.5,Caltanissetta,1.0,1,1,0,0,complete,False,False
Caltanissetta,2008,Durum wheat,41000.0,101300.0,2.470731707317073,Caltanissetta,1.0,1,1,0,0,complete,False,False
Caltanissetta,2009,Durum wheat,25418.0,52954.2,2.083334644739948,Caltanissetta,1.0,1,1,0,0,complete,False,False
Caltanissetta,2010,Durum wheat,36000.0,85390.0,2.3719444444444444,Caltanissetta,1.0,1,1,0,0,complete,False,False
Caltanissetta,2011,Durum wheat,35000.0,93500.0,2.6714285714285713,Caltanissetta,1.0,1,1,0,0,complete,False,False
Caltanissetta,2012,Durum wheat,40000.0,108000.0,2.7,Caltanissetta,1.0,1,1,0,0,complete,True,False
Caltanissetta,2013,Durum wheat,45000.0,112500.0,2.5,Caltanissetta,1.0,1,1,0,0,complete,False,False
Caltanissetta,2014,Durum wheat,43000.0,128000.0,2.9767441860465116,Caltanissetta,1.0,1,1,0,0,complete,False,False
Caltanissetta,2015,Durum wheat,43000.0,120400.0,2.8,Caltanissetta,1.0,1,1,0,0,complete,False,False
Caltanissetta,2016,Durum wheat,43000.0,107500.0,2.5,Caltanissetta,1.0,1,1,0,0,complete,False,False
Caltanissetta,2017,Durum wheat,43000.0,120400.0,2.8,Caltanissetta,1.0,1,1,0,0,complete,False,False
Caltanissetta,2018,Durum wheat,41000.0,123000.0,3.0,Caltanissetta,1.0,1,1,0,0,complete,False,False
Caltanissetta,2019,Durum wheat,32800.0,91840.0,2.8,Caltanissetta,1.0,1,1,0,0,complete,False,False
Caltanissetta,2020,Durum wheat,32800.0,91840.0,2.8,Caltanissetta,1.0,1,1,0,0,complete,False,False
Caltanissetta,2021,Durum wheat,32800.0,91840.0,2.8,Caltanissetta,1.0,1,1,0,0,complete,False,False
Caltanissetta,2022,Durum wheat,32800.0,82000.0,2.5,Caltanissetta,1.0,1,1,0,0,complete,False,False
Campobasso,1995,Durum wheat,2250.0,6300.0,2.8,Campobasso,1.0,1,1,0,0,complete,False,False
Campobasso,1995,Grain maize,2000.0,16500.0,8.25,Campobasso,1.0,1,1,0,0,complete,False,False
Campobasso,1995,Soft wheat,1680.0,5376.0,3.2,Campobasso,1.0,1,1,0,0,complete,False,False
Campobasso,1996,Durum wheat,2300.0,6182.4,2.6879999999999997,Campobasso,1.0,1,1,0,0,complete,False,False
Campobasso,1996,Grain maize,2000.0,16500.0,8.25,Campobasso,1.0,1,1,0,0,complete,False,False
Campobasso,1996,Soft wheat,1700.0,5440.0,3.2,Campobasso,1.0,1,1,0,0,complete,False,False
Campobasso,1997,Durum wheat,2300.0,6900.0,3.0,Campobasso,1.0,1,1,0,0,complete,False,False
Campobasso,1997,Grain maize,2000.0,12000.0,6.0,Campobasso,1.0,1,1,0,0,complete,True,False
Campobasso,1997,Soft wheat,1700.0,5780.0,3.4,Campobasso,1.0,1,1,0,0,complete,False,False
Campobasso,1998,Durum wheat,2300.0,6900.0,3.0,Campobasso,1.0,1,1,0,0,complete,False,False
Campobasso,1998,Grain maize,1500.0,16000.0,10.666666666666666,Campobasso,1.0,1,1,0,0,complete,True,False
Campobasso,1998,Soft wheat,1700.0,5100.0,3.0,Campobasso,1.0,1,1,0,0,complete,False,False
Campobasso,1999,Durum wheat,2313.0,6875.4,2.9725032425421527,Campobasso,1.0,1,1,0,0,complete,False,False
Campobasso,1999,Grain maize,1900.0,16000.0,8.421052631578947,Campobasso,1.0,1,1,0,0,complete,False,False
Campobasso,1999,Soft wheat,1720.0,5352.7,3.11203488372093,Campobasso,1.0,1,1,0,0,complete,False,False
Campobasso,2000,Durum wheat,2303.0,6326.9,2.747242726877985,Campobasso,1.0,1,1,0,0,complete,False,False
Campobasso,2000,Grain maize,1870.0,12164.4,6.505026737967914,Campobasso,1.0,1,1,0,0,complete,False,False
Campobasso,2000,Soft wheat,1705.0,5201.4,3.0506744868035187,Campobasso,1.0,1,1,0,0,complete,False,False
Campobasso,2001,Durum wheat,2330.0,6901.5,2.9620171673819744,Campobasso,1.0,1,1,0,0,complete,False,False
Campobasso,2001,Grain maize,1854.0,12432.0,6.705501618122978,Campobasso,1.0,1,1,0,0,complete,False,False
Campobasso,2001,Soft wheat,1725.0,5298.0,3.071304347826087,Campobasso,1.0,1,1,0,0,complete,False,False
Campobasso,2002,Durum wheat,2330.0,7246.6,3.110128755364807,Campobasso,1.0,1,1,0,0,complete,False,False
Campobasso,2002,Grain maize,1345.0,8497.0,6.317472118959108,Campobasso,1.0,1,1,0,0,complete,False,False
Campobasso,2002,Soft wheat,1466.0,5404.0,3.6862210095497954,Campobasso,1.0,1,1,0,0,complete,False,False
Campobasso,2003,Durum wheat,2283.0,6814.0,2.9846692947875604,Campobasso,1.0,1,1,0,0,complete,False,False
Campobasso,2003,Grain maize,1365.0,7650.0,5.604395604395604,Campobasso,1.0,1,1,0,0,complete,False,False
Campobasso,2003,Soft wheat,1522.0,5073.4,3.333377135348226,Campobasso,1.0,1,1,0,0,complete,False,False
Campobasso,2004,Durum wheat,2314.0,7068.9,3.0548401037165083,Campobasso,1.0,1,1,0,0,complete,False,False
Campobasso,2004,Grain maize,1300.0,7870.0,6.053846153846154,Campobasso,1.0,1,1,0,0,complete,False,False
Campobasso,2004,Soft wheat,1571.0,5287.3,3.3655633354551244,Campobasso,1.0,1,1,0,0,complete,False,False
Campobasso,2005,Durum wheat,1817.0,5269.3,2.9,Campobasso,1.0,1,1,0,0,complete,False,False
Campobasso,2005,Grain maize,1300.0,3900.0,3.0,Campobasso,1.0,1,1,0,0,complete,False,False
Campobasso,2005,Soft wheat,782.0,2502.4,3.2,Campobasso,1.0,1,1,0,0,complete,False,False
Campobasso,2006,Durum wheat,1800.0,5250.0,2.9166666666666665,Campobasso,1.0,1,1,0,0,complete,False,False
Campobasso,2006,Grain maize,1300.0,3900.0,3.0,Campobasso,1.0,1,1,0,0,complete,False,False
Campobasso,2006,Soft wheat,800.0,2560.0,3.2,Campobasso,1.0,1,1,0,0,complete,False,False
Campobasso,2007,Durum wheat,2000.0,5800.0,2.9,Campobasso,1.0,1,1,0,0,complete,False,False
Campobasso,2007,Grain maize,1350.0,4050.0,3.0,Campobasso,1.0,1,1,0,0,complete,False,False
Campobasso,2007,Soft wheat,800.0,2560.0,3.2,Campobasso,1.0,1,1,0,0,complete,False,False
Campobasso,2008,Durum wheat,2000.0,6000.0,3.0,Campobasso,1.0,1,1,0,0,complete,False,False
Campobasso,2008,Grain maize,1350.0,3915.0,2.9,Campobasso,1.0,1,1,0,0,complete,False,False
Campobasso,2008,Soft wheat,800.0,2800.0,3.5,Campobasso,1.0,1,1,0,0,complete,False,False
Campobasso,2009,Durum wheat,1546.0,3401.2,2.1999999999999997,Campobasso,1.0,1,1,0,0,complete,False,False
Campobasso,2009,Grain maize,495.0,1386.0,2.8,Campobasso,1.0,1,1,0,0,complete,False,False
Campobasso,2009,Soft wheat,239.0,573.6,2.4,Campobasso,1.0,1,1,0,0,complete,False,False
Campobasso,2010,Durum wheat,1067.0,3654.0,3.4245548266166823,Campobasso,1.0,1,1,0,0,complete,False,False
Campobasso,2010,Grain maize,699.0,2317.9,3.3160228898426323,Campobasso,1.0,1,1,0,0,complete,False,False
Campobasso,2010,Soft wheat,239.0,573.6,2.4,Campobasso,1.0,1,1,0,0,complete,False,False
Campobasso,2011,Durum wheat,1550.0,3501.0,2.258709677419355,Campobasso,1.0,1,1,0,0,complete,False,False
Campobasso,2011,Grain maize,815.0,2449.6,3.005644171779141,Campobasso,1.0,1,1,0,0,complete,False,False
Campobasso,2011,Soft wheat,360.0,1025.0,2.8472222222222223,Campobasso,1.0,1,1,0,0,complete,False,False
Campobasso,2012,Durum wheat,1900.0,5320.0,2.8,Campobasso,1.0,1,1,0,0,complete,False,False
Campobasso,2012,Grain maize,1350.0,4725.0,3.5,Campobasso,1.0,1,1,0,0,complete,False,False
Campobasso,2012,Soft wheat,1100.0,3300.0,3.0,Campobasso,1.0,1,1,0,0,complete,False,False
Campobasso,2013,Durum wheat,1900.0,5320.0,2.8,Campobasso,1.0,1,1,0,0,complete,False,False
Campobasso,2013,Grain maize,1350.0,4725.0,3.5,Campobasso,1.0,1,1,0,0,complete,False,False
Campobasso,2013,Soft wheat,1100.0,3300.0,3.0,Campobasso,1.0,1,1,0,0,complete,False,False
Campobasso,2014,Durum wheat,1900.0,5320.0,2.8,Campobasso,1.0,1,1,0,0,complete,False,False
Campobasso,2014,Grain maize,1350.0,4725.0,3.5,Campobasso,1.0,1,1,0,0,complete,False,False
Campobasso,2014,Soft wheat,1100.0,3300.0,3.0,Campobasso,1.0,1,1,0,0,complete,False,False
Campobasso,2015,Durum wheat,2084.0,5835.2,2.8,Campobasso,1.0,1,1,0,0,complete,False,False
Campobasso,2015,Grain maize,1485.0,5197.5,3.5,Campobasso,1.0,1,1,0,0,complete,False,False
Campobasso,2015,Soft wheat,1205.0,3615.0,3.0,Campobasso,1.0,1,1,0,0,complete,False,False
Campobasso,2016,Durum wheat,2080.0,5824.0,2.8,Campobasso,1.0,1,1,0,0,complete,False,False
Campobasso,2016,Grain maize,1350.0,4700.0,3.4814814814814814,Campobasso,1.0,1,1,0,0,complete,False,False
Campobasso,2016,Soft wheat,1200.0,3615.0,3.0125,Campobasso,1.0,1,1,0,0,complete,False,False
Campobasso,2017,Durum wheat,1900.0,6650.0,3.5,Campobasso,1.0,1,1,0,0,complete,False,False
Campobasso,2017,Grain maize,1350.0,4725.0,3.5,Campobasso,1.0,1,1,0,0,complete,False,False
Campobasso,2017,Soft wheat,1200.0,4320.0,3.6,Campobasso,1.0,1,1,0,0,complete,False,False
Campobasso,2018,Durum wheat,2000.0,7000.0,3.5,Campobasso,1.0,1,1,0,0,complete,False,False
Campobasso,2018,Grain maize,1000.0,5000.0,5.0,Campobasso,1.0,1,1,0,0,complete,False,False
Campobasso,2018,Soft wheat,1100.0,3960.0,3.6,Campobasso,1.0,1,1,0,0,complete,False,False
Campobasso,2019,Durum wheat,2000.0,7000.0,3.5,Campobasso,1.0,1,1,0,0,complete,False,False
Campobasso,2019,Grain maize,1000.0,5000.0,5.0,Campobasso,1.0,1,1,0,0,complete,False,False
Campobasso,2019,Soft wheat,1100.0,3960.0,3.6,Campobasso,1.0,1,1,0,0,complete,False,False
Campobasso,2020,Durum wheat,1900.0,6080.0,3.2,Campobasso,1.0,1,1,0,0,complete,False,False
Campobasso,2020,Grain maize,1100.0,5500.0,5.0,Campobasso,1.0,1,1,0,0,complete,False,False
Campobasso,2020,Soft wheat,900.0,3060.0,3.4,Campobasso,1.0,1,1,0,0,complete,False,False
Campobasso,2021,Durum wheat,1900.0,6080.0,3.2,Campobasso,1.0,1,1,0,0,complete,False,False
Campobasso,2021,Grain maize,1200.0,6000.0,5.0,Campobasso,1.0,1,1,0,0,complete,False,False
Campobasso,2021,Soft wheat,30.0,57.0,1.9,Campobasso,1.0,1,1,0,0,complete,False,False
Campobasso,2022,Durum wheat,1500.0,4800.0,3.2,Campobasso,1.0,1,1,0,0,complete,False,False
Campobasso,2022,Grain maize,400.0,1800.0,4.5,Campobasso,1.0,1,1,0,0,complete,False,False
Campobasso,2022,Soft wheat,500.0,1700.0,3.4,Campobasso,1.0,1,1,0,0,complete,False,False
Caserta,1995,Durum wheat,10800.0,38880.0,3.6,Caserta,1.0,1,1,0,0,complete,False,False
Caserta,1995,Grain maize,8030.0,68255.0,8.5,Caserta,1.0,1,1,0,0,complete,False,False
Caserta,1995,Soft wheat,5950.0,18134.0,3.0477310924369747,Caserta,1.0,1,1,0,0,complete,False,False
Caserta,1996,Durum wheat,9900.0,31739.4,3.206,Caserta,1.0,1,1,0,0,complete,False,False
Caserta,1996,Grain maize,7820.0,71605.0,9.156649616368286,Caserta,1.0,1,1,0,0,complete,False,False
Caserta,1996,Soft wheat,6880.0,18995.0,2.760901162790698,Caserta,1.0,1,1,0,0,complete,False,False
Caserta,1997,Durum wheat,7170.0,23735.0,3.310320781032078,Caserta,1.0,1,1,0,0,complete,False,False
Caserta,1997,Grain maize,8000.0,63740.0,7.9675,Caserta,1.0,1,1,0,0,complete,True,False
Caserta,1997,Soft wheat,5400.0,18439.0,3.4146296296296295,Caserta,1.0,1,1,0,0,complete,False,False
Caserta,1998,Durum wheat,5870.0,19530.0,3.3270868824531514,Caserta,1.0,1,1,0,0,complete,False,False
Caserta,1998,Grain maize,7230.0,69212.5,9.572959889349931,Caserta,1.0,1,1,0,0,complete,True,False
Caserta,1998,Soft wheat,4480.0,15208.0,3.3946428571428573,Caserta,1.0,1,1,0,0,complete,False,False
Caserta,1999,Durum wheat,5640.0,19452.0,3.448936170212766,Caserta,1.0,1,1,0,0,complete,False,False
Caserta,1999,Grain maize,7595.0,69212.5,9.112903225806452,Caserta,1.0,1,1,0,0,complete,False,False
Caserta,1999,Soft wheat,4130.0,14477.0,3.505326876513317,Caserta,1.0,1,1,0,0,complete,False,False
Caserta,2000,Durum wheat,4840.0,16653.0,3.4407024793388428,Caserta,1.0,1,1,0,0,complete,False,False
Caserta,2000,Grain maize,7360.0,63880.0,8.679347826086957,Caserta,1.0,1,1,0,0,complete,False,False
Caserta,2000,Soft wheat,4070.0,14223.0,3.4945945945945946,Caserta,1.0,1,1,0,0,complete,False,False
Caserta,2001,Durum wheat,4785.0,16953.0,3.54294670846395,Caserta,1.0,1,1,0,0,complete,False,False
Caserta,2001,Grain maize,7330.0,64635.0,8.81787175989086,Caserta,1.0,1,1,0,0,complete,False,False
Caserta,2001,Soft wheat,4030.0,13242.0,3.2858560794044664,Caserta,1.0,1,1,0,0,complete,False,False
Caserta,2002,Durum wheat,4032.0,14374.9,3.5652033730158728,Caserta,1.0,1,1,0,0,complete,False,False
Caserta,2002,Grain maize,9995.0,86350.0,8.639319659829916,Caserta,1.0,1,1,0,0,complete,False,False
Caserta,2002,Soft wheat,3285.0,12093.0,3.6812785388127853,Caserta,1.0,1,1,0,0,complete,False,False
Caserta,2003,Durum wheat,4103.0,15475.7,3.77180112113088,Caserta,1.0,1,1,0,0,complete,False,False
Caserta,2003,Grain maize,10045.0,72935.0,7.260826281732205,Caserta,1.0,1,1,0,0,complete,False,False
Caserta,2003,Soft wheat,3335.0,12380.5,3.7122938530734633,Caserta,1.0,1,1,0,0,complete,False,False
Caserta,2004,Durum wheat,4030.0,14690.7,3.6453349875930523,Caserta,1.0,1,1,0,0,complete,False,False
Caserta,2004,Grain maize,9975.0,85992.5,8.620802005012532,Caserta,1.0,1,1,0,0,complete,False,False
Caserta,2004,Soft wheat,3186.0,11467.7,3.599403640929065,Caserta,1.0,1,1,0,0,complete,False,False
Caserta,2005,Durum wheat,3778.0,12882.5,3.4098729486500794,Caserta,1.0,1,1,0,0,complete,False,False
Caserta,2005,Grain maize,8938.0,82338.0,9.212127992839562,Caserta,1.0,1,1,0,0,complete,False,False
Caserta,2005,Soft wheat,2729.0,9059.0,3.3195309637229755,Caserta,1.0,1,1,0,0,complete,False,False
Caserta,2006,Durum wheat,2813.0,9557.8,3.397724848915748,Caserta,1.0,1,1,0,0,complete,False,False
Caserta,2006,Grain maize,7149.0,65449.0,9.154986711428172,Caserta,1.0,1,1,0,0,complete,False,False
Caserta,2006,Soft wheat,2060.0,6774.4,3.288543689320388,Caserta,1.0,1,1,0,0,complete,False,False
Caserta,2007,Durum wheat,2753.0,9347.3,3.3953142026879766,Caserta,1.0,1,1,0,0,complete,False,False
Caserta,2007,Grain maize,6101.0,56773.5,9.305605638419932,Caserta,1.0,1,1,0,0,complete,False,False
Caserta,2007,Soft wheat,1963.0,6428.8,3.274987264391238,Caserta,1.0,1,1,0,0,complete,False,False
Caserta,2008,Durum wheat,2903.0,9856.1,3.3951429555632107,Caserta,1.0,1,1,0,0,complete,False,False
Caserta,2008,Grain maize,6321.0,59010.5,9.33562727416548,Caserta,1.0,1,1,0,0,complete,False,False
Caserta,2008,Soft wheat,1992.0,6513.3,3.269728915662651,Caserta,1.0,1,1,0,0,complete,False,False
Caserta,2009,Durum wheat,2364.0,8037.6,3.4000000000000004,Caserta,1.0,1,1,0,0,complete,False,False
Caserta,2009,Grain maize,5919.0,56229.0,9.499746578813989,Caserta,1.0,1,1,0,0,complete,False,False
Caserta,2009,Soft wheat,1214.0,4054.8,3.34003294892916,Caserta,1.0,1,1,0,0,complete,False,False
Caserta,2010,Durum wheat,2568.0,8713.5,3.393107476635514,Caserta,1.0,1,1,0,0,complete,False,False
Caserta,2010,Grain maize,5835.0,55229.0,9.465124250214224,Caserta,1.0,1,1,0,0,complete,False,False
Caserta,2010,Soft wheat,2208.0,7867.3,3.563088768115942,Caserta,1.0,1,1,0,0,complete,False,False
Caserta,2011,Durum wheat,2568.0,8587.7,3.344119937694704,Caserta,1.0,1,1,0,0,complete,False,False
Caserta,2011,Grain maize,5795.0,54829.0,9.461432269197584,Caserta,1.0,1,1,0,0,complete,False,False
Caserta,2011,Soft wheat,2220.0,7913.3,3.56454954954955,Caserta,1.0,1,1,0,0,complete,False,False
Caserta,2012,Durum wheat,2652.0,8738.1,3.2949095022624437,Caserta,1.0,1,1,0,0,complete,False,False
Caserta,2012,Grain maize,6038.0,55320.0,9.161974163630342,Caserta,1.0,1,1,0,0,complete,False,False
Caserta,2012,Soft wheat,2395.0,8775.8,3.664217118997912,Caserta,1.0,1,1,0,0,complete,False,False
Caserta,2013,Durum wheat,2652.0,8738.1,3.2949095022624437,Caserta,1.0,1,1,0,0,complete,False,False
Caserta,2013,Grain maize,6038.0,55320.0,9.161974163630342,Caserta,1.0,1,1,0,0,complete,False,False
Caserta,2013,Soft wheat,2395.0,8775.8,3.664217118997912,Caserta,1.0,1,1,0,0,complete,False,False
Caserta,2014,Durum wheat,2657.0,8754.2,3.2947685359427927,Caserta,1.0,1,1,0,0,complete,False,False
Caserta,2014,Grain maize,6043.0,56678.2,9.37914942909151,Caserta,1.0,1,1,0,0,complete,False,False
Caserta,2014,Soft wheat,2372.0,8681.5,3.659991568296796,Caserta,1.0,1,1,0,0,complete,False,False
Caserta,2015,Durum wheat,2561.0,8437.2,3.294494338149161,Caserta,1.0,1,1,0,0,complete,False,False
Caserta,2015,Grain maize,5992.0,56178.4,9.375567423230974,Caserta,1.0,1,1,0,0,complete,False,False
Caserta,2015,Soft wheat,2369.0,8672.2,3.660700717602364,Caserta,1.0,1,1,0,0,complete,False,False
Caserta,2016,Durum wheat,2558.0,8427.3,3.2944878811571536,Caserta,1.0,1,1,0,0,complete,False,False
Caserta,2016,Grain maize,5907.0,55345.4,9.369459962756052,Caserta,1.0,1,1,0,0,complete,False,False
Caserta,2016,Soft wheat,2361.0,8639.4,3.6592121982210926,Caserta,1.0,1,1,0,0,complete,False,False
Caserta,2017,Durum wheat,2533.0,8344.4,3.2942755625740228,Caserta,1.0,1,1,0,0,complete,False,False
Caserta,2017,Grain maize,5893.0,55208.2,9.368437128796877,Caserta,1.0,1,1,0,0,complete,False,False
Caserta,2017,Soft wheat,2320.0,8473.4,3.6523275862068965,Caserta,1.0,1,1,0,0,complete,False,False
Caserta,2018,Durum wheat,2519.0,8298.2,3.294243747518857,Caserta,1.0,1,1,0,0,complete,False,False
Caserta,2018,Grain maize,5884.0,55120.0,9.36777702243372,Caserta,1.0,1,1,0,0,complete,False,False
Caserta,2018,Soft wheat,2328.0,8506.2,3.6538659793814436,Caserta,1.0,1,1,0,0,complete,False,False
Caserta,2019,Durum wheat,2492.0,8209.1,3.2941813804173354,Caserta,1.0,1,1,0,0,complete,False,False
Caserta,2019,Grain maize,5834.0,54630.0,9.364072677408297,Caserta,1.0,1,1,0,0,complete,False,False
Caserta,2019,Soft wheat,2319.0,8469.3,3.652134540750323,Caserta,1.0,1,1,0,0,complete,False,False
Caserta,2020,Durum wheat,2487.0,8192.0,3.2939284278246883,Caserta,1.0,1,1,0,0,complete,False,False
Caserta,2020,Grain maize,5740.0,53712.7,9.357613240418118,Caserta,1.0,1,1,0,0,complete,False,False
Caserta,2020,Soft wheat,2298.0,8396.2,3.6536988685813756,Caserta,1.0,1,1,0,0,complete,False,False
Caserta,2021,Durum wheat,2363.0,7782.4,3.2934405416842996,Caserta,1.0,1,1,0,0,complete,False,False
Caserta,2021,Grain maize,5740.0,47611.4,8.294668989547038,Caserta,1.0,1,1,0,0,complete,False,False
Caserta,2021,Soft wheat,2183.0,7976.4,3.6538708199725147,Caserta,1.0,1,1,0,0,complete,False,False
Caserta,2022,Durum wheat,2363.0,7782.4,3.2934405416842996,Caserta,1.0,1,1,0,0,complete,False,False
Caserta,2022,Grain maize,5740.0,53712.7,9.357613240418118,Caserta,1.0,1,1,0,0,complete,False,False
Caserta,2022,Soft wheat,2183.0,7976.4,3.6538708199725147,Caserta,1.0,1,1,0,0,complete,False,False
Catania,1995,Durum wheat,44500.0,41500.0,0.9325842696629213,Catania,1.0,1,1,0,0,complete,False,False
Catania,1995,Soft wheat,500.0,900.0,1.8,Catania,1.0,1,1,0,0,complete,False,False
Catania,1996,Durum wheat,45250.0,59730.0,1.32,Catania,1.0,1,1,0,0,complete,False,False
Catania,1996,Soft wheat,300.0,480.0,1.6,Catania,1.0,1,1,0,0,complete,False,False
Catania,1997,Durum wheat,44000.0,110000.0,2.5,Catania,1.0,1,1,0,0,complete,False,False
Catania,1997,Soft wheat,300.0,600.0,2.0,Catania,1.0,1,1,0,0,complete,False,False
Catania,1998,Durum wheat,35000.0,77000.0,2.2,Catania,1.0,1,1,0,0,complete,False,False
Catania,1998,Soft wheat,400.0,800.0,2.0,Catania,1.0,1,1,0,0,complete,False,False
Catania,1999,Durum wheat,38000.0,38000.0,1.0,Catania,1.0,1,1,0,0,complete,False,False
Catania,1999,Soft wheat,1000.0,1500.0,1.5,Catania,1.0,1,1,0,0,complete,False,False
Catania,2000,Durum wheat,30000.0,84000.0,2.8,Catania,1.0,1,1,0,0,complete,False,False
Catania,2000,Soft wheat,500.0,1250.0,2.5,Catania,1.0,1,1,0,0,complete,False,False
Catania,2001,Durum wheat,36000.0,64800.0,1.8,Catania,1.0,1,1,0,0,complete,False,False
Catania,2001,Soft wheat,800.0,1200.0,1.5,Catania,1.0,1,1,0,0,complete,False,False
Catania,2002,Durum wheat,30000.0,36000.0,1.2,Catania,1.0,1,1,0,0,complete,False,False
Catania,2002,Soft wheat,500.0,600.0,1.2,Catania,1.0,1,1,0,0,complete,False,False
Catania,2003,Durum wheat,32000.0,70400.0,2.2,Catania,1.0,1,1,0,0,complete,False,False
Catania,2003,Soft wheat,1000.0,1600.0,1.6,Catania,1.0,1,1,0,0,complete,False,False
Catania,2004,Durum wheat,36000.0,86400.0,2.4,Catania,1.0,1,1,0,0,complete,False,False
Catania,2004,Soft wheat,1000.0,2000.0,2.0,Catania,1.0,1,1,0,0,complete,False,False
Catania,2005,Durum wheat,30000.0,90000.0,3.0,Catania,1.0,1,1,0,0,complete,False,False
Catania,2005,Soft wheat,1000.0,2500.0,2.5,Catania,1.0,1,1,0,0,complete,False,False
Catania,2006,Durum wheat,30000.0,84000.0,2.8,Catania,1.0,1,1,0,0,complete,False,False
Catania,2006,Soft wheat,1000.0,2600.0,2.6,Catania,1.0,1,1,0,0,complete,False,False
Catania,2007,Durum wheat,32000.0,102400.0,3.2,Catania,1.0,1,1,0,0,complete,False,False
Catania,2007,Soft wheat,1000.0,300.0,0.3,Catania,1.0,1,1,0,0,complete,False,False
Catania,2008,Durum wheat,35000.0,112000.0,3.2,Catania,1.0,1,1,0,0,complete,False,False
Catania,2008,Soft wheat,1000.0,2600.0,2.6,Catania,1.0,1,1,0,0,complete,False,False
Catania,2009,Durum wheat,24711.0,84758.7,3.429998785965764,Catania,1.0,1,1,0,0,complete,False,False
Catania,2009,Soft wheat,1046.0,3138.0,3.0,Catania,1.0,1,1,0,0,complete,False,False
Catania,2010,Durum wheat,30000.0,100000.0,3.3333333333333335,Catania,1.0,1,1,0,0,complete,False,False
Catania,2010,Soft wheat,1000.0,3000.0,3.0,Catania,1.0,1,1,0,0,complete,False,False
Catania,2011,Durum wheat,30000.0,100000.0,3.3333333333333335,Catania,1.0,1,1,0,0,complete,False,False
Catania,2011,Soft wheat,700.0,1800.0,2.5714285714285716,Catania,1.0,1,1,0,0,complete,False,False
Catania,2012,Durum wheat,35000.0,110000.0,3.142857142857143,Catania,1.0,1,1,0,0,complete,False,False
Catania,2012,Soft wheat,600.0,1600.0,2.6666666666666665,Catania,1.0,1,1,0,0,complete,False,False
Catania,2013,Durum wheat,32000.0,71000.0,2.21875,Catania,1.0,1,1,0,0,complete,False,False
Catania,2013,Soft wheat,500.0,900.0,1.8,Catania,1.0,1,1,0,0,complete,False,False
Catania,2014,Durum wheat,35000.0,90000.0,2.5714285714285716,Catania,1.0,1,1,0,0,complete,False,False
Catania,2014,Soft wheat,200.0,500.0,2.5,Catania,1.0,1,1,0,0,complete,False,False
Catania,2015,Durum wheat,35000.0,100000.0,2.857142857142857,Catania,1.0,1,1,0,0,complete,False,False
Catania,2015,Soft wheat,250.0,650.0,2.6,Catania,1.0,1,1,0,0,complete,False,False
Catania,2016,Durum wheat,35000.0,100000.0,2.857142857142857,Catania,1.0,1,1,0,0,complete,False,False
Catania,2016,Soft wheat,250.0,650.0,2.6,Catania,1.0,1,1,0,0,complete,False,False
Catania,2017,Durum wheat,35000.0,100000.0,2.857142857142857,Catania,1.0,1,1,0,0,complete,False,False
Catania,2017,Soft wheat,250.0,650.0,2.6,Catania,1.0,1,1,0,0,complete,False,False
Catania,2018,Durum wheat,35000.0,100000.0,2.857142857142857,Catania,1.0,1,1,0,0,complete,False,False
Catania,2018,Soft wheat,250.0,650.0,2.6,Catania,1.0,1,1,0,0,complete,False,False
Catania,2019,Durum wheat,35000.0,100000.0,2.857142857142857,Catania,1.0,1,1,0,0,complete,False,False
Catania,2019,Soft wheat,250.0,650.0,2.6,Catania,1.0,1,1,0,0,complete,False,False
Catania,2020,Durum wheat,35000.0,100000.0,2.857142857142857,Catania,1.0,1,1,0,0,complete,False,False
Catania,2020,Soft wheat,250.0,650.0,2.6,Catania,1.0,1,1,0,0,complete,False,False
Catania,2021,Durum wheat,35000.0,100000.0,2.857142857142857,Catania,1.0,1,1,0,0,complete,False,False
Catania,2022,Durum wheat,35000.0,100000.0,2.857142857142857,Catania,1.0,1,1,0,0,complete,False,False
Catanzaro,1995,Durum wheat,27350.0,51965.0,1.9,Catanzaro,1.0,1,1,0,0,complete,False,False
Catanzaro,1995,Grain maize,1440.0,7128.0,4.95,Catanzaro,1.0,1,1,0,0,complete,False,False
Catanzaro,1995,Soft wheat,2400.0,4320.0,1.8,Catanzaro,1.0,1,1,0,0,complete,False,False
Catanzaro,1996,Durum wheat,27500.0,51727.5,1.881,Catanzaro,1.0,1,1,0,0,complete,False,False
Catanzaro,1996,Grain maize,1440.0,7100.0,4.930555555555555,Catanzaro,1.0,1,1,0,0,complete,False,False
Catanzaro,1996,Soft wheat,2500.0,4500.0,1.8,Catanzaro,1.0,1,1,0,0,complete,False,False
Catanzaro,1997,Durum wheat,15500.0,29450.0,1.9,Catanzaro,1.0,1,1,0,0,complete,False,False
Catanzaro,1997,Grain maize,1440.0,7000.0,4.861111111111111,Catanzaro,1.0,1,1,0,0,complete,True,False
Catanzaro,1997,Soft wheat,2500.0,4500.0,1.8,Catanzaro,1.0,1,1,0,0,complete,False,False
Catanzaro,1998,Durum wheat,15500.0,31000.0,2.0,Catanzaro,1.0,1,1,0,0,complete,False,False
Catanzaro,1998,Grain maize,1400.0,7200.0,5.142857142857143,Catanzaro,1.0,1,1,0,0,complete,True,False
Catanzaro,1998,Soft wheat,2500.0,5000.0,2.0,Catanzaro,1.0,1,1,0,0,complete,False,False
Catanzaro,1999,Durum wheat,15725.0,30583.0,1.9448648648648648,Catanzaro,1.0,1,1,0,0,complete,False,False
Catanzaro,1999,Grain maize,1430.0,7200.0,5.034965034965035,Catanzaro,1.0,1,1,0,0,complete,False,False
Catanzaro,1999,Soft wheat,2525.0,4904.0,1.9421782178217821,Catanzaro,1.0,1,1,0,0,complete,False,False
Catanzaro,2000,Durum wheat,15681.0,30152.4,1.9228620623684716,Catanzaro,1.0,1,1,0,0,complete,False,False
Catanzaro,2000,Grain maize,1428.0,5736.0,4.016806722689076,Catanzaro,1.0,1,1,0,0,complete,False,False
Catanzaro,2000,Soft wheat,2506.0,4626.2,1.846049481245012,Catanzaro,1.0,1,1,0,0,complete,False,False
Catanzaro,2001,Durum wheat,15750.0,30602.0,1.942984126984127,Catanzaro,1.0,1,1,0,0,complete,False,False
Catanzaro,2001,Grain maize,1431.0,5758.0,4.023759608665269,Catanzaro,1.0,1,1,0,0,complete,False,False
Catanzaro,2001,Soft wheat,2515.0,4895.0,1.9463220675944335,Catanzaro,1.0,1,1,0,0,complete,False,False
Catanzaro,2002,Durum wheat,15750.0,31520.1,2.00127619047619,Catanzaro,1.0,1,1,0,0,complete,False,False
Catanzaro,2002,Grain maize,1460.0,5883.8,4.03,Catanzaro,1.0,1,1,0,0,complete,False,False
Catanzaro,2002,Soft wheat,2508.0,4712.9,1.8791467304625198,Catanzaro,1.0,1,1,0,0,complete,False,False
Catanzaro,2003,Durum wheat,10875.0,21700.0,1.9954022988505746,Catanzaro,1.0,1,1,0,0,complete,False,False
Catanzaro,2003,Grain maize,1440.0,5677.0,3.942361111111111,Catanzaro,1.0,1,1,0,0,complete,False,False
Catanzaro,2003,Soft wheat,1450.0,2801.0,1.9317241379310346,Catanzaro,1.0,1,1,0,0,complete,False,False
Catanzaro,2004,Durum wheat,11030.0,26950.0,2.4433363553943788,Catanzaro,1.0,1,1,0,0,complete,False,False
Catanzaro,2004,Grain maize,1444.0,5784.7,4.006024930747922,Catanzaro,1.0,1,1,0,0,complete,False,False
Catanzaro,2004,Soft wheat,1505.0,3360.0,2.2325581395348837,Catanzaro,1.0,1,1,0,0,complete,False,False
Catanzaro,2005,Durum wheat,6810.0,17706.0,2.6,Catanzaro,1.0,1,1,0,0,complete,False,False
Catanzaro,2005,Grain maize,1444.0,5780.6,4.003185595567867,Catanzaro,1.0,1,1,0,0,complete,False,False
Catanzaro,2005,Soft wheat,1010.0,2020.0,2.0,Catanzaro,1.0,1,1,0,0,complete,False,False
Catanzaro,2006,Durum wheat,5448.0,14164.8,2.5999999999999996,Catanzaro,1.0,1,1,0,0,complete,False,False
Catanzaro,2006,Grain maize,1444.0,5746.7,3.9797091412742382,Catanzaro,1.0,1,1,0,0,complete,False,False
Catanzaro,2006,Soft wheat,550.0,1222.0,2.2218181818181817,Catanzaro,1.0,1,1,0,0,complete,False,False
Catanzaro,2007,Durum wheat,2980.0,8850.7,2.97003355704698,Catanzaro,1.0,1,1,0,0,complete,False,False
Catanzaro,2007,Grain maize,1443.0,5517.4,3.8235620235620233,Catanzaro,1.0,1,1,0,0,complete,False,False
Catanzaro,2007,Soft wheat,689.0,1700.1,2.467489114658926,Catanzaro,1.0,1,1,0,0,complete,False,False
Catanzaro,2008,Durum wheat,4214.0,11507.8,2.730849549121974,Catanzaro,1.0,1,1,0,0,complete,False,False
Catanzaro,2008,Grain maize,1141.0,4986.2,4.370026292725679,Catanzaro,1.0,1,1,0,0,complete,False,False
Catanzaro,2008,Soft wheat,620.0,1461.1,2.3566129032258063,Catanzaro,1.0,1,1,0,0,complete,False,False
Catanzaro,2009,Durum wheat,3863.0,14479.8,3.748330313228061,Catanzaro,1.0,1,1,0,0,complete,False,False
Catanzaro,2009,Grain maize,1913.0,7606.5,3.976215368531103,Catanzaro,1.0,1,1,0,0,complete,False,False
Catanzaro,2009,Soft wheat,1469.0,4833.5,3.2903335602450645,Catanzaro,1.0,1,1,0,0,complete,False,False
Catanzaro,2010,Durum wheat,3940.0,14970.3,3.7995685279187814,Catanzaro,1.0,1,1,0,0,complete,False,False
Catanzaro,2010,Grain maize,2080.0,7650.2,3.677980769230769,Catanzaro,1.0,1,1,0,0,complete,False,False
Catanzaro,2010,Soft wheat,1830.0,5968.8,3.2616393442622953,Catanzaro,1.0,1,1,0,0,complete,False,False
Catanzaro,2011,Durum wheat,3940.0,14970.3,3.7995685279187814,Catanzaro,1.0,1,1,0,0,complete,False,False
Catanzaro,2011,Grain maize,1982.0,8279.0,4.177093844601413,Catanzaro,1.0,1,1,0,0,complete,False,False
Catanzaro,2011,Soft wheat,1830.0,5968.8,3.2616393442622953,Catanzaro,1.0,1,1,0,0,complete,False,False
Catanzaro,2012,Durum wheat,3795.0,14508.6,3.8230830039525694,Catanzaro,1.0,1,1,0,0,complete,False,False
Catanzaro,2012,Grain maize,1982.0,8062.0,4.067608476286579,Catanzaro,1.0,1,1,0,0,complete,False,False
Catanzaro,2012,Soft wheat,1747.0,5736.1,3.283400114481969,Catanzaro,1.0,1,1,0,0,complete,True,False
Catanzaro,2013,Durum wheat,3877.0,12587.9,3.24681454733041,Catanzaro,1.0,1,1,0,0,complete,True,False
Catanzaro,2013,Grain maize,1970.0,7700.0,3.9086294416243654,Catanzaro,1.0,1,1,0,0,complete,False,False
Catanzaro,2013,Soft wheat,1809.0,5474.6,3.0263128800442236,Catanzaro,1.0,1,1,0,0,complete,True,False
Catanzaro,2014,Durum wheat,3751.0,13016.3,3.470087976539589,Catanzaro,1.0,1,1,0,0,complete,False,False
Catanzaro,2014,Grain maize,1785.0,6261.1,3.507619047619048,Catanzaro,1.0,1,1,0,0,complete,False,False
Catanzaro,2014,Soft wheat,1843.0,5911.0,3.2072707542051004,Catanzaro,1.0,1,1,0,0,complete,False,False
Catanzaro,2015,Durum wheat,3812.0,13456.0,3.5299055613850996,Catanzaro,1.0,1,1,0,0,complete,False,False
Catanzaro,2015,Grain maize,1802.0,6364.0,3.5316315205327413,Catanzaro,1.0,1,1,0,0,complete,False,False
Catanzaro,2015,Soft wheat,1817.0,5697.6,3.1357182168409468,Catanzaro,1.0,1,1,0,0,complete,False,False
Catanzaro,2016,Durum wheat,3800.0,13800.0,3.6315789473684212,Catanzaro,1.0,1,1,0,0,complete,False,False
Catanzaro,2016,Grain maize,1780.0,6400.0,3.595505617977528,Catanzaro,1.0,1,1,0,0,complete,False,False
Catanzaro,2016,Soft wheat,1850.0,5700.0,3.081081081081081,Catanzaro,1.0,1,1,0,0,complete,False,False
Catanzaro,2017,Durum wheat,3900.0,12450.0,3.1923076923076925,Catanzaro,1.0,1,1,0,0,complete,False,False
Catanzaro,2017,Grain maize,1700.0,6470.0,3.8058823529411763,Catanzaro,1.0,1,1,0,0,complete,False,False
Catanzaro,2017,Soft wheat,1800.0,5450.0,3.0277777777777777,Catanzaro,1.0,1,1,0,0,complete,False,False
Catanzaro,2018,Durum wheat,3850.0,11900.0,3.090909090909091,Catanzaro,1.0,1,1,0,0,complete,False,False
Catanzaro,2018,Grain maize,1650.0,6450.0,3.909090909090909,Catanzaro,1.0,1,1,0,0,complete,False,False
Catanzaro,2018,Soft wheat,1780.0,5500.0,3.0898876404494384,Catanzaro,1.0,1,1,0,0,complete,False,False
Catanzaro,2019,Durum wheat,3800.0,11800.0,3.1052631578947367,Catanzaro,1.0,1,1,0,0,complete,False,False
Catanzaro,2019,Grain maize,1700.0,6750.0,3.9705882352941178,Catanzaro,1.0,1,1,0,0,complete,False,False
Catanzaro,2019,Soft wheat,1750.0,5450.0,3.1142857142857143,Catanzaro,1.0,1,1,0,0,complete,False,False
Catanzaro,2020,Durum wheat,3750.0,11600.0,3.0933333333333333,Catanzaro,1.0,1,1,0,0,complete,False,False
Catanzaro,2020,Grain maize,1700.0,6650.0,3.911764705882353,Catanzaro,1.0,1,1,0,0,complete,False,False
Catanzaro,2020,Soft wheat,1750.0,5450.0,3.1142857142857143,Catanzaro,1.0,1,1,0,0,complete,False,False
Catanzaro,2021,Durum wheat,3700.0,12000.0,3.2432432432432434,Catanzaro,1.0,1,1,0,0,complete,False,False
Catanzaro,2021,Grain maize,1750.0,7450.0,4.257142857142857,Catanzaro,1.0,1,1,0,0,complete,False,False
Catanzaro,2021,Soft wheat,1700.0,5450.0,3.2058823529411766,Catanzaro,1.0,1,1,0,0,complete,False,False
Catanzaro,2022,Durum wheat,3700.0,12000.0,3.2432432432432434,Catanzaro,1.0,1,1,0,0,complete,False,False
Catanzaro,2022,Grain maize,1750.0,7450.0,4.257142857142857,Catanzaro,1.0,1,1,0,0,complete,False,False
Catanzaro,2022,Soft wheat,1700.0,5450.0,3.2058823529411766,Catanzaro,1.0,1,1,0,0,complete,False,False
Chieti,1995,Durum wheat,18500.0,77700.0,4.2,Chieti,1.0,1,1,0,0,complete,False,False
Chieti,1995,Grain maize,1440.0,7380.0,5.125,Chieti,1.0,1,1,0,0,complete,False,False
Chieti,1995,Soft wheat,5000.0,19500.0,3.9,Chieti,1.0,1,1,0,0,complete,False,False
Chieti,1996,Durum wheat,20000.0,82380.0,4.119,Chieti,1.0,1,1,0,0,complete,False,False
Chieti,1996,Grain maize,1200.0,7476.0,6.23,Chieti,1.0,1,1,0,0,complete,False,False
Chieti,1996,Soft wheat,3000.0,10600.0,3.533333333333333,Chieti,1.0,1,1,0,0,complete,False,False
Chieti,1997,Durum wheat,22700.0,68340.0,3.0105726872246694,Chieti,1.0,1,1,0,0,complete,False,False
Chieti,1997,Grain maize,1030.0,3374.0,3.275728155339806,Chieti,1.0,1,1,0,0,complete,True,False
Chieti,1997,Soft wheat,3100.0,9498.0,3.0638709677419356,Chieti,1.0,1,1,0,0,complete,False,False
Chieti,1998,Durum wheat,22000.0,74800.0,3.4,Chieti,1.0,1,1,0,0,complete,False,False
Chieti,1998,Grain maize,850.0,3299.4,3.8816470588235297,Chieti,1.0,1,1,0,0,complete,True,False
Chieti,1998,Soft wheat,2600.0,9880.0,3.8,Chieti,1.0,1,1,0,0,complete,False,False
Chieti,1999,Durum wheat,22440.0,84740.0,3.7762923351158646,Chieti,1.0,1,1,0,0,complete,False,False
Chieti,1999,Grain maize,800.0,3299.4,4.12425,Chieti,1.0,1,1,0,0,complete,False,False
Chieti,1999,Soft wheat,2049.0,7623.9,3.7207906295754025,Chieti,1.0,1,1,0,0,complete,False,False
Chieti,2000,Durum wheat,25000.0,94250.0,3.77,Chieti,1.0,1,1,0,0,complete,False,False
Chieti,2000,Grain maize,800.0,3280.0,4.1,Chieti,1.0,1,1,0,0,complete,False,False
Chieti,2000,Soft wheat,1850.0,6882.0,3.72,Chieti,1.0,1,1,0,0,complete,False,False
Chieti,2001,Durum wheat,24650.0,86275.0,3.5,Chieti,1.0,1,1,0,0,complete,False,False
Chieti,2001,Grain maize,750.0,2775.0,3.7,Chieti,1.0,1,1,0,0,complete,False,False
Chieti,2001,Soft wheat,1750.0,6260.0,3.577142857142857,Chieti,1.0,1,1,0,0,complete,False,False
Chieti,2002,Durum wheat,24800.0,86800.0,3.5,Chieti,1.0,1,1,0,0,complete,False,False
Chieti,2002,Grain maize,700.0,2800.0,4.0,Chieti,1.0,1,1,0,0,complete,False,False
Chieti,2002,Soft wheat,1750.0,6160.0,3.52,Chieti,1.0,1,1,0,0,complete,False,False
Chieti,2003,Durum wheat,24800.0,49600.0,2.0,Chieti,1.0,1,1,0,0,complete,False,False
Chieti,2003,Grain maize,820.0,3280.0,4.0,Chieti,1.0,1,1,0,0,complete,False,False
Chieti,2003,Soft wheat,1750.0,3500.0,2.0,Chieti,1.0,1,1,0,0,complete,False,False
Chieti,2004,Durum wheat,22320.0,66950.0,2.9995519713261647,Chieti,1.0,1,1,0,0,complete,False,False
Chieti,2004,Grain maize,820.0,3280.0,4.0,Chieti,1.0,1,1,0,0,complete,False,False
Chieti,2004,Soft wheat,1575.0,4725.0,3.0,Chieti,1.0,1,1,0,0,complete,False,False
Chieti,2005,Durum wheat,15400.0,43120.0,2.8,Chieti,1.0,1,1,0,0,complete,False,False
Chieti,2005,Grain maize,820.0,3198.0,3.9,Chieti,1.0,1,1,0,0,complete,False,False
Chieti,2005,Soft wheat,1300.0,3640.0,2.8,Chieti,1.0,1,1,0,0,complete,False,False
Chieti,2006,Durum wheat,15400.0,43120.0,2.8,Chieti,1.0,1,1,0,0,complete,False,False
Chieti,2006,Grain maize,870.0,3480.0,4.0,Chieti,1.0,1,1,0,0,complete,False,False
Chieti,2006,Soft wheat,1300.0,3640.0,2.8,Chieti,1.0,1,1,0,0,complete,False,False
Chieti,2007,Durum wheat,12300.0,33210.0,2.7,Chieti,1.0,1,1,0,0,complete,False,False
Chieti,2007,Grain maize,855.0,3163.5,3.7,Chieti,1.0,1,1,0,0,complete,False,False
Chieti,2007,Soft wheat,1000.0,2600.0,2.6,Chieti,1.0,1,1,0,0,complete,False,False
Chieti,2008,Durum wheat,15600.0,67000.0,4.294871794871795,Chieti,1.0,1,1,0,0,complete,False,False
Chieti,2008,Grain maize,870.0,4780.0,5.494252873563219,Chieti,1.0,1,1,0,0,complete,False,False
Chieti,2008,Soft wheat,1320.0,5530.0,4.1893939393939394,Chieti,1.0,1,1,0,0,complete,False,False
Chieti,2009,Durum wheat,16557.0,45450.3,2.7450806305490127,Chieti,1.0,1,1,0,0,complete,False,False
Chieti,2009,Grain maize,163.0,1124.7,6.9,Chieti,1.0,1,1,0,0,complete,False,False
Chieti,2009,Soft wheat,433.0,1246.3,2.8782909930715936,Chieti,1.0,1,1,0,0,complete,False,False
Chieti,2010,Durum wheat,12000.0,34600.0,2.8833333333333333,Chieti,1.0,1,1,0,0,complete,False,False
Chieti,2010,Grain maize,860.0,4720.0,5.488372093023256,Chieti,1.0,1,1,0,0,complete,False,False
Chieti,2010,Soft wheat,1100.0,3500.0,3.1818181818181817,Chieti,1.0,1,1,0,0,complete,False,False
Chieti,2011,Durum wheat,11900.0,30900.0,2.596638655462185,Chieti,1.0,1,1,0,0,complete,False,False
Chieti,2011,Grain maize,860.0,5530.0,6.430232558139535,Chieti,1.0,1,1,0,0,complete,False,False
Chieti,2011,Soft wheat,1080.0,3220.0,2.9814814814814814,Chieti,1.0,1,1,0,0,complete,False,False
Chieti,2012,Durum wheat,14200.0,51080.0,3.5971830985915494,Chieti,1.0,1,1,0,0,complete,False,False
Chieti,2012,Grain maize,865.0,4430.0,5.121387283236994,Chieti,1.0,1,1,0,0,complete,True,False
Chieti,2012,Soft wheat,1500.0,5680.0,3.7866666666666666,Chieti,1.0,1,1,0,0,complete,False,False
Chieti,2013,Durum wheat,16000.0,60750.0,3.796875,Chieti,1.0,1,1,0,0,complete,False,False
Chieti,2013,Grain maize,850.0,4500.0,5.294117647058823,Chieti,1.0,1,1,0,0,complete,True,False
Chieti,2013,Soft wheat,1800.0,7180.0,3.988888888888889,Chieti,1.0,1,1,0,0,complete,False,False
Chieti,2014,Durum wheat,16200.0,48470.0,2.991975308641975,Chieti,1.0,1,1,0,0,complete,False,False
Chieti,2014,Grain maize,856.0,4120.0,4.813084112149533,Chieti,1.0,1,1,0,0,complete,False,False
Chieti,2014,Soft wheat,1800.0,6080.0,3.3777777777777778,Chieti,1.0,1,1,0,0,complete,False,False
Chieti,2015,Durum wheat,16500.0,54000.0,3.272727272727273,Chieti,1.0,1,1,0,0,complete,False,False
Chieti,2015,Grain maize,850.0,3770.0,4.435294117647059,Chieti,1.0,1,1,0,0,complete,False,False
Chieti,2015,Soft wheat,1800.0,6400.0,3.5555555555555554,Chieti,1.0,1,1,0,0,complete,False,False
Chieti,2016,Durum wheat,16550.0,55110.0,3.3299093655589123,Chieti,1.0,1,1,0,0,complete,False,False
Chieti,2016,Grain maize,853.0,3930.0,4.6072684642438455,Chieti,1.0,1,1,0,0,complete,False,False
Chieti,2016,Soft wheat,1861.0,6453.0,3.4674905964535196,Chieti,1.0,1,1,0,0,complete,False,False
Chieti,2017,Durum wheat,16560.0,53000.0,3.2004830917874396,Chieti,1.0,1,1,0,0,complete,False,False
Chieti,2017,Grain maize,840.0,3850.0,4.583333333333333,Chieti,1.0,1,1,0,0,complete,False,False
Chieti,2017,Soft wheat,1850.0,6200.0,3.3513513513513513,Chieti,1.0,1,1,0,0,complete,False,False
Chieti,2018,Durum wheat,16500.0,53700.0,3.2545454545454544,Chieti,1.0,1,1,0,0,complete,False,False
Chieti,2018,Grain maize,840.0,3830.0,4.559523809523809,Chieti,1.0,1,1,0,0,complete,False,False
Chieti,2018,Soft wheat,1750.0,6000.0,3.4285714285714284,Chieti,1.0,1,1,0,0,complete,False,False
Chieti,2019,Durum wheat,16490.0,52740.0,3.1983020012128565,Chieti,1.0,1,1,0,0,complete,False,False
Chieti,2019,Grain maize,835.0,4780.0,5.724550898203593,Chieti,1.0,1,1,0,0,complete,False,False
Chieti,2019,Soft wheat,1770.0,6060.0,3.4237288135593222,Chieti,1.0,1,1,0,0,complete,False,False
Chieti,2020,Durum wheat,16440.0,54000.0,3.2846715328467155,Chieti,1.0,1,1,0,0,complete,False,False
Chieti,2020,Grain maize,835.0,4780.0,5.724550898203593,Chieti,1.0,1,1,0,0,complete,False,False
Chieti,2020,Soft wheat,1800.0,6200.0,3.4444444444444446,Chieti,1.0,1,1,0,0,complete,False,False
Chieti,2021,Durum wheat,16440.0,54000.0,3.2846715328467155,Chieti,1.0,1,1,0,0,complete,False,False
Chieti,2021,Grain maize,835.0,4780.0,5.724550898203593,Chieti,1.0,1,1,0,0,complete,False,False
Chieti,2021,Soft wheat,1800.0,6200.0,3.4444444444444446,Chieti,1.0,1,1,0,0,complete,False,False
Chieti,2022,Durum wheat,17000.0,54000.0,3.176470588235294,Chieti,1.0,1,1,0,0,complete,False,False
Chieti,2022,Grain maize,835.0,4200.0,5.029940119760479,Chieti,1.0,1,1,0,0,complete,False,False
Chieti,2022,Soft wheat,1800.0,6000.0,3.3333333333333335,Chieti,1.0,1,1,0,0,complete,False,False
Como,1995,Grain maize,5020.0,34330.0,6.838645418326693,Como,1.0,1,1,0,0,complete,False,False
Como,1995,Soft wheat,300.0,1197.5,3.9916666666666667,Como,1.0,1,1,0,0,complete,False,False
Como,1996,Grain maize,5100.0,42585.0,8.35,Como,1.0,1,1,0,0,complete,False,False
Como,1996,Soft wheat,290.0,1430.0,4.931034482758621,Como,1.0,1,1,0,0,complete,False,False
Como,1997,Durum wheat,5.0,25.0,5.0,Como,1.0,1,1,0,0,complete,False,False
Como,1997,Grain maize,3900.0,32432.5,8.316025641025641,Como,1.0,1,1,0,0,complete,True,False
Como,1997,Soft wheat,22.0,88.8,4.036363636363636,Como,1.0,1,1,0,0,complete,False,False
Como,1998,Grain maize,3900.0,39477.5,10.122435897435897,Como,1.0,1,1,0,0,complete,True,False
Como,1998,Soft wheat,95.0,427.5,4.5,Como,1.0,1,1,0,0,complete,False,False
Como,1999,Durum wheat,5.0,25.0,5.0,Como,1.0,1,1,0,0,complete,False,False
Como,1999,Grain maize,3965.0,39477.5,9.956494325346785,Como,1.0,1,1,0,0,complete,False,False
Como,1999,Soft wheat,90.0,360.0,4.0,Como,1.0,1,1,0,0,complete,False,False
Como,2000,Grain maize,3965.0,27755.0,7.0,Como,1.0,1,1,0,0,complete,False,False
Como,2000,Soft wheat,95.0,332.5,3.5,Como,1.0,1,1,0,0,complete,False,False
Como,2001,Grain maize,4565.0,38075.0,8.340635268346112,Como,1.0,1,1,0,0,complete,False,False
Como,2001,Soft wheat,101.0,353.5,3.5,Como,1.0,1,1,0,0,complete,False,False
Como,2002,Grain maize,4780.0,49046.0,10.260669456066946,Como,1.0,1,1,0,0,complete,False,False
Como,2002,Soft wheat,90.0,390.0,4.333333333333333,Como,1.0,1,1,0,0,complete,False,False
Como,2003,Grain maize,1625.0,12162.5,7.484615384615385,Como,1.0,1,1,0,0,complete,False,False
Como,2003,Soft wheat,90.0,390.0,4.333333333333333,Como,1.0,1,1,0,0,complete,False,False
Como,2004,Grain maize,2485.0,24780.0,9.971830985915492,Como,1.0,1,1,0,0,complete,False,False
Como,2004,Soft wheat,380.0,2090.0,5.5,Como,1.0,1,1,0,0,complete,False,False
Como,2005,Grain maize,2410.0,22190.5,9.207676348547718,Como,1.0,1,1,0,0,complete,False,False
Como,2005,Soft wheat,427.0,2135.0,5.0,Como,1.0,1,1,0,0,complete,False,False
Como,2006,Grain maize,2390.0,18855.0,7.889121338912134,Como,1.0,1,1,0,0,complete,False,False
Como,2006,Soft wheat,498.0,2793.0,5.608433734939759,Como,1.0,1,1,0,0,complete,False,False
Como,2007,Grain maize,2201.0,17608.0,8.0,Como,1.0,1,1,0,0,complete,False,False
Como,2007,Soft wheat,712.0,3560.0,5.0,Como,1.0,1,1,0,0,complete,False,False
Como,2008,Grain maize,2465.0,18487.5,7.5,Como,1.0,1,1,0,0,complete,False,False
Como,2008,Soft wheat,701.0,3026.3,4.317118402282454,Como,1.0,1,1,0,0,complete,False,False
Como,2009,Grain maize,2405.0,18037.5,7.5,Como,1.0,1,1,0,0,complete,False,False
Como,2009,Soft wheat,364.0,1820.0,5.0,Como,1.0,1,1,0,0,complete,False,False
Como,2010,Grain maize,1902.0,15205.5,7.994479495268139,Como,1.0,1,1,0,0,complete,False,False
Como,2010,Soft wheat,505.0,2525.0,5.0,Como,1.0,1,1,0,0,complete,False,False
Como,2011,Grain maize,2222.0,17768.0,7.996399639963997,Como,1.0,1,1,0,0,complete,False,False
Como,2011,Soft wheat,402.0,2010.0,5.0,Como,1.0,1,1,0,0,complete,False,False
Como,2012,Grain maize,2240.0,13482.0,6.01875,Como,1.0,1,1,0,0,complete,False,False
Como,2012,Soft wheat,470.0,2491.0,5.3,Como,1.0,1,1,0,0,complete,False,False
Como,2013,Grain maize,1855.0,11130.0,6.0,Como,1.0,1,1,0,0,complete,False,False
Como,2013,Soft wheat,555.0,2941.5,5.3,Como,1.0,1,1,0,0,complete,False,False
Como,2014,Grain maize,1906.0,15248.0,8.0,Como,1.0,1,1,0,0,complete,False,False
Como,2014,Soft wheat,461.0,2305.0,5.0,Como,1.0,1,1,0,0,complete,False,False
Como,2015,Grain maize,1730.0,10380.0,6.0,Como,1.0,1,1,0,0,complete,False,False
Como,2015,Soft wheat,444.0,1998.0,4.5,Como,1.0,1,1,0,0,complete,False,False
Como,2016,Grain maize,1400.0,11200.0,8.0,Como,1.0,1,1,0,0,complete,False,False
Como,2016,Soft wheat,498.0,2490.0,5.0,Como,1.0,1,1,0,0,complete,False,False
Como,2017,Grain maize,1472.0,9925.0,6.742527173913044,Como,1.0,1,1,0,0,complete,False,False
Como,2017,Soft wheat,521.0,2605.0,5.0,Como,1.0,1,1,0,0,complete,False,False
Como,2018,Durum wheat,2.0,8.0,4.0,Como,1.0,1,1,0,0,complete,False,False
Como,2018,Grain maize,1550.0,12400.0,8.0,Como,1.0,1,1,0,0,complete,False,False
Como,2018,Soft wheat,505.0,2525.0,5.0,Como,1.0,1,1,0,0,complete,False,False
Como,2019,Durum wheat,2.0,8.0,4.0,Como,1.0,1,1,0,0,complete,False,False
Como,2019,Grain maize,1580.0,12640.0,8.0,Como,1.0,1,1,0,0,complete,False,False
Como,2019,Soft wheat,525.0,2625.0,5.0,Como,1.0,1,1,0,0,complete,False,False
Como,2020,Durum wheat,2.0,8.0,4.0,Como,1.0,1,1,0,0,complete,False,False
Como,2020,Grain maize,1545.0,13890.0,8.990291262135923,Como,1.0,1,1,0,0,complete,False,False
Como,2020,Soft wheat,469.0,2345.0,5.0,Como,1.0,1,1,0,0,complete,False,False
Como,2021,Durum wheat,1.0,4.5,4.5,Como,1.0,1,1,0,0,complete,False,False
Como,2021,Grain maize,1565.0,14070.0,8.99041533546326,Como,1.0,1,1,0,0,complete,False,False
Como,2021,Soft wheat,490.0,2822.5,5.760204081632653,Como,1.0,1,1,0,0,complete,False,False
Como,2022,Durum wheat,1.0,4.0,4.0,Como,1.0,1,1,0,0,complete,False,False
Como,2022,Grain maize,1125.0,6760.0,6.0088888888888885,Como,1.0,1,1,0,0,complete,False,False
Como,2022,Soft wheat,470.0,2350.0,5.0,Como,1.0,1,1,0,0,complete,False,False
Cosenza,1995,Durum wheat,26015.0,55490.0,2.1330001921968096,Cosenza,1.0,1,1,0,0,complete,False,False
Cosenza,1995,Grain maize,2573.0,26728.4,10.388029537504858,Cosenza,1.0,1,1,0,0,complete,False,False
Cosenza,1995,Soft wheat,20877.0,42548.3,2.03804665421277,Cosenza,1.0,1,1,0,0,complete,False,False
Cosenza,1996,Durum wheat,15804.0,35511.9,2.2470197418375095,Cosenza,1.0,1,1,0,0,complete,False,False
Cosenza,1996,Grain maize,1778.0,9632.8,5.417772778402699,Cosenza,1.0,1,1,0,0,complete,False,False
Cosenza,1996,Soft wheat,17006.0,39691.6,2.3339762436787015,Cosenza,1.0,1,1,0,0,complete,False,False
Cosenza,1997,Durum wheat,17050.0,34053.1,1.99724926686217,Cosenza,1.0,1,1,0,0,complete,False,False
Cosenza,1997,Grain maize,1219.0,5686.7,4.665053322395406,Cosenza,1.0,1,1,0,0,complete,True,False
Cosenza,1997,Soft wheat,16266.0,29740.4,1.8283782122218124,Cosenza,1.0,1,1,0,0,complete,False,False
Cosenza,1998,Durum wheat,17269.0,38284.9,2.216972609878974,Cosenza,1.0,1,1,0,0,complete,False,False
Cosenza,1998,Grain maize,1308.0,6355.8,4.859174311926606,Cosenza,1.0,1,1,0,0,complete,True,False
Cosenza,1998,Soft wheat,15913.0,38820.5,2.439546282913341,Cosenza,1.0,1,1,0,0,complete,False,False
Cosenza,1999,Durum wheat,18297.0,40962.9,2.2387768486637154,Cosenza,1.0,1,1,0,0,complete,False,False
Cosenza,1999,Grain maize,1278.0,6355.8,4.973239436619719,Cosenza,1.0,1,1,0,0,complete,False,False
Cosenza,1999,Soft wheat,13326.0,33630.0,2.5236380009004953,Cosenza,1.0,1,1,0,0,complete,False,False
Cosenza,2000,Durum wheat,17605.0,32146.5,1.8259869355296792,Cosenza,1.0,1,1,0,0,complete,False,False
Cosenza,2000,Grain maize,2418.0,8204.7,3.39317617866005,Cosenza,1.0,1,1,0,0,complete,False,False
Cosenza,2000,Soft wheat,13630.0,31062.6,2.278987527512839,Cosenza,1.0,1,1,0,0,complete,False,False
Cosenza,2001,Durum wheat,17630.0,37648.2,2.135462280204197,Cosenza,1.0,1,1,0,0,complete,False,False
Cosenza,2001,Grain maize,1727.0,8023.7,4.646033584250144,Cosenza,1.0,1,1,0,0,complete,False,False
Cosenza,2001,Soft wheat,12238.0,31494.4,2.573492400719072,Cosenza,1.0,1,1,0,0,complete,False,False
Cosenza,2002,Durum wheat,17630.0,60000.0,3.403289846851957,Cosenza,1.0,1,1,0,0,complete,False,False
Cosenza,2002,Grain maize,2072.0,6340.3,3.0599903474903476,Cosenza,1.0,1,1,0,0,complete,False,False
Cosenza,2002,Soft wheat,12242.0,29904.8,2.4428034634863582,Cosenza,1.0,1,1,0,0,complete,False,False
Cosenza,2003,Durum wheat,17639.0,36865.5,2.0899994330744374,Cosenza,1.0,1,1,0,0,complete,False,False
Cosenza,2003,Grain maize,1986.0,7611.0,3.8323262839879155,Cosenza,1.0,1,1,0,0,complete,False,False
Cosenza,2003,Soft wheat,12238.0,31390.4,2.5649942801111294,Cosenza,1.0,1,1,0,0,complete,False,False
Cosenza,2004,Durum wheat,17630.0,54245.1,3.0768633011911515,Cosenza,1.0,1,1,0,0,complete,False,False
Cosenza,2004,Grain maize,2418.0,8200.0,3.391232423490488,Cosenza,1.0,1,1,0,0,complete,False,False
Cosenza,2004,Soft wheat,12238.0,31390.4,2.5649942801111294,Cosenza,1.0,1,1,0,0,complete,False,False
Cosenza,2005,Durum wheat,12460.0,39872.0,3.2,Cosenza,1.0,1,1,0,0,complete,False,False
Cosenza,2005,Grain maize,2400.0,8665.0,3.6104166666666666,Cosenza,1.0,1,1,0,0,complete,False,False
Cosenza,2005,Soft wheat,9240.0,21940.0,2.3744588744588744,Cosenza,1.0,1,1,0,0,complete,False,False
Cosenza,2006,Durum wheat,9968.0,28907.2,2.9,Cosenza,1.0,1,1,0,0,complete,False,False
Cosenza,2006,Grain maize,2380.0,8601.0,3.6138655462184874,Cosenza,1.0,1,1,0,0,complete,False,False
Cosenza,2006,Soft wheat,11236.0,28225.3,2.5120416518333926,Cosenza,1.0,1,1,0,0,complete,False,False
Cosenza,2007,Durum wheat,13044.0,29981.0,2.2984513952775223,Cosenza,1.0,1,1,0,0,complete,False,False
Cosenza,2007,Grain maize,1742.0,10298.0,5.911595866819748,Cosenza,1.0,1,1,0,0,complete,False,False
Cosenza,2007,Soft wheat,11614.0,27630.2,2.3790425348717066,Cosenza,1.0,1,1,0,0,complete,False,False
Cosenza,2008,Durum wheat,15362.0,33793.8,2.1998307512042703,Cosenza,1.0,1,1,0,0,complete,False,False
Cosenza,2008,Grain maize,1983.0,10344.2,5.216439737771054,Cosenza,1.0,1,1,0,0,complete,False,False
Cosenza,2008,Soft wheat,10722.0,25860.5,2.411910091400858,Cosenza,1.0,1,1,0,0,complete,False,False
Cosenza,2009,Durum wheat,7545.0,17604.8,2.333306825712392,Cosenza,1.0,1,1,0,0,complete,False,False
Cosenza,2009,Grain maize,301.0,2010.7,6.6800664451827245,Cosenza,1.0,1,1,0,0,complete,False,False
Cosenza,2009,Soft wheat,1741.0,4190.5,2.4069500287191268,Cosenza,1.0,1,1,0,0,complete,False,False
Cosenza,2010,Durum wheat,10414.0,24216.1,2.3253408872671404,Cosenza,1.0,1,1,0,0,complete,False,False
Cosenza,2010,Grain maize,430.0,2709.0,6.3,Cosenza,1.0,1,1,0,0,complete,False,False
Cosenza,2010,Soft wheat,8142.0,20403.5,2.5059567673790224,Cosenza,1.0,1,1,0,0,complete,False,False
Cosenza,2011,Durum wheat,10406.0,23970.4,2.3035172016144534,Cosenza,1.0,1,1,0,0,complete,False,False
Cosenza,2011,Grain maize,450.0,2710.0,6.022222222222222,Cosenza,1.0,1,1,0,0,complete,False,False
Cosenza,2011,Soft wheat,7061.0,17232.6,2.440532502478402,Cosenza,1.0,1,1,0,0,complete,False,False
Cosenza,2012,Durum wheat,14382.0,38406.0,2.6704213600333753,Cosenza,1.0,1,1,0,0,complete,True,False
Cosenza,2012,Grain maize,1012.0,5256.9,5.194565217391304,Cosenza,1.0,1,1,0,0,complete,True,False
Cosenza,2012,Soft wheat,7370.0,19687.7,2.6713297150610584,Cosenza,1.0,1,1,0,0,complete,True,False
Cosenza,2013,Durum wheat,14450.0,37297.6,2.5811487889273357,Cosenza,1.0,1,1,0,0,complete,True,False
Cosenza,2013,Grain maize,1001.0,5021.0,5.015984015984016,Cosenza,1.0,1,1,0,0,complete,True,False
Cosenza,2013,Soft wheat,7221.0,18705.7,2.590458385265199,Cosenza,1.0,1,1,0,0,complete,True,False
Cosenza,2014,Durum wheat,11016.0,30295.8,2.7501633986928105,Cosenza,1.0,1,1,0,0,complete,False,False
Cosenza,2014,Grain maize,972.0,4917.1,5.0587448559670785,Cosenza,1.0,1,1,0,0,complete,False,False
Cosenza,2014,Soft wheat,6632.0,18140.5,2.735298552472859,Cosenza,1.0,1,1,0,0,complete,False,False
Cosenza,2015,Durum wheat,10732.0,29585.5,2.756755497577339,Cosenza,1.0,1,1,0,0,complete,False,False
Cosenza,2015,Grain maize,975.0,4935.6,5.062153846153847,Cosenza,1.0,1,1,0,0,complete,False,False
Cosenza,2015,Soft wheat,6515.0,17586.4,2.699370683039141,Cosenza,1.0,1,1,0,0,complete,False,False
Cosenza,2016,Durum wheat,10640.0,29371.0,2.7604323308270677,Cosenza,1.0,1,1,0,0,complete,False,False
Cosenza,2016,Grain maize,936.0,4474.5,4.780448717948718,Cosenza,1.0,1,1,0,0,complete,False,False
Cosenza,2016,Soft wheat,6498.0,17726.1,2.727931671283472,Cosenza,1.0,1,1,0,0,complete,False,False
Cosenza,2017,Durum wheat,10379.0,27702.9,2.669129973985933,Cosenza,1.0,1,1,0,0,complete,False,False
Cosenza,2017,Grain maize,969.0,4550.7,4.696284829721362,Cosenza,1.0,1,1,0,0,complete,False,False
Cosenza,2017,Soft wheat,6418.0,16912.8,2.6352134621377377,Cosenza,1.0,1,1,0,0,complete,False,False
Cosenza,2018,Durum wheat,10286.0,29338.4,2.852265214855143,Cosenza,1.0,1,1,0,0,complete,False,False
Cosenza,2018,Grain maize,1029.0,5423.0,5.270165208940719,Cosenza,1.0,1,1,0,0,complete,False,False
Cosenza,2018,Soft wheat,6278.0,17372.6,2.7672188595093976,Cosenza,1.0,1,1,0,0,complete,False,False
Cosenza,2019,Durum wheat,10307.0,29475.6,2.8597652081109923,Cosenza,1.0,1,1,0,0,complete,False,False
Cosenza,2019,Grain maize,971.0,4947.7,5.095468589083419,Cosenza,1.0,1,1,0,0,complete,False,False
Cosenza,2019,Soft wheat,6351.0,17507.8,2.7566997323256177,Cosenza,1.0,1,1,0,0,complete,False,False
Cosenza,2020,Durum wheat,10290.0,30979.8,3.01067055393586,Cosenza,1.0,1,1,0,0,complete,False,False
Cosenza,2020,Grain maize,861.0,4297.5,4.991289198606272,Cosenza,1.0,1,1,0,0,complete,False,False
Cosenza,2020,Soft wheat,6380.0,18495.0,2.8989028213166144,Cosenza,1.0,1,1,0,0,complete,False,False
Cosenza,2021,Durum wheat,9792.0,28336.3,2.8938214869281045,Cosenza,1.0,1,1,0,0,complete,False,False
Cosenza,2021,Grain maize,768.0,3942.3,5.1332031250000005,Cosenza,1.0,1,1,0,0,complete,False,False
Cosenza,2021,Soft wheat,6327.0,18553.6,2.9324482377113954,Cosenza,1.0,1,1,0,0,complete,False,False
Cosenza,2022,Durum wheat,9792.0,28336.3,2.8938214869281045,Cosenza,1.0,1,1,0,0,complete,False,False
Cosenza,2022,Grain maize,768.0,3942.3,5.1332031250000005,Cosenza,1.0,1,1,0,0,complete,False,False
Cosenza,2022,Soft wheat,6327.0,18553.6,2.9324482377113954,Cosenza,1.0,1,1,0,0,complete,False,False
Cremona,1995,Durum wheat,500.0,2515.8,5.0316,Cremona,1.0,1,1,0,0,complete,False,False
Cremona,1995,Grain maize,48500.0,595722.7,12.282942268041236,Cremona,1.0,1,1,0,0,complete,False,False
Cremona,1995,Soft wheat,4850.0,25241.8,5.204494845360824,Cremona,1.0,1,1,0,0,complete,False,False
Cremona,1996,Durum wheat,100.0,500.0,5.0,Cremona,1.0,1,1,0,0,complete,False,False
Cremona,1996,Grain maize,55000.0,660000.0,12.0,Cremona,1.0,1,1,0,0,complete,False,False
Cremona,1996,Soft wheat,4000.0,24276.0,6.069,Cremona,1.0,1,1,0,0,complete,False,False
Cremona,1997,Durum wheat,45.0,253.9,5.642222222222222,Cremona,1.0,1,1,0,0,complete,False,False
Cremona,1997,Grain maize,55808.0,640706.5,11.480549383600918,Cremona,1.0,1,1,0,0,complete,True,False
Cremona,1997,Soft wheat,3200.0,16675.3,5.21103125,Cremona,1.0,1,1,0,0,complete,False,False
Cremona,1998,Durum wheat,445.0,2647.8,5.9501123595505625,Cremona,1.0,1,1,0,0,complete,False,False
Cremona,1998,Grain maize,54200.0,701952.6,12.951154981549815,Cremona,1.0,1,1,0,0,complete,True,False
Cremona,1998,Soft wheat,4800.0,30935.5,6.444895833333334,Cremona,1.0,1,1,0,0,complete,False,False
Cremona,1999,Durum wheat,440.0,2618.0,5.95,Cremona,1.0,1,1,0,0,complete,False,False
Cremona,1999,Grain maize,59700.0,701952.6,11.758,Cremona,1.0,1,1,0,0,complete,False,False
Cremona,1999,Soft wheat,5000.0,32225.0,6.445,Cremona,1.0,1,1,0,0,complete,False,False
Cremona,2000,Durum wheat,51.0,294.6,5.776470588235295,Cremona,1.0,1,1,0,0,complete,False,False
Cremona,2000,Grain maize,61200.0,691560.0,11.3,Cremona,1.0,1,1,0,0,complete,False,False
Cremona,2000,Soft wheat,4220.0,26054.3,6.1740047393364925,Cremona,1.0,1,1,0,0,complete,False,False
Cremona,2001,Durum wheat,43.0,250.8,5.832558139534884,Cremona,1.0,1,1,0,0,complete,False,False
Cremona,2001,Grain maize,65000.0,752251.6,11.573101538461538,Cremona,1.0,1,1,0,0,complete,False,False
Cremona,2001,Soft wheat,3600.0,22226.4,6.174,Cremona,1.0,1,1,0,0,complete,False,False
Cremona,2002,Durum wheat,301.0,1755.3,5.83156146179402,Cremona,1.0,1,1,0,0,complete,False,False
Cremona,2002,Grain maize,65000.0,750756.6,11.550101538461538,Cremona,1.0,1,1,0,0,complete,False,False
Cremona,2002,Soft wheat,8936.0,55170.9,6.174004028648165,Cremona,1.0,1,1,0,0,complete,False,False
Cremona,2003,Durum wheat,330.0,1731.8,5.247878787878788,Cremona,1.0,1,1,0,0,complete,False,False
Cremona,2003,Grain maize,66610.0,621851.0,9.3357003452935,Cremona,1.0,1,1,0,0,complete,False,False
Cremona,2003,Soft wheat,6972.0,36588.2,5.247877223178428,Cremona,1.0,1,1,0,0,complete,False,False
Cremona,2004,Durum wheat,525.0,3061.3,5.831047619047619,Cremona,1.0,1,1,0,0,complete,False,False
Cremona,2004,Grain maize,68775.0,795944.2,11.573161759360232,Cremona,1.0,1,1,0,0,complete,False,False
Cremona,2004,Soft wheat,7800.0,48157.2,6.1739999999999995,Cremona,1.0,1,1,0,0,complete,False,False
Cremona,2005,Durum wheat,500.0,2975.0,5.95,Cremona,1.0,1,1,0,0,complete,False,False
Cremona,2005,Grain maize,65222.0,763796.0,11.710711109748244,Cremona,1.0,1,1,0,0,complete,False,False
Cremona,2005,Soft wheat,7755.0,48856.5,6.3,Cremona,1.0,1,1,0,0,complete,False,False
Cremona,2006,Durum wheat,1164.0,6925.9,5.950085910652921,Cremona,1.0,1,1,0,0,complete,False,False
Cremona,2006,Grain maize,61463.0,719771.0,11.710638920976848,Cremona,1.0,1,1,0,0,complete,False,False
Cremona,2006,Soft wheat,8107.0,51074.1,6.3,Cremona,1.0,1,1,0,0,complete,False,False
Cremona,2007,Durum wheat,1800.0,9900.0,5.5,Cremona,1.0,1,1,0,0,complete,False,False
Cremona,2007,Grain maize,57100.0,656650.0,11.5,Cremona,1.0,1,1,0,0,complete,False,False
Cremona,2007,Soft wheat,12469.0,74814.0,6.0,Cremona,1.0,1,1,0,0,complete,False,False
Cremona,2008,Durum wheat,3450.0,20527.7,5.950057971014493,Cremona,1.0,1,1,0,0,complete,False,False
Cremona,2008,Grain maize,61000.0,701500.0,11.5,Cremona,1.0,1,1,0,0,complete,False,False
Cremona,2008,Soft wheat,12722.0,80148.6,6.300000000000001,Cremona,1.0,1,1,0,0,complete,False,False
Cremona,2009,Durum wheat,2688.0,15993.6,5.95,Cremona,1.0,1,1,0,0,complete,False,False
Cremona,2009,Grain maize,57300.0,661834.0,11.550331588132636,Cremona,1.0,1,1,0,0,complete,False,False
Cremona,2009,Soft wheat,9735.0,61330.5,6.3,Cremona,1.0,1,1,0,0,complete,False,False
Cremona,2010,Durum wheat,3120.0,18564.1,5.950032051282051,Cremona,1.0,1,1,0,0,complete,False,False
Cremona,2010,Grain maize,55000.0,643757.5,11.704681818181818,Cremona,1.0,1,1,0,0,complete,False,False
Cremona,2010,Soft wheat,8600.0,54180.0,6.3,Cremona,1.0,1,1,0,0,complete,False,False
Cremona,2011,Durum wheat,810.0,4819.6,5.9501234567901236,Cremona,1.0,1,1,0,0,complete,False,False
Cremona,2011,Grain maize,58100.0,697200.0,12.0,Cremona,1.0,1,1,0,0,complete,False,False
Cremona,2011,Soft wheat,5000.0,26500.0,5.3,Cremona,1.0,1,1,0,0,complete,False,False
Cremona,2012,Durum wheat,1045.0,5747.5,5.5,Cremona,1.0,1,1,0,0,complete,False,False
Cremona,2012,Grain maize,38000.0,364800.0,9.6,Cremona,1.0,1,1,0,0,complete,False,False
Cremona,2012,Soft wheat,7019.0,45623.5,6.5,Cremona,1.0,1,1,0,0,complete,False,False
Cremona,2013,Durum wheat,997.0,3489.5,3.5,Cremona,1.0,1,1,0,0,complete,True,False
Cremona,2013,Grain maize,34226.0,325147.0,9.5,Cremona,1.0,1,1,0,0,complete,False,False
Cremona,2013,Soft wheat,8960.0,35840.0,4.0,Cremona,1.0,1,1,0,0,complete,True,False
Cremona,2014,Durum wheat,794.0,3970.0,5.0,Cremona,1.0,1,1,0,0,complete,False,False
Cremona,2014,Grain maize,33000.0,396000.0,12.0,Cremona,1.0,1,1,0,0,complete,False,False
Cremona,2014,Soft wheat,8175.0,44962.5,5.5,Cremona,1.0,1,1,0,0,complete,False,False
Cremona,2015,Durum wheat,2520.0,13860.0,5.5,Cremona,1.0,1,1,0,0,complete,False,False
Cremona,2015,Grain maize,27045.0,256927.5,9.5,Cremona,1.0,1,1,0,0,complete,False,False
Cremona,2015,Soft wheat,10295.0,51475.0,5.0,Cremona,1.0,1,1,0,0,complete,False,False
Cremona,2016,Durum wheat,4337.0,23853.5,5.5,Cremona,1.0,1,1,0,0,complete,False,False
Cremona,2016,Grain maize,24300.0,340200.0,14.0,Cremona,1.0,1,1,0,0,complete,False,False
Cremona,2016,Soft wheat,10825.0,70362.5,6.5,Cremona,1.0,1,1,0,0,complete,False,False
Cremona,2017,Durum wheat,2670.0,15219.0,5.7,Cremona,1.0,1,1,0,0,complete,False,False
Cremona,2017,Grain maize,22869.0,262993.5,11.5,Cremona,1.0,1,1,0,0,complete,False,False
Cremona,2017,Soft wheat,9765.0,63472.5,6.5,Cremona,1.0,1,1,0,0,complete,False,False
Cremona,2018,Durum wheat,3285.0,14782.5,4.5,Cremona,1.0,1,1,0,0,complete,False,False
Cremona,2018,Grain maize,22220.0,288860.0,13.0,Cremona,1.0,1,1,0,0,complete,False,False
Cremona,2018,Soft wheat,8990.0,44950.0,5.0,Cremona,1.0,1,1,0,0,complete,False,False
Cremona,2019,Durum wheat,2100.0,8400.0,4.0,Cremona,1.0,1,1,0,0,complete,False,False
Cremona,2019,Grain maize,22500.0,270000.0,12.0,Cremona,1.0,1,1,0,0,complete,False,False
Cremona,2019,Soft wheat,7950.0,43725.0,5.5,Cremona,1.0,1,1,0,0,complete,False,False
Cremona,2020,Durum wheat,910.0,4095.0,4.5,Cremona,1.0,1,1,0,0,complete,False,False
Cremona,2020,Grain maize,22250.0,289250.0,13.0,Cremona,1.0,1,1,0,0,complete,False,False
Cremona,2020,Soft wheat,7500.0,45000.0,6.0,Cremona,1.0,1,1,0,0,complete,False,False
Cremona,2021,Durum wheat,1204.0,8428.0,7.0,Cremona,1.0,1,1,0,0,complete,False,False
Cremona,2021,Grain maize,22430.0,269160.0,12.0,Cremona,1.0,1,1,0,0,complete,False,False
Cremona,2021,Soft wheat,7810.0,58575.0,7.5,Cremona,1.0,1,1,0,0,complete,False,False
Cremona,2022,Durum wheat,2064.0,13416.0,6.5,Cremona,1.0,1,1,0,0,complete,False,False
Cremona,2022,Grain maize,22450.0,213275.0,9.5,Cremona,1.0,1,1,0,0,complete,False,False
Cremona,2022,Soft wheat,8135.0,56945.0,7.0,Cremona,1.0,1,1,0,0,complete,False,False
Crotone,1996,Durum wheat,12000.0,21780.0,1.815,Crotone,1.0,1,1,0,0,complete,False,False
Crotone,1997,Durum wheat,11700.0,21500.0,1.8376068376068375,Crotone,1.0,1,1,0,0,complete,False,False
Crotone,1998,Durum wheat,23664.0,71118.5,3.0053456727518593,Crotone,1.0,1,1,0,0,complete,False,False
Crotone,1998,Grain maize,728.0,12912.0,17.736263736263737,Crotone,1.0,1,1,0,0,complete,True,False
Crotone,1999,Durum wheat,25920.0,64800.0,2.5,Crotone,1.0,1,1,0,0,complete,False,False
Crotone,1999,Grain maize,1076.0,12912.0,12.0,Crotone,1.0,1,1,0,0,complete,False,False
Crotone,2000,Durum wheat,20166.0,39278.3,1.9477486859069724,Crotone,1.0,1,1,0,0,complete,False,False
Crotone,2000,Grain maize,1140.0,14250.0,12.5,Crotone,1.0,1,1,0,0,complete,False,False
Crotone,2001,Durum wheat,26500.0,65000.0,2.452830188679245,Crotone,1.0,1,1,0,0,complete,False,False
Crotone,2001,Grain maize,870.0,12500.0,14.367816091954023,Crotone,1.0,1,1,0,0,complete,False,False
Crotone,2002,Durum wheat,27000.0,67500.0,2.5,Crotone,1.0,1,1,0,0,complete,False,False
Crotone,2002,Grain maize,1100.0,14850.0,13.5,Crotone,1.0,1,1,0,0,complete,False,False
Crotone,2003,Durum wheat,17000.0,30600.0,1.8,Crotone,1.0,1,1,0,0,complete,False,False
Crotone,2003,Grain maize,750.0,9260.0,12.346666666666666,Crotone,1.0,1,1,0,0,complete,False,False
Crotone,2003,Soft wheat,25.0,71.5,2.86,Crotone,1.0,1,1,0,0,complete,False,False
Crotone,2004,Durum wheat,25000.0,60750.0,2.43,Crotone,1.0,1,1,0,0,complete,False,False
Crotone,2004,Grain maize,800.0,10800.0,13.5,Crotone,1.0,1,1,0,0,complete,False,False
Crotone,2004,Soft wheat,20.0,76.0,3.8,Crotone,1.0,1,1,0,0,complete,False,False
Crotone,2005,Durum wheat,19000.0,59500.0,3.1315789473684212,Crotone,1.0,1,1,0,0,complete,False,False
Crotone,2005,Grain maize,894.0,12142.0,13.58165548098434,Crotone,1.0,1,1,0,0,complete,False,False
Crotone,2005,Soft wheat,15.0,60.0,4.0,Crotone,1.0,1,1,0,0,complete,False,False
Crotone,2006,Durum wheat,15200.0,47120.0,3.1,Crotone,1.0,1,1,0,0,complete,False,False
Crotone,2006,Grain maize,833.0,11110.5,13.337935174069628,Crotone,1.0,1,1,0,0,complete,False,False
Crotone,2006,Soft wheat,15.0,61.0,4.066666666666666,Crotone,1.0,1,1,0,0,complete,False,False
Crotone,2007,Durum wheat,18270.0,48794.0,2.6707170224411603,Crotone,1.0,1,1,0,0,complete,False,False
Crotone,2007,Grain maize,820.0,8673.0,10.576829268292682,Crotone,1.0,1,1,0,0,complete,False,False
Crotone,2007,Soft wheat,19.0,67.0,3.526315789473684,Crotone,1.0,1,1,0,0,complete,False,False
Crotone,2008,Durum wheat,16735.0,47957.0,2.8656707499253065,Crotone,1.0,1,1,0,0,complete,False,False
Crotone,2008,Grain maize,815.0,8959.0,10.992638036809815,Crotone,1.0,1,1,0,0,complete,False,False
Crotone,2008,Soft wheat,17.0,64.0,3.764705882352941,Crotone,1.0,1,1,0,0,complete,False,False
Crotone,2009,Durum wheat,5932.0,12593.4,2.1229602157788268,Crotone,1.0,1,1,0,0,complete,False,False
Crotone,2009,Grain maize,152.0,1769.0,11.638157894736842,Crotone,1.0,1,1,0,0,complete,False,False
Crotone,2009,Soft wheat,3.0,11.9,3.966666666666667,Crotone,1.0,1,1,0,0,complete,False,False
Crotone,2010,Durum wheat,7185.0,24020.0,3.3430758524704247,Crotone,1.0,1,1,0,0,complete,False,False
Crotone,2010,Grain maize,846.0,9267.0,10.953900709219859,Crotone,1.0,1,1,0,0,complete,False,False
Crotone,2010,Soft wheat,3.0,11.9,3.966666666666667,Crotone,1.0,1,1,0,0,complete,False,False
Crotone,2011,Durum wheat,7100.0,14520.0,2.045070422535211,Crotone,1.0,1,1,0,0,complete,False,False
Crotone,2011,Grain maize,660.0,7267.7,11.011666666666667,Crotone,1.0,1,1,0,0,complete,False,False
Crotone,2011,Soft wheat,5.0,12.2,2.44,Crotone,1.0,1,1,0,0,complete,False,False
Crotone,2012,Durum wheat,8100.0,18514.8,2.2857777777777777,Crotone,1.0,1,1,0,0,complete,False,False
Crotone,2012,Grain maize,618.0,5452.5,8.822815533980583,Crotone,1.0,1,1,0,0,complete,True,False
Crotone,2012,Soft wheat,3.0,6.6,2.1999999999999997,Crotone,1.0,1,1,0,0,complete,False,False
Crotone,2013,Durum wheat,8650.0,29500.0,3.4104046242774566,Crotone,1.0,1,1,0,0,complete,True,False
Crotone,2013,Grain maize,550.0,5750.0,10.454545454545455,Crotone,1.0,1,1,0,0,complete,False,False
Crotone,2013,Soft wheat,6.0,22.5,3.75,Crotone,1.0,1,1,0,0,complete,True,False
Crotone,2014,Durum wheat,8500.0,20100.0,2.364705882352941,Crotone,1.0,1,1,0,0,complete,False,False
Crotone,2014,Grain maize,480.0,4685.0,9.760416666666666,Crotone,1.0,1,1,0,0,complete,False,False
Crotone,2014,Soft wheat,8.0,23.0,2.875,Crotone,1.0,1,1,0,0,complete,False,False
Crotone,2015,Durum wheat,8380.0,19250.0,2.2971360381861574,Crotone,1.0,1,1,0,0,complete,False,False
Crotone,2015,Grain maize,295.0,2855.0,9.677966101694915,Crotone,1.0,1,1,0,0,complete,False,False
Crotone,2015,Soft wheat,11.0,30.7,2.790909090909091,Crotone,1.0,1,1,0,0,complete,False,False
Crotone,2016,Durum wheat,8250.0,19774.0,2.396848484848485,Crotone,1.0,1,1,0,0,complete,False,False
Crotone,2016,Grain maize,290.0,2781.0,9.589655172413794,Crotone,1.0,1,1,0,0,complete,False,False
Crotone,2016,Soft wheat,11.0,31.8,2.890909090909091,Crotone,1.0,1,1,0,0,complete,False,False
Crotone,2017,Durum wheat,7150.0,17874.0,2.49986013986014,Crotone,1.0,1,1,0,0,complete,False,False
Crotone,2017,Grain maize,285.0,2702.5,9.482456140350877,Crotone,1.0,1,1,0,0,complete,False,False
Crotone,2017,Soft wheat,10.0,33.8,3.38,Crotone,1.0,1,1,0,0,complete,False,False
Crotone,2018,Durum wheat,7030.0,16870.0,2.399715504978663,Crotone,1.0,1,1,0,0,complete,False,False
Crotone,2018,Grain maize,280.0,2601.0,9.289285714285715,Crotone,1.0,1,1,0,0,complete,False,False
Crotone,2018,Soft wheat,11.0,36.3,3.3,Crotone,1.0,1,1,0,0,complete,False,False
Crotone,2019,Durum wheat,6950.0,17010.0,2.447482014388489,Crotone,1.0,1,1,0,0,complete,False,False
Crotone,2019,Grain maize,275.0,2528.0,9.192727272727273,Crotone,1.0,1,1,0,0,complete,False,False
Crotone,2019,Soft wheat,10.0,33.5,3.35,Crotone,1.0,1,1,0,0,complete,False,False
Crotone,2020,Durum wheat,6910.0,16580.0,2.399421128798842,Crotone,1.0,1,1,0,0,complete,False,False
Crotone,2020,Grain maize,270.0,2428.0,8.992592592592592,Crotone,1.0,1,1,0,0,complete,False,False
Crotone,2020,Soft wheat,11.0,36.3,3.3,Crotone,1.0,1,1,0,0,complete,False,False
Crotone,2021,Durum wheat,6850.0,14793.5,2.1596350364963506,Crotone,1.0,1,1,0,0,complete,False,False
Crotone,2021,Grain maize,275.0,2336.5,8.496363636363636,Crotone,1.0,1,1,0,0,complete,False,False
Crotone,2022,Durum wheat,6850.0,14793.5,2.1596350364963506,Crotone,1.0,1,1,0,0,complete,False,False
Crotone,2022,Grain maize,275.0,2336.5,8.496363636363636,Crotone,1.0,1,1,0,0,complete,False,False
Cuneo,1995,Grain maize,40500.0,320000.0,7.901234567901234,Cuneo,1.0,1,1,0,0,complete,False,False
Cuneo,1995,Soft wheat,22000.0,103994.0,4.727,Cuneo,1.0,1,1,0,0,complete,False,False
Cuneo,1996,Grain maize,41100.0,353600.0,8.603406326034063,Cuneo,1.0,1,1,0,0,complete,False,False
Cuneo,1996,Soft wheat,24000.0,110400.0,4.6,Cuneo,1.0,1,1,0,0,complete,False,False
Cuneo,1997,Grain maize,41000.0,349600.0,8.526829268292683,Cuneo,1.0,1,1,0,0,complete,True,False
Cuneo,1997,Soft wheat,20100.0,90300.0,4.492537313432836,Cuneo,1.0,1,1,0,0,complete,False,False
Cuneo,1998,Grain maize,39000.0,333600.0,8.553846153846154,Cuneo,1.0,1,1,0,0,complete,True,False
Cuneo,1998,Soft wheat,22400.0,94120.0,4.201785714285714,Cuneo,1.0,1,1,0,0,complete,False,False
Cuneo,1999,Grain maize,42000.0,333600.0,7.942857142857143,Cuneo,1.0,1,1,0,0,complete,False,False
Cuneo,1999,Soft wheat,23500.0,91320.0,3.8859574468085105,Cuneo,1.0,1,1,0,0,complete,False,False
Cuneo,2000,Grain maize,41000.0,334340.0,8.154634146341463,Cuneo,1.0,1,1,0,0,complete,False,False
Cuneo,2000,Soft wheat,22500.0,90842.8,4.037457777777778,Cuneo,1.0,1,1,0,0,complete,False,False
Cuneo,2001,Grain maize,40820.0,334360.0,8.19108280254777,Cuneo,1.0,1,1,0,0,complete,False,False
Cuneo,2001,Soft wheat,19568.0,113500.0,5.800286181520851,Cuneo,1.0,1,1,0,0,complete,False,False
Cuneo,2002,Grain maize,40820.0,300951.0,7.3726359627633515,Cuneo,1.0,1,1,0,0,complete,False,False
Cuneo,2002,Soft wheat,22568.0,119175.0,5.280707196029777,Cuneo,1.0,1,1,0,0,complete,False,False
Cuneo,2003,Grain maize,50400.0,340000.0,6.746031746031746,Cuneo,1.0,1,1,0,0,complete,False,False
Cuneo,2003,Soft wheat,21100.0,103500.0,4.9052132701421804,Cuneo,1.0,1,1,0,0,complete,False,False
Cuneo,2004,Grain maize,50400.0,440000.0,8.73015873015873,Cuneo,1.0,1,1,0,0,complete,False,False
Cuneo,2004,Soft wheat,22800.0,118500.0,5.197368421052632,Cuneo,1.0,1,1,0,0,complete,False,False
Cuneo,2005,Grain maize,48500.0,393230.0,8.107835051546392,Cuneo,1.0,1,1,0,0,complete,False,False
Cuneo,2005,Soft wheat,24000.0,132000.0,5.5,Cuneo,1.0,1,1,0,0,complete,False,False
Cuneo,2006,Grain maize,50500.0,380000.0,7.524752475247524,Cuneo,1.0,1,1,0,0,complete,False,False
Cuneo,2006,Soft wheat,21000.0,105000.0,5.0,Cuneo,1.0,1,1,0,0,complete,False,False
Cuneo,2007,Durum wheat,199.0,966.6,4.857286432160804,Cuneo,1.0,1,1,0,0,complete,False,False
Cuneo,2007,Grain maize,48800.0,387000.0,7.930327868852459,Cuneo,1.0,1,1,0,0,complete,False,False
Cuneo,2007,Soft wheat,22670.0,112894.7,4.979916188795765,Cuneo,1.0,1,1,0,0,complete,False,False
Cuneo,2008,Durum wheat,925.0,3420.0,3.6972972972972973,Cuneo,1.0,1,1,0,0,complete,False,False
Cuneo,2008,Grain maize,52380.0,443700.0,8.470790378006873,Cuneo,1.0,1,1,0,0,complete,False,False
Cuneo,2008,Soft wheat,28000.0,123200.0,4.4,Cuneo,1.0,1,1,0,0,complete,False,False
Cuneo,2009,Durum wheat,579.0,1505.4,2.6,Cuneo,1.0,1,1,0,0,complete,False,False
Cuneo,2009,Grain maize,47255.0,300069.3,6.350001058089091,Cuneo,1.0,1,1,0,0,complete,False,False
Cuneo,2009,Soft wheat,22059.0,79191.8,3.5899995466702936,Cuneo,1.0,1,1,0,0,complete,False,False
Cuneo,2010,Durum wheat,303.0,1373.0,4.531353135313531,Cuneo,1.0,1,1,0,0,complete,False,False
Cuneo,2010,Grain maize,61181.0,434923.1,7.108793579706117,Cuneo,1.0,1,1,0,0,complete,False,False
Cuneo,2010,Soft wheat,17708.0,93821.6,5.298260673142083,Cuneo,1.0,1,1,0,0,complete,False,False
Cuneo,2011,Durum wheat,502.0,1505.4,2.9988047808764944,Cuneo,1.0,1,1,0,0,complete,False,False
Cuneo,2011,Grain maize,64300.0,450200.0,7.001555209953343,Cuneo,1.0,1,1,0,0,complete,False,False
Cuneo,2011,Soft wheat,21200.0,93922.0,4.430283018867924,Cuneo,1.0,1,1,0,0,complete,False,False
Cuneo,2012,Durum wheat,71.0,345.2,4.861971830985915,Cuneo,1.0,1,1,0,0,complete,False,False
Cuneo,2012,Grain maize,61040.0,555399.3,9.09894003931848,Cuneo,1.0,1,1,0,0,complete,False,False
Cuneo,2012,Soft wheat,17868.0,109653.1,6.136842399820909,Cuneo,1.0,1,1,0,0,complete,False,False
Cuneo,2013,Durum wheat,30.0,130.0,4.333333333333333,Cuneo,1.0,1,1,0,0,complete,True,False
Cuneo,2013,Grain maize,52000.0,458000.0,8.807692307692308,Cuneo,1.0,1,1,0,0,complete,False,False
Cuneo,2013,Soft wheat,22200.0,106000.0,4.774774774774775,Cuneo,1.0,1,1,0,0,complete,True,False
Cuneo,2014,Durum wheat,29.0,115.0,3.9655172413793105,Cuneo,1.0,1,1,0,0,complete,False,False
Cuneo,2014,Grain maize,48600.0,492050.0,10.12448559670782,Cuneo,1.0,1,1,0,0,complete,False,False
Cuneo,2014,Soft wheat,20300.0,109100.0,5.374384236453202,Cuneo,1.0,1,1,0,0,complete,False,False
Cuneo,2015,Durum wheat,43.0,215.0,5.0,Cuneo,1.0,1,1,0,0,complete,False,False
Cuneo,2015,Grain maize,44150.0,418840.0,9.486749716874293,Cuneo,1.0,1,1,0,0,complete,False,False
Cuneo,2015,Soft wheat,19800.0,111800.0,5.646464646464646,Cuneo,1.0,1,1,0,0,complete,False,False
Cuneo,2016,Durum wheat,323.0,1292.0,4.0,Cuneo,1.0,1,1,0,0,complete,False,False
Cuneo,2016,Grain maize,42300.0,424960.0,10.046335697399527,Cuneo,1.0,1,1,0,0,complete,False,False
Cuneo,2016,Soft wheat,18143.0,99786.5,5.5,Cuneo,1.0,1,1,0,0,complete,False,False
Cuneo,2017,Durum wheat,222.0,1000.0,4.504504504504505,Cuneo,1.0,1,1,0,0,complete,False,False
Cuneo,2017,Grain maize,42241.0,464651.0,11.0,Cuneo,1.0,1,1,0,0,complete,False,False
Cuneo,2017,Soft wheat,17291.0,93400.0,5.401654039673819,Cuneo,1.0,1,1,0,0,complete,False,False
Cuneo,2018,Durum wheat,262.0,1300.0,4.961832061068702,Cuneo,1.0,1,1,0,0,complete,False,False
Cuneo,2018,Grain maize,39178.0,450800.0,11.506457705855327,Cuneo,1.0,1,1,0,0,complete,False,False
Cuneo,2018,Soft wheat,15381.0,86200.0,5.604317014498407,Cuneo,1.0,1,1,0,0,complete,False,False
Cuneo,2019,Durum wheat,130.0,780.0,6.0,Cuneo,1.0,1,1,0,0,complete,False,False
Cuneo,2019,Grain maize,40100.0,430000.0,10.723192019950124,Cuneo,1.0,1,1,0,0,complete,False,False
Cuneo,2019,Soft wheat,13500.0,83700.0,6.2,Cuneo,1.0,1,1,0,0,complete,False,False
Cuneo,2020,Durum wheat,55.0,324.5,5.9,Cuneo,1.0,1,1,0,0,complete,False,False
Cuneo,2020,Grain maize,40600.0,487200.0,12.0,Cuneo,1.0,1,1,0,0,complete,False,False
Cuneo,2020,Soft wheat,13253.0,82168.6,6.2,Cuneo,1.0,1,1,0,0,complete,False,False
Cuneo,2021,Durum wheat,55.0,302.5,5.5,Cuneo,1.0,1,1,0,0,complete,False,False
Cuneo,2021,Grain maize,39200.0,431200.0,11.0,Cuneo,1.0,1,1,0,0,complete,False,False
Cuneo,2021,Soft wheat,16350.0,104360.0,6.382874617737003,Cuneo,1.0,1,1,0,0,complete,False,False
Cuneo,2022,Durum wheat,60.0,275.0,4.583333333333333,Cuneo,1.0,1,1,0,0,complete,False,False
Cuneo,2022,Grain maize,39510.0,395100.0,10.0,Cuneo,1.0,1,1,0,0,complete,False,False
Cuneo,2022,Soft wheat,16085.0,85200.0,5.296860428971091,Cuneo,1.0,1,1,0,0,complete,False,False
Enna,1995,Durum wheat,53200.0,133000.0,2.5,Enna,1.0,1,1,0,0,complete,False,False
Enna,1996,Durum wheat,54000.0,100533.0,1.8617222222222223,Enna,1.0,1,1,0,0,complete,False,False
Enna,1997,Durum wheat,63000.0,160500.0,2.5476190476190474,Enna,1.0,1,1,0,0,complete,False,False
Enna,1998,Durum wheat,63000.0,167250.0,2.6547619047619047,Enna,1.0,1,1,0,0,complete,False,False
Enna,1999,Durum wheat,64000.0,119300.0,1.8640625,Enna,1.0,1,1,0,0,complete,False,False
Enna,2000,Durum wheat,61000.0,130342.1,2.136755737704918,Enna,1.0,1,1,0,0,complete,False,False
Enna,2001,Durum wheat,63000.0,76000.0,1.2063492063492063,Enna,1.0,1,1,0,0,complete,False,False
Enna,2002,Durum wheat,63000.0,70000.0,1.1111111111111112,Enna,1.0,1,1,0,0,complete,False,False
Enna,2003,Durum wheat,64000.0,190000.0,2.96875,Enna,1.0,1,1,0,0,complete,False,False
Enna,2004,Durum wheat,65000.0,213000.0,3.276923076923077,Enna,1.0,1,1,0,0,complete,False,False
Enna,2005,Durum wheat,63000.0,105000.0,1.6666666666666667,Enna,1.0,1,1,0,0,complete,False,False
Enna,2006,Durum wheat,50400.0,83657.0,1.659861111111111,Enna,1.0,1,1,0,0,complete,False,False
Enna,2007,Durum wheat,55800.0,148428.0,2.66,Enna,1.0,1,1,0,0,complete,False,False
Enna,2008,Durum wheat,58590.0,139151.2,2.37499914661205,Enna,1.0,1,1,0,0,complete,False,False
Enna,2009,Durum wheat,39320.0,74708.0,1.9,Enna,1.0,1,1,0,0,complete,False,False
Enna,2010,Durum wheat,50121.0,109514.4,2.1850002992757527,Enna,1.0,1,1,0,0,complete,False,False
Enna,2011,Durum wheat,50121.0,95229.9,1.9,Enna,1.0,1,1,0,0,complete,False,False
Enna,2012,Durum wheat,50121.0,95229.9,1.9,Enna,1.0,1,1,0,0,complete,True,False
Enna,2013,Durum wheat,50121.0,133321.9,2.6600007980686735,Enna,1.0,1,1,0,0,complete,True,False
Enna,2014,Durum wheat,51625.0,147131.2,2.849999031476998,Enna,1.0,1,1,0,0,complete,False,False
Enna,2015,Durum wheat,51625.0,171653.1,3.324999515738499,Enna,1.0,1,1,0,0,complete,False,False
Enna,2016,Durum wheat,51625.0,147131.2,2.849999031476998,Enna,1.0,1,1,0,0,complete,False,False
Enna,2017,Durum wheat,51625.0,147131.2,2.849999031476998,Enna,1.0,1,1,0,0,complete,False,False
Enna,2018,Durum wheat,51625.0,147131.2,2.849999031476998,Enna,1.0,1,1,0,0,complete,False,False
Enna,2019,Durum wheat,51625.0,147131.2,2.849999031476998,Enna,1.0,1,1,0,0,complete,False,False
Enna,2020,Durum wheat,51625.0,147131.2,2.849999031476998,Enna,1.0,1,1,0,0,complete,False,False
Enna,2021,Durum wheat,51625.0,147131.2,2.849999031476998,Enna,1.0,1,1,0,0,complete,False,False
Enna,2022,Durum wheat,51625.0,136806.2,2.6499990314769977,Enna,1.0,1,1,0,0,complete,False,False
Fermo,1995,Durum wheat,7680.85,27633.69,3.5977385315427326,MARCHE_FERMO,1.0,1,1,0,0,complete,False,True
Fermo,1995,Grain maize,3825.27,23781.13,6.2168500524146015,MARCHE_FERMO,1.0,1,1,0,0,complete,False,True
Fermo,1995,Soft wheat,15141.4,63959.78,4.224165532909771,MARCHE_FERMO,1.0,1,1,0,0,complete,False,True
Fermo,1996,Durum wheat,7427.54,30970.66,4.169706255368534,MARCHE_FERMO,1.0,1,1,0,0,complete,False,True
Fermo,1996,Grain maize,4005.82,26884.94,6.711469811424377,MARCHE_FERMO,1.0,1,1,0,0,complete,False,True
Fermo,1996,Soft wheat,7736.77,36810.08,4.757809783669412,MARCHE_FERMO,1.0,1,1,0,0,complete,False,True
Fermo,1997,Durum wheat,7808.18,33611.22,4.304616440707053,MARCHE_FERMO,1.0,1,1,0,0,complete,False,True
Fermo,1997,Grain maize,3877.82,24940.23,6.431507909082938,MARCHE_FERMO,1.0,1,1,0,0,complete,True,True
Fermo,1997,Soft wheat,7969.2,36612.42,4.594240325252221,MARCHE_FERMO,1.0,1,1,0,0,complete,False,True
Fermo,1998,Durum wheat,15355.64,67556.8,4.399477976821546,MARCHE_FERMO,1.0,1,1,0,0,complete,False,True
Fermo,1998,Grain maize,3488.42,23547.36,6.750150497933162,MARCHE_FERMO,1.0,1,1,0,0,complete,True,True
Fermo,1998,Soft wheat,6211.51,28633.93,4.609817902571194,MARCHE_FERMO,1.0,1,1,0,0,complete,False,True
Fermo,1999,Durum wheat,13560.9,51474.17,3.7957783037998953,MARCHE_FERMO,1.0,1,1,0,0,complete,False,True
Fermo,1999,Grain maize,3662.23,23547.36,6.429787315378881,MARCHE_FERMO,1.0,1,1,0,0,complete,False,True
Fermo,1999,Soft wheat,8605.84,37976.66,4.412894034748497,MARCHE_FERMO,1.0,1,1,0,0,complete,False,True
Fermo,2000,Durum wheat,12129.97,45267.85,3.731901233061582,MARCHE_FERMO,1.0,1,1,0,0,complete,False,True
Fermo,2000,Grain maize,3724.89,20261.12,5.439387471844806,MARCHE_FERMO,1.0,1,1,0,0,complete,False,True
Fermo,2000,Soft wheat,8033.2,33351.17,4.151666832644525,MARCHE_FERMO,1.0,1,1,0,0,complete,False,True
Fermo,2001,Durum wheat,12130.64,46594.63,3.8410693912275033,MARCHE_FERMO,1.0,1,1,0,0,complete,False,True
Fermo,2001,Grain maize,3639.33,23337.84,6.412674860482562,MARCHE_FERMO,1.0,1,1,0,0,complete,False,True
Fermo,2001,Soft wheat,7938.88,32645.47,4.1121001954935705,MARCHE_FERMO,1.0,1,1,0,0,complete,False,True
Fermo,2002,Durum wheat,12699.92,49146.2,3.869803904276562,MARCHE_FERMO,1.0,1,1,0,0,complete,False,True
Fermo,2002,Grain maize,3650.11,23604.56,6.466807849626449,MARCHE_FERMO,1.0,1,1,0,0,complete,False,True
Fermo,2002,Soft wheat,7777.87,34108.14,4.385280288819432,MARCHE_FERMO,1.0,1,1,0,0,complete,False,True
Fermo,2003,Durum wheat,12774.02,48729.72,3.8147521297132774,MARCHE_FERMO,1.0,1,1,0,0,complete,False,True
Fermo,2003,Grain maize,3569.94,20799.27,5.8262239701507585,MARCHE_FERMO,1.0,1,1,0,0,complete,False,True
Fermo,2003,Soft wheat,7647.84,31887.97,4.169539373208645,MARCHE_FERMO,1.0,1,1,0,0,complete,False,True
Fermo,2004,Durum wheat,13839.14,60063.71,4.340133129659791,MARCHE_FERMO,1.0,1,1,0,0,complete,False,True
Fermo,2004,Grain maize,3644.04,21750.33,5.968740738301446,MARCHE_FERMO,1.0,1,1,0,0,complete,False,True
Fermo,2004,Soft wheat,7333.22,32854.79,4.480267876867188,MARCHE_FERMO,1.0,1,1,0,0,complete,False,True
Fermo,2005,Durum wheat,11912.36,51736.65,4.343106655608125,MARCHE_FERMO,1.0,1,1,0,0,complete,False,True
Fermo,2005,Grain maize,3450.69,20695.59,5.997522234683498,MARCHE_FERMO,1.0,1,1,0,0,complete,False,True
Fermo,2005,Soft wheat,8252.82,37311.25,4.521030387188864,MARCHE_FERMO,1.0,1,1,0,0,complete,False,True
Fermo,2006,Durum wheat,10482.77,45076.31,4.300038062458682,MARCHE_FERMO,1.0,1,1,0,0,complete,False,True
Fermo,2006,Grain maize,3500.54,21013.78,6.003010964022693,MARCHE_FERMO,1.0,1,1,0,0,complete,False,True
Fermo,2006,Soft wheat,6642.01,31952.3,4.810637141467718,MARCHE_FERMO,1.0,1,1,0,0,complete,False,True
Fermo,2007,Durum wheat,11318.16,47241.18,4.173927564197714,MARCHE_FERMO,1.0,1,1,0,0,complete,False,True
Fermo,2007,Grain maize,3543.66,19250.97,5.432510455291987,MARCHE_FERMO,1.0,1,1,0,0,complete,False,True
Fermo,2007,Soft wheat,7410.7,31011.75,4.1847261392311115,MARCHE_FERMO,1.0,1,1,0,0,complete,False,True
Fermo,2008,Durum wheat,11560.69,49692.03,4.298361948984014,MARCHE_FERMO,1.0,1,1,0,0,complete,False,True
Fermo,2008,Grain maize,2054.79,11157.28,5.429888212420734,MARCHE_FERMO,1.0,1,1,0,0,complete,False,True
Fermo,2008,Soft wheat,7106.86,31919.29,4.491335132533918,MARCHE_FERMO,1.0,1,1,0,0,complete,False,True
Fermo,2009,Durum wheat,11333.65,41775.86,3.6860023028768314,MARCHE_FERMO,1.0,1,1,0,0,complete,False,True
Fermo,2009,Grain maize,1616.88,8043.98,4.975001236950175,MARCHE_FERMO,1.0,1,1,0,0,complete,False,True
Fermo,2009,Soft wheat,4009.86,16724.87,4.170936142408961,MARCHE_FERMO,1.0,1,1,0,0,complete,False,True
Fermo,2010,Durum wheat,7400.0,32300.0,4.364864864864865,MARCHE_FERMO,1.0,1,1,0,0,complete,False,False
Fermo,2010,Grain maize,780.0,4540.0,5.82051282051282,MARCHE_FERMO,1.0,1,1,0,0,complete,False,False
Fermo,2010,Soft wheat,2900.0,14060.0,4.848275862068966,MARCHE_FERMO,1.0,1,1,0,0,complete,False,False
Fermo,2011,Durum wheat,6500.0,25480.0,3.92,MARCHE_FERMO,1.0,1,1,0,0,complete,False,False
Fermo,2011,Grain maize,750.0,5880.0,7.84,MARCHE_FERMO,1.0,1,1,0,0,complete,False,False
Fermo,2011,Soft wheat,3000.0,13524.0,4.508,MARCHE_FERMO,1.0,1,1,0,0,complete,False,False
Fermo,2012,Durum wheat,7300.0,42924.0,5.88,MARCHE_FERMO,1.0,1,1,0,0,complete,True,False
Fermo,2012,Grain maize,800.0,5050.0,6.3125,MARCHE_FERMO,1.0,1,1,0,0,complete,True,False
Fermo,2012,Soft wheat,3500.0,18865.0,5.39,MARCHE_FERMO,1.0,1,1,0,0,complete,True,False
Fermo,2013,Durum wheat,7200.0,31752.0,4.41,MARCHE_FERMO,1.0,1,1,0,0,complete,True,False
Fermo,2013,Grain maize,650.0,4728.5,7.274615384615385,MARCHE_FERMO,1.0,1,1,0,0,complete,True,False
Fermo,2013,Soft wheat,3000.0,11760.0,3.92,MARCHE_FERMO,1.0,1,1,0,0,complete,True,False
Fermo,2014,Durum wheat,9000.0,35280.0,3.92,MARCHE_FERMO,1.0,1,1,0,0,complete,False,False
Fermo,2014,Grain maize,700.0,5488.0,7.84,MARCHE_FERMO,1.0,1,1,0,0,complete,False,False
Fermo,2014,Soft wheat,3500.0,15435.0,4.41,MARCHE_FERMO,1.0,1,1,0,0,complete,False,False
Fermo,2015,Durum wheat,9500.0,41895.0,4.41,MARCHE_FERMO,1.0,1,1,0,0,complete,False,False
Fermo,2015,Grain maize,640.0,5587.2,8.73,MARCHE_FERMO,1.0,1,1,0,0,complete,False,False
Fermo,2015,Soft wheat,3800.0,18620.0,4.9,MARCHE_FERMO,1.0,1,1,0,0,complete,False,False
Fermo,2016,Durum wheat,9100.0,41110.0,4.5175824175824175,MARCHE_FERMO,1.0,1,1,0,0,complete,False,False
Fermo,2016,Grain maize,650.0,5617.2,8.641846153846153,MARCHE_FERMO,1.0,1,1,0,0,complete,False,False
Fermo,2016,Soft wheat,3600.0,17600.0,4.888888888888889,MARCHE_FERMO,1.0,1,1,0,0,complete,False,False
Fermo,2017,Durum wheat,8411.0,35480.0,4.218285578409226,MARCHE_FERMO,1.0,1,1,0,0,complete,False,False
Fermo,2017,Grain maize,580.0,4840.0,8.344827586206897,MARCHE_FERMO,1.0,1,1,0,0,complete,False,False
Fermo,2017,Soft wheat,3112.0,15150.0,4.868251928020565,MARCHE_FERMO,1.0,1,1,0,0,complete,False,False
Fermo,2018,Durum wheat,3065.33,14181.92,4.626555705258488,MARCHE_FERMO,1.0,1,1,0,0,complete,False,False
Fermo,2018,Grain maize,605.0,5101.5,8.432231404958678,MARCHE_FERMO,1.0,1,1,0,0,complete,False,False
Fermo,2018,Soft wheat,3264.0,15720.0,4.8161764705882355,MARCHE_FERMO,1.0,1,1,0,0,complete,False,False
Fermo,2019,Durum wheat,7746.0,33223.5,4.289116963594113,MARCHE_FERMO,1.0,1,1,0,0,complete,False,False
Fermo,2019,Grain maize,590.0,5454.3,9.24457627118644,MARCHE_FERMO,1.0,1,1,0,0,complete,False,False
Fermo,2019,Soft wheat,3239.0,15698.0,4.846557579499845,MARCHE_FERMO,1.0,1,1,0,0,complete,False,False
Fermo,2020,Durum wheat,7746.0,33223.5,4.289116963594113,MARCHE_FERMO,1.0,1,1,0,0,complete,False,False
Fermo,2020,Grain maize,590.0,5454.3,9.24457627118644,MARCHE_FERMO,1.0,1,1,0,0,complete,False,False
Fermo,2020,Soft wheat,3239.0,15698.0,4.846557579499845,MARCHE_FERMO,1.0,1,1,0,0,complete,True,False
Fermo,2021,Durum wheat,7746.0,33223.5,4.289116963594113,MARCHE_FERMO,1.0,1,1,0,0,complete,False,False
Fermo,2021,Grain maize,590.0,5454.3,9.24457627118644,MARCHE_FERMO,1.0,1,1,0,0,complete,False,False
Fermo,2021,Soft wheat,3239.0,15698.0,4.846557579499845,MARCHE_FERMO,1.0,1,1,0,0,complete,False,False
Fermo,2022,Durum wheat,8800.0,32900.0,3.7386363636363638,MARCHE_FERMO,1.0,1,1,0,0,complete,False,False
Fermo,2022,Grain maize,375.0,3465.0,9.24,MARCHE_FERMO,1.0,1,1,0,0,complete,False,False
Fermo,2022,Soft wheat,3770.0,13980.0,3.7082228116710874,MARCHE_FERMO,1.0,1,1,0,0,complete,False,False
Ferrara,1995,Durum wheat,13500.0,59429.0,4.402148148148148,Ferrara,1.0,1,1,0,0,complete,False,False
Ferrara,1995,Grain maize,27800.0,272909.5,9.816888489208633,Ferrara,1.0,1,1,0,0,complete,False,False
Ferrara,1995,Soft wheat,26500.0,139371.0,5.259283018867925,Ferrara,1.0,1,1,0,0,complete,False,False
Ferrara,1996,Durum wheat,12700.0,74350.4,5.854362204724409,Ferrara,1.0,1,1,0,0,complete,False,False
Ferrara,1996,Grain maize,36180.0,356228.3,9.846000552791597,Ferrara,1.0,1,1,0,0,complete,False,False
Ferrara,1996,Soft wheat,20300.0,126110.0,6.212315270935961,Ferrara,1.0,1,1,0,0,complete,False,False
Ferrara,1997,Durum wheat,6000.0,34971.0,5.8285,Ferrara,1.0,1,1,0,0,complete,False,False
Ferrara,1997,Grain maize,38600.0,277771.1,7.1961424870466315,Ferrara,1.0,1,1,0,0,complete,True,False
Ferrara,1997,Soft wheat,19000.0,118537.0,6.238789473684211,Ferrara,1.0,1,1,0,0,complete,False,False
Ferrara,1998,Durum wheat,12500.0,81013.3,6.481064,Ferrara,1.0,1,1,0,0,complete,False,False
Ferrara,1998,Grain maize,30690.0,351280.0,11.446073639622027,Ferrara,1.0,1,1,0,0,complete,True,False
Ferrara,1998,Soft wheat,20000.0,136625.0,6.83125,Ferrara,1.0,1,1,0,0,complete,False,False
Ferrara,1999,Durum wheat,13000.0,72800.0,5.6,Ferrara,1.0,1,1,0,0,complete,False,False
Ferrara,1999,Grain maize,37000.0,351280.0,9.494054054054054,Ferrara,1.0,1,1,0,0,complete,False,False
Ferrara,1999,Soft wheat,24000.0,148800.0,6.2,Ferrara,1.0,1,1,0,0,complete,False,False
Ferrara,2000,Durum wheat,8500.0,47800.0,5.623529411764705,Ferrara,1.0,1,1,0,0,complete,False,False
Ferrara,2000,Grain maize,44910.0,440118.0,9.8,Ferrara,1.0,1,1,0,0,complete,False,False
Ferrara,2000,Soft wheat,20500.0,131206.4,6.400312195121951,Ferrara,1.0,1,1,0,0,complete,False,False
Ferrara,2001,Durum wheat,5500.0,28600.0,5.2,Ferrara,1.0,1,1,0,0,complete,False,False
Ferrara,2001,Grain maize,47680.0,476800.0,10.0,Ferrara,1.0,1,1,0,0,complete,False,False
Ferrara,2001,Soft wheat,24200.0,133100.0,5.5,Ferrara,1.0,1,1,0,0,complete,False,False
Ferrara,2002,Durum wheat,10200.0,49980.0,4.9,Ferrara,1.0,1,1,0,0,complete,False,False
Ferrara,2002,Grain maize,47200.0,472000.0,10.0,Ferrara,1.0,1,1,0,0,complete,False,False
Ferrara,2002,Soft wheat,27000.0,162000.0,6.0,Ferrara,1.0,1,1,0,0,complete,False,False
Ferrara,2003,Durum wheat,6500.0,33785.7,5.1978,Ferrara,1.0,1,1,0,0,complete,False,False
Ferrara,2003,Grain maize,59400.0,445630.4,7.5021952861952865,Ferrara,1.0,1,1,0,0,complete,False,False
Ferrara,2003,Soft wheat,21600.0,129248.4,5.983722222222222,Ferrara,1.0,1,1,0,0,complete,False,False
Ferrara,2004,Durum wheat,6900.0,44850.0,6.5,Ferrara,1.0,1,1,0,0,complete,False,False
Ferrara,2004,Grain maize,62313.0,560817.0,9.0,Ferrara,1.0,1,1,0,0,complete,False,False
Ferrara,2004,Soft wheat,21300.0,153360.0,7.2,Ferrara,1.0,1,1,0,0,complete,False,False
Ferrara,2005,Durum wheat,7000.0,47600.0,6.8,Ferrara,1.0,1,1,0,0,complete,False,False
Ferrara,2005,Grain maize,45000.0,382500.0,8.5,Ferrara,1.0,1,1,0,0,complete,False,False
Ferrara,2005,Soft wheat,29000.0,217500.0,7.5,Ferrara,1.0,1,1,0,0,complete,False,False
Ferrara,2006,Durum wheat,9900.0,61380.0,6.2,Ferrara,1.0,1,1,0,0,complete,False,False
Ferrara,2006,Grain maize,42295.0,308753.5,7.3,Ferrara,1.0,1,1,0,0,complete,False,False
Ferrara,2006,Soft wheat,28300.0,195270.0,6.9,Ferrara,1.0,1,1,0,0,complete,False,False
Ferrara,2007,Durum wheat,16100.0,80500.0,5.0,Ferrara,1.0,1,1,0,0,complete,False,False
Ferrara,2007,Grain maize,40500.0,303750.0,7.5,Ferrara,1.0,1,1,0,0,complete,False,False
Ferrara,2007,Soft wheat,38100.0,190500.0,5.0,Ferrara,1.0,1,1,0,0,complete,False,False
Ferrara,2008,Durum wheat,25500.0,140250.0,5.5,Ferrara,1.0,1,1,0,0,complete,False,False
Ferrara,2008,Grain maize,45000.0,450000.0,10.0,Ferrara,1.0,1,1,0,0,complete,False,False
Ferrara,2008,Soft wheat,32000.0,217600.0,6.8,Ferrara,1.0,1,1,0,0,complete,False,False
Ferrara,2009,Durum wheat,26500.0,148400.0,5.6,Ferrara,1.0,1,1,0,0,complete,False,False
Ferrara,2009,Grain maize,39600.0,360360.0,9.1,Ferrara,1.0,1,1,0,0,complete,False,False
Ferrara,2009,Soft wheat,28500.0,148200.0,5.2,Ferrara,1.0,1,1,0,0,complete,False,False
Ferrara,2010,Durum wheat,28200.0,132540.0,4.7,Ferrara,1.0,1,1,0,0,complete,False,False
Ferrara,2010,Grain maize,36700.0,367000.0,10.0,Ferrara,1.0,1,1,0,0,complete,False,False
Ferrara,2010,Soft wheat,24050.0,134680.0,5.6,Ferrara,1.0,1,1,0,0,complete,False,False
Ferrara,2011,Durum wheat,13048.0,74373.6,5.7,Ferrara,1.0,1,1,0,0,complete,False,False
Ferrara,2011,Grain maize,47158.0,495159.0,10.5,Ferrara,1.0,1,1,0,0,complete,False,False
Ferrara,2011,Soft wheat,25665.0,164256.0,6.4,Ferrara,1.0,1,1,0,0,complete,False,False
Ferrara,2012,Durum wheat,16068.0,80503.5,5.010175504107543,Ferrara,1.0,1,1,0,0,complete,False,False
Ferrara,2012,Grain maize,40216.0,209123.2,5.2,Ferrara,1.0,1,1,0,0,complete,False,False
Ferrara,2012,Soft wheat,30562.0,185045.2,6.054747725934167,Ferrara,1.0,1,1,0,0,complete,False,False
Ferrara,2013,Durum wheat,13343.0,51120.2,3.8312373529191333,Ferrara,1.0,1,1,0,0,complete,True,False
Ferrara,2013,Grain maize,41544.0,365587.2,8.8,Ferrara,1.0,1,1,0,0,complete,False,False
Ferrara,2013,Soft wheat,37514.0,186797.4,4.979405022125073,Ferrara,1.0,1,1,0,0,complete,True,False
Ferrara,2014,Durum wheat,14560.0,91728.0,6.3,Ferrara,1.0,1,1,0,0,complete,False,False
Ferrara,2014,Grain maize,35384.0,382147.2,10.8,Ferrara,1.0,1,1,0,0,complete,False,False
Ferrara,2014,Soft wheat,32661.0,189433.8,5.8,Ferrara,1.0,1,1,0,0,complete,False,False
Ferrara,2015,Durum wheat,20586.0,123516.0,6.0,Ferrara,1.0,1,1,0,0,complete,False,False
Ferrara,2015,Grain maize,29966.0,275687.2,9.200000000000001,Ferrara,1.0,1,1,0,0,complete,False,False
Ferrara,2015,Soft wheat,27071.0,189497.0,7.0,Ferrara,1.0,1,1,0,0,complete,False,False
Ferrara,2016,Durum wheat,28916.0,187954.0,6.5,Ferrara,1.0,1,1,0,0,complete,False,False
Ferrara,2016,Grain maize,26547.0,270779.4,10.200000000000001,Ferrara,1.0,1,1,0,0,complete,False,False
Ferrara,2016,Soft wheat,25731.0,195555.6,7.6000000000000005,Ferrara,1.0,1,1,0,0,complete,False,False
Ferrara,2017,Durum wheat,18845.0,128146.0,6.8,Ferrara,1.0,1,1,0,0,complete,False,False
Ferrara,2017,Grain maize,28719.0,221136.3,7.699999999999999,Ferrara,1.0,1,1,0,0,complete,False,False
Ferrara,2017,Soft wheat,25053.0,182886.9,7.3,Ferrara,1.0,1,1,0,0,complete,False,False
Ferrara,2018,Durum wheat,19999.0,125993.7,6.3,Ferrara,1.0,1,1,0,0,complete,False,False
Ferrara,2018,Grain maize,24498.0,257229.0,10.5,Ferrara,1.0,1,1,0,0,complete,False,False
Ferrara,2018,Soft wheat,31025.0,217175.0,7.0,Ferrara,1.0,1,1,0,0,complete,False,False
Ferrara,2019,Durum wheat,18759.0,90043.2,4.8,Ferrara,1.0,1,1,0,0,complete,False,False
Ferrara,2019,Grain maize,27543.0,242378.4,8.799999999999999,Ferrara,1.0,1,1,0,0,complete,False,False
Ferrara,2019,Soft wheat,32536.0,214737.6,6.6000000000000005,Ferrara,1.0,1,1,0,0,complete,False,False
Ferrara,2020,Durum wheat,14822.0,94860.8,6.4,Ferrara,1.0,1,1,0,0,complete,False,False
Ferrara,2020,Grain maize,26893.0,271619.3,10.1,Ferrara,1.0,1,1,0,0,complete,False,False
Ferrara,2020,Soft wheat,32456.0,233683.2,7.2,Ferrara,1.0,1,1,0,0,complete,False,False
Ferrara,2021,Durum wheat,20340.0,144414.0,7.1,Ferrara,1.0,1,1,0,0,complete,False,False
Ferrara,2021,Grain maize,23812.0,202402.0,8.5,Ferrara,1.0,1,1,0,0,complete,False,False
Ferrara,2021,Soft wheat,34121.0,279792.2,8.200000000000001,Ferrara,1.0,1,1,0,0,complete,False,False
Ferrara,2022,Durum wheat,26916.0,137271.6,5.1000000000000005,Ferrara,1.0,1,1,0,0,complete,False,False
Ferrara,2022,Grain maize,23625.0,184275.0,7.8,Ferrara,1.0,1,1,0,0,complete,False,False
Ferrara,2022,Soft wheat,32764.0,182076.8,5.557221340495666,Ferrara,1.0,1,1,0,0,complete,False,False
Firenze,1995,Durum wheat,4920.0,12792.0,2.6,Firenze,1.0,1,1,0,0,complete,False,False
Firenze,1995,Grain maize,4510.0,32530.0,7.212860310421286,Firenze,1.0,1,1,0,0,complete,False,False
Firenze,1995,Soft wheat,12100.0,62800.0,5.190082644628099,Firenze,1.0,1,1,0,0,complete,False,False
Firenze,1996,Durum wheat,4735.0,15388.8,3.2500105596620905,Firenze,1.0,1,1,0,0,complete,False,False
Firenze,1996,Grain maize,4300.0,35260.0,8.2,Firenze,1.0,1,1,0,0,complete,False,False
Firenze,1996,Soft wheat,12350.0,64096.5,5.19,Firenze,1.0,1,1,0,0,complete,False,False
Firenze,1997,Durum wheat,5250.0,18118.0,3.451047619047619,Firenze,1.0,1,1,0,0,complete,False,False
Firenze,1997,Grain maize,4300.0,46500.0,10.813953488372093,Firenze,1.0,1,1,0,0,complete,True,False
Firenze,1997,Soft wheat,8860.0,39427.0,4.45,Firenze,1.0,1,1,0,0,complete,False,False
Firenze,1998,Durum wheat,4300.0,12900.0,3.0,Firenze,1.0,1,1,0,0,complete,False,False
Firenze,1998,Grain maize,4650.0,39093.3,8.40716129032258,Firenze,1.0,1,1,0,0,complete,True,False
Firenze,1998,Soft wheat,7000.0,42000.0,6.0,Firenze,1.0,1,1,0,0,complete,False,False
Firenze,1999,Durum wheat,4762.0,15468.9,3.2484040319193617,Firenze,1.0,1,1,0,0,complete,False,False
Firenze,1999,Grain maize,4417.0,39093.3,8.850645234321938,Firenze,1.0,1,1,0,0,complete,False,False
Firenze,1999,Soft wheat,9403.0,48507.8,5.158757843241519,Firenze,1.0,1,1,0,0,complete,False,False
Firenze,2000,Durum wheat,4649.0,14764.1,3.1757582275758227,Firenze,1.0,1,1,0,0,complete,False,False
Firenze,2000,Grain maize,4417.0,38469.9,8.709508716323297,Firenze,1.0,1,1,0,0,complete,False,False
Firenze,2000,Soft wheat,8200.0,40000.0,4.878048780487805,Firenze,1.0,1,1,0,0,complete,False,False
Firenze,2001,Durum wheat,4613.0,14471.4,3.137090830262302,Firenze,1.0,1,1,0,0,complete,False,False
Firenze,2001,Grain maize,4446.0,38009.3,8.54910031488979,Firenze,1.0,1,1,0,0,complete,False,False
Firenze,2001,Soft wheat,8366.0,41099.3,4.912658379153718,Firenze,1.0,1,1,0,0,complete,False,False
Firenze,2002,Durum wheat,8400.0,24460.8,2.912,Firenze,1.0,1,1,0,0,complete,False,False
Firenze,2002,Grain maize,5016.0,45269.4,9.025,Firenze,1.0,1,1,0,0,complete,False,False
Firenze,2002,Soft wheat,3800.0,15903.0,4.185,Firenze,1.0,1,1,0,0,complete,False,False
Firenze,2003,Durum wheat,8250.0,8500.0,1.0303030303030303,Firenze,1.0,1,1,0,0,complete,False,False
Firenze,2003,Grain maize,6520.0,15517.6,2.38,Firenze,1.0,1,1,0,0,complete,False,False
Firenze,2003,Soft wheat,2520.0,5040.0,2.0,Firenze,1.0,1,1,0,0,complete,False,False
Firenze,2004,Durum wheat,8800.0,18000.0,2.0454545454545454,Firenze,1.0,1,1,0,0,complete,False,False
Firenze,2004,Grain maize,6194.0,39022.2,6.3,Firenze,1.0,1,1,0,0,complete,False,False
Firenze,2004,Soft wheat,2690.0,8000.0,2.973977695167286,Firenze,1.0,1,1,0,0,complete,False,False
Firenze,2005,Durum wheat,6150.0,14605.0,2.37479674796748,Firenze,1.0,1,1,0,0,complete,False,False
Firenze,2005,Grain maize,5600.0,42560.0,7.6,Firenze,1.0,1,1,0,0,complete,False,False
Firenze,2005,Soft wheat,3200.0,10600.0,3.3125,Firenze,1.0,1,1,0,0,complete,False,False
Firenze,2006,Durum wheat,5550.0,13180.0,2.374774774774775,Firenze,1.0,1,1,0,0,complete,False,False
Firenze,2006,Grain maize,6100.0,43965.0,7.2073770491803275,Firenze,1.0,1,1,0,0,complete,False,False
Firenze,2006,Soft wheat,2900.0,9645.0,3.325862068965517,Firenze,1.0,1,1,0,0,complete,False,False
Firenze,2007,Durum wheat,7050.0,16745.0,2.375177304964539,Firenze,1.0,1,1,0,0,complete,False,False
Firenze,2007,Grain maize,5490.0,39569.0,7.207468123861567,Firenze,1.0,1,1,0,0,complete,False,False
Firenze,2007,Soft wheat,3750.0,12470.0,3.3253333333333335,Firenze,1.0,1,1,0,0,complete,False,False
Firenze,2008,Durum wheat,7640.0,18145.0,2.375,Firenze,1.0,1,1,0,0,complete,False,False
Firenze,2008,Grain maize,5750.0,43700.0,7.6,Firenze,1.0,1,1,0,0,complete,False,False
Firenze,2008,Soft wheat,4420.0,14696.0,3.3248868778280545,Firenze,1.0,1,1,0,0,complete,False,False
Firenze,2009,Durum wheat,2856.0,7864.3,2.753606442577031,Firenze,1.0,1,1,0,0,complete,False,False
Firenze,2009,Grain maize,5245.0,44209.2,8.42882745471878,Firenze,1.0,1,1,0,0,complete,False,False
Firenze,2009,Soft wheat,805.0,2221.1,2.7591304347826084,Firenze,1.0,1,1,0,0,complete,False,False
Firenze,2010,Durum wheat,3100.0,6138.0,1.98,Firenze,1.0,1,1,0,0,complete,False,False
Firenze,2010,Grain maize,5500.0,41800.0,7.6,Firenze,1.0,1,1,0,0,complete,False,False
Firenze,2010,Soft wheat,1800.0,4050.0,2.25,Firenze,1.0,1,1,0,0,complete,False,False
Firenze,2011,Durum wheat,3100.0,6100.0,1.967741935483871,Firenze,1.0,1,1,0,0,complete,False,False
Firenze,2011,Grain maize,5000.0,38000.0,7.6,Firenze,1.0,1,1,0,0,complete,False,False
Firenze,2011,Soft wheat,1700.0,3990.0,2.347058823529412,Firenze,1.0,1,1,0,0,complete,False,False
Firenze,2012,Durum wheat,3000.0,7400.0,2.466666666666667,Firenze,1.0,1,1,0,0,complete,True,False
Firenze,2012,Grain maize,1300.0,9000.0,6.923076923076923,Firenze,1.0,1,1,0,0,complete,True,False
Firenze,2012,Soft wheat,4000.0,11800.0,2.95,Firenze,1.0,1,1,0,0,complete,True,False
Firenze,2013,Durum wheat,3000.0,7400.0,2.466666666666667,Firenze,1.0,1,1,0,0,complete,True,False
Firenze,2013,Grain maize,3000.0,23800.0,7.933333333333334,Firenze,1.0,1,1,0,0,complete,False,False
Firenze,2013,Soft wheat,4000.0,11900.0,2.975,Firenze,1.0,1,1,0,0,complete,True,False
Firenze,2014,Durum wheat,2200.0,6590.0,2.9954545454545456,Firenze,1.0,1,1,0,0,complete,False,False
Firenze,2014,Grain maize,3000.0,24000.0,8.0,Firenze,1.0,1,1,0,0,complete,False,False
Firenze,2014,Soft wheat,3700.0,12980.0,3.5081081081081082,Firenze,1.0,1,1,0,0,complete,False,False
Firenze,2015,Durum wheat,2644.0,7040.0,2.6626323751891072,Firenze,1.0,1,1,0,0,complete,False,False
Firenze,2015,Grain maize,3000.0,23966.7,7.9889,Firenze,1.0,1,1,0,0,complete,False,False
Firenze,2015,Soft wheat,3867.0,12368.9,3.1985777088182052,Firenze,1.0,1,1,0,0,complete,False,False
Firenze,2016,Durum wheat,2400.0,6720.0,2.8,Firenze,1.0,1,1,0,0,complete,False,False
Firenze,2016,Grain maize,2000.0,15800.0,7.9,Firenze,1.0,1,1,0,0,complete,False,False
Firenze,2016,Soft wheat,3100.0,10850.0,3.5,Firenze,1.0,1,1,0,0,complete,False,False
Firenze,2017,Durum wheat,2600.0,7280.0,2.8,Firenze,1.0,1,1,0,0,complete,False,False
Firenze,2017,Grain maize,1930.0,15440.0,8.0,Firenze,1.0,1,1,0,0,complete,False,False
Firenze,2017,Soft wheat,5000.0,17500.0,3.5,Firenze,1.0,1,1,0,0,complete,False,False
Firenze,2018,Durum wheat,1500.0,3750.0,2.5,Firenze,1.0,1,1,0,0,complete,False,False
Firenze,2018,Grain maize,1200.0,9000.0,7.5,Firenze,1.0,1,1,0,0,complete,False,False
Firenze,2018,Soft wheat,3700.0,12950.0,3.5,Firenze,1.0,1,1,0,0,complete,False,False
Firenze,2019,Durum wheat,1300.0,3250.0,2.5,Firenze,1.0,1,1,0,0,complete,False,False
Firenze,2019,Grain maize,1100.0,8250.0,7.5,Firenze,1.0,1,1,0,0,complete,False,False
Firenze,2019,Soft wheat,3700.0,12950.0,3.5,Firenze,1.0,1,1,0,0,complete,False,False
Firenze,2020,Durum wheat,1200.0,3000.0,2.5,Firenze,1.0,1,1,0,0,complete,False,False
Firenze,2020,Grain maize,860.0,6450.0,7.5,Firenze,1.0,1,1,0,0,complete,False,False
Firenze,2020,Soft wheat,3300.0,11550.0,3.5,Firenze,1.0,1,1,0,0,complete,False,False
Firenze,2021,Durum wheat,1100.0,2750.0,2.5,Firenze,1.0,1,1,0,0,complete,False,False
Firenze,2021,Grain maize,700.0,4900.0,7.0,Firenze,1.0,1,1,0,0,complete,False,False
Firenze,2021,Soft wheat,2870.0,9821.0,3.421951219512195,Firenze,1.0,1,1,0,0,complete,False,False
Firenze,2022,Durum wheat,1450.0,4640.0,3.2,Firenze,1.0,1,1,0,0,complete,False,False
Firenze,2022,Grain maize,700.0,1960.0,2.8,Firenze,1.0,1,1,0,0,complete,False,False
Firenze,2022,Soft wheat,4090.0,13514.0,3.3041564792176037,Firenze,1.0,1,1,0,0,complete,False,False
Foggia,1995,Durum wheat,242716.66,728149.97,2.9999999587996964,PUGLIA_BAT,1.0,1,1,0,0,complete,False,True
Foggia,1995,Grain maize,792.54,5845.01,7.375034698564111,PUGLIA_BAT,1.0,1,1,0,0,complete,False,True
Foggia,1995,Soft wheat,1486.02,4819.66,3.2433345446225488,PUGLIA_BAT,1.0,1,1,0,0,complete,False,True
Foggia,1996,Durum wheat,253614.14,608733.38,2.4002343875621444,PUGLIA_BAT,1.0,1,1,0,0,complete,False,True
Foggia,1996,Grain maize,495.34,2476.7,5.0,PUGLIA_BAT,1.0,1,1,0,0,complete,False,True
Foggia,1996,Soft wheat,990.68,2902.69,2.9299975774215694,PUGLIA_BAT,1.0,1,1,0,0,complete,False,True
Foggia,1997,Durum wheat,262530.26,500382.68,1.9060000169123361,PUGLIA_BAT,1.0,1,1,0,0,complete,False,True
Foggia,1997,Grain maize,693.48,5547.81,7.9999567399204015,PUGLIA_BAT,1.0,1,1,0,0,complete,False,True
Foggia,1997,Soft wheat,990.68,2179.5,2.2000040376307184,PUGLIA_BAT,1.0,1,1,0,0,complete,False,True
Foggia,1998,Durum wheat,258567.54,853272.88,3.299999992265077,PUGLIA_BAT,1.0,1,1,0,0,complete,False,True
Foggia,1998,Grain maize,792.54,2229.03,2.8125141948671364,PUGLIA_BAT,1.0,1,1,0,0,complete,True,True
Foggia,1998,Soft wheat,990.68,3170.18,3.2000040376307184,PUGLIA_BAT,1.0,1,1,0,0,complete,False,True
Foggia,1999,Durum wheat,263520.94,790562.82,3.0,PUGLIA_BAT,1.0,1,1,0,0,complete,False,True
Foggia,1999,Grain maize,495.34,2229.03,4.500000000000001,PUGLIA_BAT,1.0,1,1,0,0,complete,False,True
Foggia,1999,Soft wheat,990.68,3170.18,3.2000040376307184,PUGLIA_BAT,1.0,1,1,0,0,complete,False,True
Foggia,2000,Durum wheat,263520.94,726000.19,2.7550000011384292,PUGLIA_BAT,1.0,1,1,0,0,complete,False,True
Foggia,2000,Grain maize,792.54,5270.42,6.650036591213063,PUGLIA_BAT,1.0,1,1,0,0,complete,False,True
Foggia,2000,Soft wheat,990.68,3011.67,3.040002826341503,PUGLIA_BAT,1.0,1,1,0,0,complete,False,True
Foggia,2001,Durum wheat,267483.66,381164.22,1.4250000168234576,PUGLIA_BAT,1.0,1,1,0,0,complete,False,True
Foggia,2001,Grain maize,495.34,1882.29,3.7999959623692816,PUGLIA_BAT,1.0,1,1,0,0,complete,False,True
Foggia,2001,Soft wheat,495.34,752.92,1.5200064602091492,PUGLIA_BAT,1.0,1,1,0,0,complete,False,True
Foggia,2002,Durum wheat,279371.83,830749.77,2.973634707550865,PUGLIA_BAT,1.0,1,1,0,0,complete,False,True
Foggia,2002,Grain maize,792.54,3764.59,4.750031544149191,PUGLIA_BAT,1.0,1,1,0,0,complete,False,True
Foggia,2002,Soft wheat,495.34,1411.72,2.8500020188153594,PUGLIA_BAT,1.0,1,1,0,0,complete,False,True
Foggia,2003,Durum wheat,273427.74,545723.64,1.9958605516762857,PUGLIA_BAT,1.0,1,1,0,0,complete,False,True
Foggia,2003,Grain maize,792.54,4141.04,5.225023342670402,PUGLIA_BAT,1.0,1,1,0,0,complete,False,True
Foggia,2003,Soft wheat,495.34,1176.43,2.3749949529616026,PUGLIA_BAT,1.0,1,1,0,0,complete,False,True
Foggia,2004,Durum wheat,272437.06,905853.24,3.3250000568938747,PUGLIA_BAT,1.0,1,1,0,0,complete,False,True
Foggia,2004,Grain maize,693.48,3952.81,5.699962507931015,PUGLIA_BAT,1.0,1,1,0,0,complete,False,True
Foggia,2004,Soft wheat,495.34,1505.83,3.039992732264707,PUGLIA_BAT,1.0,1,1,0,0,complete,False,True
Foggia,2005,Durum wheat,232809.85,707741.96,3.040000068725614,PUGLIA_BAT,1.0,1,1,0,0,complete,False,True
Foggia,2005,Grain maize,891.61,5082.19,5.700014580365854,PUGLIA_BAT,1.0,1,1,0,0,complete,False,True
Foggia,2005,Soft wheat,495.34,1411.72,2.8500020188153594,PUGLIA_BAT,1.0,1,1,0,0,complete,False,True
Foggia,2006,Durum wheat,232809.85,673414.89,2.892553257518958,PUGLIA_BAT,1.0,1,1,0,0,complete,False,True
Foggia,2006,Grain maize,743.01,4235.16,5.700004037630718,PUGLIA_BAT,1.0,1,1,0,0,complete,False,True
Foggia,2006,Soft wheat,990.68,2823.44,2.8500020188153594,PUGLIA_BAT,1.0,1,1,0,0,complete,False,True
Foggia,2007,Durum wheat,237763.26,451750.19,1.8999999831765428,PUGLIA_BAT,1.0,1,1,0,0,complete,False,True
Foggia,2007,Grain maize,693.48,3952.81,5.699962507931015,PUGLIA_BAT,1.0,1,1,0,0,complete,False,True
Foggia,2007,Soft wheat,1089.75,2277.57,2.089993117687543,PUGLIA_BAT,1.0,1,1,0,0,complete,False,True
Foggia,2008,Durum wheat,237763.26,790562.82,3.324999917985646,PUGLIA_BAT,1.0,1,1,0,0,complete,False,True
Foggia,2008,Grain maize,743.01,4235.16,5.700004037630718,PUGLIA_BAT,1.0,1,1,0,0,complete,False,True
Foggia,2008,Soft wheat,1089.75,3933.99,3.6099931176875426,PUGLIA_BAT,1.0,1,1,0,0,complete,False,True
Foggia,2009,Durum wheat,199471.48,511644.33,2.5649999187853822,PUGLIA_BAT,1.0,1,1,0,0,complete,False,True
Foggia,2009,Grain maize,693.48,3952.81,5.699962507931015,PUGLIA_BAT,1.0,1,1,0,0,complete,False,True
Foggia,2009,Soft wheat,329.9,940.26,2.8501364049712037,PUGLIA_BAT,1.0,1,1,0,0,complete,False,True
Foggia,2010,Durum wheat,166300.0,473950.0,2.8499699338544797,PUGLIA_BAT,1.0,1,1,0,0,complete,False,False
Foggia,2010,Grain maize,600.0,3600.0,6.0,PUGLIA_BAT,1.0,1,1,0,0,complete,False,False
Foggia,2010,Soft wheat,1200.0,3600.0,3.0,PUGLIA_BAT,1.0,1,1,0,0,complete,False,False
Foggia,2011,Durum wheat,165000.0,503500.0,3.0515151515151517,PUGLIA_BAT,1.0,1,1,0,0,complete,False,False
Foggia,2011,Grain maize,700.0,4000.0,5.714285714285714,PUGLIA_BAT,1.0,1,1,0,0,complete,False,False
Foggia,2011,Soft wheat,1400.0,4275.0,3.0535714285714284,PUGLIA_BAT,1.0,1,1,0,0,complete,False,False
Foggia,2012,Durum wheat,165000.0,475000.0,2.878787878787879,PUGLIA_BAT,1.0,1,1,0,0,complete,True,False
Foggia,2012,Grain maize,650.0,3610.0,5.553846153846154,PUGLIA_BAT,1.0,1,1,0,0,complete,True,False
Foggia,2012,Soft wheat,1500.0,3800.0,2.533333333333333,PUGLIA_BAT,1.0,1,1,0,0,complete,True,False
Foggia,2013,Durum wheat,240000.0,798000.0,3.325,PUGLIA_BAT,1.0,1,1,0,0,complete,True,False
Foggia,2013,Grain maize,650.0,3650.0,5.615384615384615,PUGLIA_BAT,1.0,1,1,0,0,complete,True,False
Foggia,2013,Soft wheat,3500.0,9975.0,2.85,PUGLIA_BAT,1.0,1,1,0,0,complete,True,False
Foggia,2014,Durum wheat,240000.0,798000.0,3.325,PUGLIA_BAT,1.0,1,1,0,0,complete,False,False
Foggia,2014,Grain maize,800.0,4500.0,5.625,PUGLIA_BAT,1.0,1,1,0,0,complete,False,False
Foggia,2014,Soft wheat,4000.0,11400.0,2.85,PUGLIA_BAT,1.0,1,1,0,0,complete,False,False
Foggia,2015,Durum wheat,240000.0,706800.0,2.945,PUGLIA_BAT,1.0,1,1,0,0,complete,False,False
Foggia,2015,Grain maize,700.0,4000.0,5.714285714285714,PUGLIA_BAT,1.0,1,1,0,0,complete,False,False
Foggia,2015,Soft wheat,4000.0,11400.0,2.85,PUGLIA_BAT,1.0,1,1,0,0,complete,False,False
Foggia,2016,Durum wheat,242000.0,965580.0,3.99,PUGLIA_BAT,1.0,1,1,0,0,complete,False,False
Foggia,2016,Grain maize,700.0,4370.0,6.242857142857143,PUGLIA_BAT,1.0,1,1,0,0,complete,False,False
Foggia,2016,Soft wheat,4500.0,17100.0,3.8,PUGLIA_BAT,1.0,1,1,0,0,complete,False,False
Foggia,2017,Durum wheat,240000.0,684000.0,2.85,PUGLIA_BAT,1.0,1,1,0,0,complete,False,False
Foggia,2017,Grain maize,700.0,3990.0,5.7,PUGLIA_BAT,1.0,1,1,0,0,complete,False,False
Foggia,2017,Soft wheat,4000.0,11400.0,2.85,PUGLIA_BAT,1.0,1,1,0,0,complete,False,False
Foggia,2018,Durum wheat,237763.26,705859.67,2.968749965827353,PUGLIA_BAT,1.0,1,1,0,0,complete,False,False
Foggia,2018,Grain maize,700.0,4000.0,5.714285714285714,PUGLIA_BAT,1.0,1,1,0,0,complete,False,False
Foggia,2018,Soft wheat,4000.0,11875.0,2.96875,PUGLIA_BAT,1.0,1,1,0,0,complete,False,False
Foggia,2019,Durum wheat,240000.0,712500.0,2.96875,PUGLIA_BAT,1.0,1,1,0,0,complete,False,False
Foggia,2019,Grain maize,700.0,4000.0,5.714285714285714,PUGLIA_BAT,1.0,1,1,0,0,complete,False,False
Foggia,2019,Soft wheat,4000.0,13300.0,3.325,PUGLIA_BAT,1.0,1,1,0,0,complete,False,False
Foggia,2020,Durum wheat,240000.0,712500.0,2.96875,PUGLIA_BAT,1.0,1,1,0,0,complete,False,False
Foggia,2020,Grain maize,700.0,4000.0,5.714285714285714,PUGLIA_BAT,1.0,1,1,0,0,complete,False,False
Foggia,2020,Soft wheat,4000.0,13300.0,3.325,PUGLIA_BAT,1.0,1,1,0,0,complete,False,False
Foggia,2021,Durum wheat,240000.0,712500.0,2.96875,PUGLIA_BAT,1.0,1,1,0,0,complete,False,False
Foggia,2021,Grain maize,700.0,4000.0,5.714285714285714,PUGLIA_BAT,1.0,1,1,0,0,complete,False,False
Foggia,2021,Soft wheat,4000.0,13300.0,3.325,PUGLIA_BAT,1.0,1,1,0,0,complete,False,False
Foggia,2022,Durum wheat,240000.0,560000.0,2.3333333333333335,PUGLIA_BAT,1.0,1,1,0,0,complete,False,False
Foggia,2022,Grain maize,700.0,4200.0,6.0,PUGLIA_BAT,1.0,1,1,0,0,complete,False,False
Foggia,2022,Soft wheat,4000.0,10500.0,2.625,PUGLIA_BAT,1.0,1,1,0,0,complete,False,False
Forlì-Cesena,1995,Durum wheat,200.0,766.2,3.8310000000000004,Forlì-Cesena,1.0,1,1,0,0,complete,False,False
Forlì-Cesena,1995,Grain maize,300.0,3528.0,11.76,Forlì-Cesena,1.0,1,1,0,0,complete,False,False
Forlì-Cesena,1995,Soft wheat,23500.0,99190.0,4.220851063829787,Forlì-Cesena,1.0,1,1,0,0,complete,False,False
Forlì-Cesena,1996,Durum wheat,148.0,541.2,3.656756756756757,Forlì-Cesena,1.0,1,1,0,0,complete,False,False
Forlì-Cesena,1996,Grain maize,200.0,2063.4,10.317,Forlì-Cesena,1.0,1,1,0,0,complete,False,False
Forlì-Cesena,1996,Soft wheat,16100.0,64330.0,3.9956521739130433,Forlì-Cesena,1.0,1,1,0,0,complete,False,False
Forlì-Cesena,1997,Durum wheat,150.0,513.0,3.42,Forlì-Cesena,1.0,1,1,0,0,complete,False,False
Forlì-Cesena,1997,Grain maize,280.0,2626.5,9.380357142857143,Forlì-Cesena,1.0,1,1,0,0,complete,False,False
Forlì-Cesena,1997,Soft wheat,15300.0,58080.0,3.796078431372549,Forlì-Cesena,1.0,1,1,0,0,complete,False,False
Forlì-Cesena,1998,Durum wheat,500.0,2354.0,4.708,Forlì-Cesena,1.0,1,1,0,0,complete,False,False
Forlì-Cesena,1998,Grain maize,350.0,4663.0,13.322857142857142,Forlì-Cesena,1.0,1,1,0,0,complete,True,False
Forlì-Cesena,1998,Soft wheat,14500.0,69830.0,4.815862068965517,Forlì-Cesena,1.0,1,1,0,0,complete,False,False
Forlì-Cesena,1999,Durum wheat,650.0,2925.0,4.5,Forlì-Cesena,1.0,1,1,0,0,complete,False,False
Forlì-Cesena,1999,Grain maize,500.0,4663.0,9.326,Forlì-Cesena,1.0,1,1,0,0,complete,False,False
Forlì-Cesena,1999,Soft wheat,14000.0,63320.0,4.522857142857143,Forlì-Cesena,1.0,1,1,0,0,complete,False,False
Forlì-Cesena,2000,Durum wheat,660.0,3114.0,4.718181818181818,Forlì-Cesena,1.0,1,1,0,0,complete,False,False
Forlì-Cesena,2000,Grain maize,700.0,5560.0,7.942857142857143,Forlì-Cesena,1.0,1,1,0,0,complete,False,False
Forlì-Cesena,2000,Soft wheat,13900.0,66540.0,4.7870503597122305,Forlì-Cesena,1.0,1,1,0,0,complete,False,False
Forlì-Cesena,2001,Durum wheat,500.0,2036.0,4.072,Forlì-Cesena,1.0,1,1,0,0,complete,False,False
Forlì-Cesena,2001,Grain maize,740.0,4108.0,5.551351351351351,Forlì-Cesena,1.0,1,1,0,0,complete,False,False
Forlì-Cesena,2001,Soft wheat,14500.0,60250.0,4.155172413793103,Forlì-Cesena,1.0,1,1,0,0,complete,False,False
Forlì-Cesena,2002,Durum wheat,470.0,2190.0,4.659574468085107,Forlì-Cesena,1.0,1,1,0,0,complete,False,False
Forlì-Cesena,2002,Grain maize,820.0,7086.0,8.641463414634146,Forlì-Cesena,1.0,1,1,0,0,complete,False,False
Forlì-Cesena,2002,Soft wheat,15950.0,81800.0,5.128526645768025,Forlì-Cesena,1.0,1,1,0,0,complete,False,False
Forlì-Cesena,2003,Durum wheat,400.0,1305.0,3.2625,Forlì-Cesena,1.0,1,1,0,0,complete,False,False
Forlì-Cesena,2003,Grain maize,600.0,2270.0,3.783333333333333,Forlì-Cesena,1.0,1,1,0,0,complete,False,False
Forlì-Cesena,2003,Soft wheat,13300.0,50480.0,3.7954887218045115,Forlì-Cesena,1.0,1,1,0,0,complete,False,False
Forlì-Cesena,2004,Durum wheat,410.0,2184.0,5.326829268292683,Forlì-Cesena,1.0,1,1,0,0,complete,False,False
Forlì-Cesena,2004,Grain maize,660.0,3966.0,6.009090909090909,Forlì-Cesena,1.0,1,1,0,0,complete,False,False
Forlì-Cesena,2004,Soft wheat,14800.0,86880.0,5.870270270270271,Forlì-Cesena,1.0,1,1,0,0,complete,False,False
Forlì-Cesena,2005,Durum wheat,320.0,1604.0,5.0125,Forlì-Cesena,1.0,1,1,0,0,complete,False,False
Forlì-Cesena,2005,Grain maize,550.0,3300.0,6.0,Forlì-Cesena,1.0,1,1,0,0,complete,False,False
Forlì-Cesena,2005,Soft wheat,13000.0,67870.0,5.220769230769231,Forlì-Cesena,1.0,1,1,0,0,complete,False,False
Forlì-Cesena,2006,Durum wheat,480.0,2370.0,4.9375,Forlì-Cesena,1.0,1,1,0,0,complete,False,False
Forlì-Cesena,2006,Grain maize,630.0,5740.0,9.11111111111111,Forlì-Cesena,1.0,1,1,0,0,complete,False,False
Forlì-Cesena,2006,Soft wheat,12000.0,61380.0,5.115,Forlì-Cesena,1.0,1,1,0,0,complete,False,False
Forlì-Cesena,2007,Durum wheat,780.0,3360.0,4.3076923076923075,Forlì-Cesena,1.0,1,1,0,0,complete,False,False
Forlì-Cesena,2007,Grain maize,705.0,4486.3,6.36354609929078,Forlì-Cesena,1.0,1,1,0,0,complete,False,False
Forlì-Cesena,2007,Soft wheat,11250.0,51975.0,4.62,Forlì-Cesena,1.0,1,1,0,0,complete,False,False
Forlì-Cesena,2008,Durum wheat,940.0,4700.0,5.0,Forlì-Cesena,1.0,1,1,0,0,complete,False,False
Forlì-Cesena,2008,Grain maize,725.0,5094.0,7.026206896551724,Forlì-Cesena,1.0,1,1,0,0,complete,False,False
Forlì-Cesena,2008,Soft wheat,12000.0,64950.0,5.4125,Forlì-Cesena,1.0,1,1,0,0,complete,False,False
Forlì-Cesena,2009,Durum wheat,2080.0,8382.0,4.029807692307692,Forlì-Cesena,1.0,1,1,0,0,complete,False,False
Forlì-Cesena,2009,Grain maize,760.0,5670.0,7.4605263157894735,Forlì-Cesena,1.0,1,1,0,0,complete,False,False
Forlì-Cesena,2009,Soft wheat,11700.0,53910.0,4.607692307692307,Forlì-Cesena,1.0,1,1,0,0,complete,False,False
Forlì-Cesena,2010,Durum wheat,2350.0,9196.0,3.913191489361702,Forlì-Cesena,1.0,1,1,0,0,complete,False,False
Forlì-Cesena,2010,Grain maize,770.0,6065.0,7.876623376623376,Forlì-Cesena,1.0,1,1,0,0,complete,False,False
Forlì-Cesena,2010,Soft wheat,9250.0,43615.0,4.715135135135135,Forlì-Cesena,1.0,1,1,0,0,complete,False,False
Forlì-Cesena,2011,Durum wheat,1150.0,4635.0,4.030434782608696,Forlì-Cesena,1.0,1,1,0,0,complete,False,False
Forlì-Cesena,2011,Grain maize,700.0,5290.0,7.557142857142857,Forlì-Cesena,1.0,1,1,0,0,complete,False,False
Forlì-Cesena,2011,Soft wheat,10800.0,52435.0,4.855092592592593,Forlì-Cesena,1.0,1,1,0,0,complete,False,False
Forlì-Cesena,2012,Durum wheat,1150.0,5750.0,5.0,Forlì-Cesena,1.0,1,1,0,0,complete,False,False
Forlì-Cesena,2012,Grain maize,485.0,2425.0,5.0,Forlì-Cesena,1.0,1,1,0,0,complete,False,False
Forlì-Cesena,2012,Soft wheat,12500.0,75125.0,6.01,Forlì-Cesena,1.0,1,1,0,0,complete,False,False
Forlì-Cesena,2013,Durum wheat,1150.0,4600.0,4.0,Forlì-Cesena,1.0,1,1,0,0,complete,True,False
Forlì-Cesena,2013,Grain maize,250.0,1750.0,7.0,Forlì-Cesena,1.0,1,1,0,0,complete,False,False
Forlì-Cesena,2013,Soft wheat,12500.0,56250.0,4.5,Forlì-Cesena,1.0,1,1,0,0,complete,True,False
Forlì-Cesena,2014,Durum wheat,1150.0,3945.0,3.4304347826086956,Forlì-Cesena,1.0,1,1,0,0,complete,False,False
Forlì-Cesena,2014,Grain maize,560.0,5040.0,9.0,Forlì-Cesena,1.0,1,1,0,0,complete,False,False
Forlì-Cesena,2014,Soft wheat,10200.0,34129.0,3.345980392156863,Forlì-Cesena,1.0,1,1,0,0,complete,False,False
Forlì-Cesena,2015,Durum wheat,2200.0,9240.0,4.2,Forlì-Cesena,1.0,1,1,0,0,complete,False,False
Forlì-Cesena,2015,Grain maize,450.0,2925.0,6.5,Forlì-Cesena,1.0,1,1,0,0,complete,False,False
Forlì-Cesena,2015,Soft wheat,10600.0,42540.0,4.013207547169811,Forlì-Cesena,1.0,1,1,0,0,complete,False,False
Forlì-Cesena,2016,Durum wheat,4210.0,19872.0,4.720190023752969,Forlì-Cesena,1.0,1,1,0,0,complete,False,False
Forlì-Cesena,2016,Grain maize,360.0,2880.0,8.0,Forlì-Cesena,1.0,1,1,0,0,complete,False,False
Forlì-Cesena,2016,Soft wheat,10060.0,51174.0,5.086878727634195,Forlì-Cesena,1.0,1,1,0,0,complete,False,False
Forlì-Cesena,2017,Durum wheat,2700.0,14882.0,5.511851851851852,Forlì-Cesena,1.0,1,1,0,0,complete,False,False
Forlì-Cesena,2017,Grain maize,420.0,2520.0,6.0,Forlì-Cesena,1.0,1,1,0,0,complete,False,False
Forlì-Cesena,2017,Soft wheat,8600.0,52240.0,6.074418604651163,Forlì-Cesena,1.0,1,1,0,0,complete,False,False
Forlì-Cesena,2018,Durum wheat,2195.0,9711.0,4.424145785876993,Forlì-Cesena,1.0,1,1,0,0,complete,False,False
Forlì-Cesena,2018,Grain maize,380.0,2850.0,7.5,Forlì-Cesena,1.0,1,1,0,0,complete,False,False
Forlì-Cesena,2018,Soft wheat,9700.0,44113.0,4.547731958762887,Forlì-Cesena,1.0,1,1,0,0,complete,False,False
Forlì-Cesena,2019,Durum wheat,1715.0,7699.0,4.4892128279883385,Forlì-Cesena,1.0,1,1,0,0,complete,False,False
Forlì-Cesena,2019,Grain maize,300.0,2400.0,8.0,Forlì-Cesena,1.0,1,1,0,0,complete,False,False
Forlì-Cesena,2019,Soft wheat,10050.0,48370.0,4.812935323383084,Forlì-Cesena,1.0,1,1,0,0,complete,False,False
Forlì-Cesena,2020,Durum wheat,1480.0,7628.0,5.154054054054054,Forlì-Cesena,1.0,1,1,0,0,complete,False,False
Forlì-Cesena,2020,Grain maize,340.0,2380.0,7.0,Forlì-Cesena,1.0,1,1,0,0,complete,False,False
Forlì-Cesena,2020,Soft wheat,9500.0,54725.0,5.760526315789473,Forlì-Cesena,1.0,1,1,0,0,complete,False,False
Forlì-Cesena,2021,Durum wheat,2090.0,13020.0,6.229665071770335,Forlì-Cesena,1.0,1,1,0,0,complete,False,False
Forlì-Cesena,2021,Grain maize,300.0,1800.0,6.0,Forlì-Cesena,1.0,1,1,0,0,complete,False,False
Forlì-Cesena,2021,Soft wheat,11000.0,75320.0,6.847272727272728,Forlì-Cesena,1.0,1,1,0,0,complete,False,False
Forlì-Cesena,2022,Durum wheat,3040.0,17090.0,5.621710526315789,Forlì-Cesena,1.0,1,1,0,0,complete,False,False
Forlì-Cesena,2022,Grain maize,220.0,1320.0,6.0,Forlì-Cesena,1.0,1,1,0,0,complete,False,False
Forlì-Cesena,2022,Soft wheat,11864.0,69279.0,5.839430209035738,Forlì-Cesena,1.0,1,1,0,0,complete,False,False
Frosinone,1995,Durum wheat,3750.0,10500.0,2.8,Frosinone,1.0,1,1,0,0,complete,False,False
Frosinone,1995,Grain maize,10938.0,82261.5,7.520707624794295,Frosinone,1.0,1,1,0,0,complete,False,False
Frosinone,1995,Soft wheat,16630.0,45220.0,2.719182200841852,Frosinone,1.0,1,1,0,0,complete,False,False
Frosinone,1996,Durum wheat,576.0,1995.9,3.465104166666667,Frosinone,1.0,1,1,0,0,complete,False,False
Frosinone,1996,Grain maize,8611.0,72797.0,8.453954244570898,Frosinone,1.0,1,1,0,0,complete,False,False
Frosinone,1996,Soft wheat,10357.0,31833.5,3.073621705126967,Frosinone,1.0,1,1,0,0,complete,False,False
Frosinone,1997,Durum wheat,402.0,924.6,2.3000000000000003,Frosinone,1.0,1,1,0,0,complete,False,False
Frosinone,1997,Grain maize,8451.0,67537.5,7.991657791977281,Frosinone,1.0,1,1,0,0,complete,False,False
Frosinone,1997,Soft wheat,10003.0,25007.5,2.5,Frosinone,1.0,1,1,0,0,complete,False,False
Frosinone,1998,Durum wheat,493.0,1299.1,2.6350912778904663,Frosinone,1.0,1,1,0,0,complete,False,False
Frosinone,1998,Grain maize,8498.0,68000.0,8.001882795951989,Frosinone,1.0,1,1,0,0,complete,False,False
Frosinone,1998,Soft wheat,9287.0,27468.1,2.957693550123829,Frosinone,1.0,1,1,0,0,complete,False,False
Frosinone,1999,Durum wheat,1974.0,5018.6,2.5423505572441742,Frosinone,1.0,1,1,0,0,complete,False,False
Frosinone,1999,Grain maize,8500.0,68000.0,8.0,Frosinone,1.0,1,1,0,0,complete,False,False
Frosinone,1999,Soft wheat,6948.0,17431.1,2.5087938975244675,Frosinone,1.0,1,1,0,0,complete,False,False
Frosinone,2000,Durum wheat,2000.0,5600.0,2.8,Frosinone,1.0,1,1,0,0,complete,False,False
Frosinone,2000,Grain maize,8500.0,68000.0,8.0,Frosinone,1.0,1,1,0,0,complete,False,False
Frosinone,2000,Soft wheat,6900.0,20700.0,3.0,Frosinone,1.0,1,1,0,0,complete,False,False
Frosinone,2001,Durum wheat,1500.0,3300.0,2.2,Frosinone,1.0,1,1,0,0,complete,False,False
Frosinone,2001,Grain maize,8500.0,55250.0,6.5,Frosinone,1.0,1,1,0,0,complete,False,False
Frosinone,2001,Soft wheat,7000.0,15020.0,2.145714285714286,Frosinone,1.0,1,1,0,0,complete,False,False
Frosinone,2002,Durum wheat,1700.0,4250.0,2.5,Frosinone,1.0,1,1,0,0,complete,False,False
Frosinone,2002,Grain maize,8000.0,48000.0,6.0,Frosinone,1.0,1,1,0,0,complete,False,False
Frosinone,2002,Soft wheat,7000.0,18200.0,2.6,Frosinone,1.0,1,1,0,0,complete,False,False
Frosinone,2003,Durum wheat,1700.0,1700.0,1.0,Frosinone,1.0,1,1,0,0,complete,False,False
Frosinone,2003,Grain maize,8000.0,21000.0,2.625,Frosinone,1.0,1,1,0,0,complete,False,False
Frosinone,2003,Soft wheat,7000.0,7000.0,1.0,Frosinone,1.0,1,1,0,0,complete,False,False
Frosinone,2004,Durum wheat,2200.0,6380.0,2.9,Frosinone,1.0,1,1,0,0,complete,False,False
Frosinone,2004,Grain maize,8000.0,50400.0,6.3,Frosinone,1.0,1,1,0,0,complete,False,False
Frosinone,2004,Soft wheat,6500.0,19500.0,3.0,Frosinone,1.0,1,1,0,0,complete,False,False
Frosinone,2005,Durum wheat,2200.0,6820.0,3.1,Frosinone,1.0,1,1,0,0,complete,False,False
Frosinone,2005,Grain maize,8000.0,46800.0,5.85,Frosinone,1.0,1,1,0,0,complete,False,False
Frosinone,2005,Soft wheat,6500.0,20800.0,3.2,Frosinone,1.0,1,1,0,0,complete,False,False
Frosinone,2006,Durum wheat,2200.0,6820.0,3.1,Frosinone,1.0,1,1,0,0,complete,False,False
Frosinone,2006,Grain maize,8000.0,46800.0,5.85,Frosinone,1.0,1,1,0,0,complete,False,False
Frosinone,2006,Soft wheat,6500.0,20800.0,3.2,Frosinone,1.0,1,1,0,0,complete,False,False
Frosinone,2007,Durum wheat,2200.0,6755.0,3.0704545454545453,Frosinone,1.0,1,1,0,0,complete,False,False
Frosinone,2007,Grain maize,8000.0,41880.0,5.235,Frosinone,1.0,1,1,0,0,complete,False,False
Frosinone,2007,Soft wheat,6500.0,20462.5,3.148076923076923,Frosinone,1.0,1,1,0,0,complete,False,False
Frosinone,2008,Durum wheat,2200.0,6798.3,3.090136363636364,Frosinone,1.0,1,1,0,0,complete,False,False
Frosinone,2008,Grain maize,8000.0,45160.0,5.645,Frosinone,1.0,1,1,0,0,complete,False,False
Frosinone,2008,Soft wheat,6500.0,20687.5,3.1826923076923075,Frosinone,1.0,1,1,0,0,complete,False,False
Frosinone,2009,Durum wheat,2500.0,7000.0,2.8,Frosinone,1.0,1,1,0,0,complete,False,False
Frosinone,2009,Grain maize,9000.0,63000.0,7.0,Frosinone,1.0,1,1,0,0,complete,False,False
Frosinone,2009,Soft wheat,6000.0,17500.0,2.9166666666666665,Frosinone,1.0,1,1,0,0,complete,False,False
Frosinone,2010,Durum wheat,2500.0,7000.0,2.8,Frosinone,1.0,1,1,0,0,complete,False,False
Frosinone,2010,Grain maize,3071.0,19013.3,6.19124063822859,Frosinone,1.0,1,1,0,0,complete,False,False
Frosinone,2010,Soft wheat,6000.0,17500.0,2.9166666666666665,Frosinone,1.0,1,1,0,0,complete,False,False
Frosinone,2011,Durum wheat,1909.0,5612.7,2.940125720272394,Frosinone,1.0,1,1,0,0,complete,False,False
Frosinone,2011,Grain maize,9500.0,66500.0,7.0,Frosinone,1.0,1,1,0,0,complete,False,False
Frosinone,2011,Soft wheat,5319.0,16299.6,3.064410603496898,Frosinone,1.0,1,1,0,0,complete,False,False
Frosinone,2012,Durum wheat,2000.0,3800.0,1.9,Frosinone,1.0,1,1,0,0,complete,True,False
Frosinone,2012,Grain maize,5000.0,35000.0,7.0,Frosinone,1.0,1,1,0,0,complete,False,False
Frosinone,2012,Soft wheat,5400.0,10000.0,1.8518518518518519,Frosinone,1.0,1,1,0,0,complete,True,False
Frosinone,2013,Durum wheat,2000.0,2000.0,1.0,Frosinone,1.0,1,1,0,0,complete,False,False
Frosinone,2013,Grain maize,5000.0,45000.0,9.0,Frosinone,1.0,1,1,0,0,complete,False,False
Frosinone,2013,Soft wheat,5400.0,10000.0,1.8518518518518519,Frosinone,1.0,1,1,0,0,complete,True,False
Frosinone,2014,Durum wheat,1700.0,4250.0,2.5,Frosinone,1.0,1,1,0,0,complete,False,False
Frosinone,2014,Grain maize,4800.0,43200.0,9.0,Frosinone,1.0,1,1,0,0,complete,False,False
Frosinone,2014,Soft wheat,5000.0,15000.0,3.0,Frosinone,1.0,1,1,0,0,complete,False,False
Frosinone,2015,Durum wheat,1500.0,4500.0,3.0,Frosinone,1.0,1,1,0,0,complete,False,False
Frosinone,2015,Grain maize,4600.0,32200.0,7.0,Frosinone,1.0,1,1,0,0,complete,False,False
Frosinone,2015,Soft wheat,4500.0,18000.0,4.0,Frosinone,1.0,1,1,0,0,complete,False,False
Frosinone,2016,Durum wheat,1500.0,4000.0,2.6666666666666665,Frosinone,1.0,1,1,0,0,complete,False,False
Frosinone,2016,Grain maize,4600.0,35000.0,7.608695652173913,Frosinone,1.0,1,1,0,0,complete,False,False
Frosinone,2016,Soft wheat,4500.0,16000.0,3.5555555555555554,Frosinone,1.0,1,1,0,0,complete,False,False
Frosinone,2017,Durum wheat,1500.0,4500.0,3.0,Frosinone,1.0,1,1,0,0,complete,False,False
Frosinone,2017,Grain maize,4600.0,41400.0,9.0,Frosinone,1.0,1,1,0,0,complete,False,False
Frosinone,2017,Soft wheat,4500.0,18000.0,4.0,Frosinone,1.0,1,1,0,0,complete,False,False
Frosinone,2018,Durum wheat,1500.0,4500.0,3.0,Frosinone,1.0,1,1,0,0,complete,False,False
Frosinone,2018,Grain maize,4700.0,42300.0,9.0,Frosinone,1.0,1,1,0,0,complete,False,False
Frosinone,2018,Soft wheat,4500.0,18000.0,4.0,Frosinone,1.0,1,1,0,0,complete,False,False
Frosinone,2019,Durum wheat,1350.0,3000.0,2.2222222222222223,Frosinone,1.0,1,1,0,0,complete,False,False
Frosinone,2019,Grain maize,4700.0,42300.0,9.0,Frosinone,1.0,1,1,0,0,complete,False,False
Frosinone,2019,Soft wheat,4400.0,12000.0,2.727272727272727,Frosinone,1.0,1,1,0,0,complete,False,False
Frosinone,2020,Durum wheat,1300.0,2860.0,2.2,Frosinone,1.0,1,1,0,0,complete,False,False
Frosinone,2020,Grain maize,4700.0,42300.0,9.0,Frosinone,1.0,1,1,0,0,complete,False,False
Frosinone,2020,Soft wheat,4300.0,11600.0,2.697674418604651,Frosinone,1.0,1,1,0,0,complete,False,False
Frosinone,2021,Durum wheat,1000.0,2000.0,2.0,Frosinone,1.0,1,1,0,0,complete,False,False
Frosinone,2021,Grain maize,4700.0,42300.0,9.0,Frosinone,1.0,1,1,0,0,complete,False,False
Frosinone,2021,Soft wheat,3800.0,11400.0,3.0,Frosinone,1.0,1,1,0,0,complete,False,False
Frosinone,2022,Durum wheat,1000.0,2500.0,2.5,Frosinone,1.0,1,1,0,0,complete,False,False
Frosinone,2022,Grain maize,4700.0,37600.0,8.0,Frosinone,1.0,1,1,0,0,complete,False,False
Frosinone,2022,Soft wheat,3700.0,10000.0,2.7027027027027026,Frosinone,1.0,1,1,0,0,complete,False,False
Genova,1995,Grain maize,17.0,127.7,7.511764705882353,Genova,1.0,1,1,0,0,complete,False,False
Genova,1995,Soft wheat,12.0,26.4,2.1999999999999997,Genova,1.0,1,1,0,0,complete,False,False
Genova,1996,Durum wheat,25.0,125.0,5.0,Genova,1.0,1,1,0,0,complete,False,False
Genova,1996,Grain maize,86.0,455.0,5.290697674418604,Genova,1.0,1,1,0,0,complete,False,False
Genova,1996,Soft wheat,785.0,2355.0,3.0,Genova,1.0,1,1,0,0,complete,False,False
Genova,1997,Grain maize,75.0,390.0,5.2,Genova,1.0,1,1,0,0,complete,True,False
Genova,1997,Soft wheat,10.0,24.0,2.4,Genova,1.0,1,1,0,0,complete,False,False
Genova,1998,Grain maize,65.0,357.5,5.5,Genova,1.0,1,1,0,0,complete,True,False
Genova,1998,Soft wheat,7.0,17.5,2.5,Genova,1.0,1,1,0,0,complete,False,False
Genova,1999,Grain maize,55.0,357.5,6.5,Genova,1.0,1,1,0,0,complete,False,False
Genova,1999,Soft wheat,6.0,15.0,2.5,Genova,1.0,1,1,0,0,complete,False,False
Genova,2000,Grain maize,48.0,300.0,6.25,Genova,1.0,1,1,0,0,complete,False,False
Genova,2000,Soft wheat,6.0,14.4,2.4,Genova,1.0,1,1,0,0,complete,False,False
Genova,2001,Grain maize,48.0,300.0,6.25,Genova,1.0,1,1,0,0,complete,False,False
Genova,2001,Soft wheat,3.0,7.0,2.3333333333333335,Genova,1.0,1,1,0,0,complete,False,False
Genova,2002,Grain maize,48.0,300.0,6.25,Genova,1.0,1,1,0,0,complete,False,False
Genova,2002,Soft wheat,3.0,7.0,2.3333333333333335,Genova,1.0,1,1,0,0,complete,False,False
Genova,2003,Grain maize,47.0,293.0,6.23404255319149,Genova,1.0,1,1,0,0,complete,False,False
Genova,2003,Soft wheat,3.0,6.8,2.2666666666666666,Genova,1.0,1,1,0,0,complete,False,False
Genova,2004,Grain maize,48.0,296.6,6.179166666666667,Genova,1.0,1,1,0,0,complete,False,False
Genova,2004,Soft wheat,3.0,6.8,2.2666666666666666,Genova,1.0,1,1,0,0,complete,False,False
Genova,2005,Grain maize,48.0,296.6,6.179166666666667,Genova,1.0,1,1,0,0,complete,False,False
Genova,2005,Soft wheat,3.0,6.8,2.2666666666666666,Genova,1.0,1,1,0,0,complete,False,False
Genova,2006,Grain maize,48.0,296.6,6.179166666666667,Genova,1.0,1,1,0,0,complete,False,False
Genova,2006,Soft wheat,3.0,6.8,2.2666666666666666,Genova,1.0,1,1,0,0,complete,False,False
Genova,2007,Grain maize,48.0,290.0,6.041666666666667,Genova,1.0,1,1,0,0,complete,False,False
Genova,2007,Soft wheat,3.0,7.0,2.3333333333333335,Genova,1.0,1,1,0,0,complete,False,False
Genova,2008,Grain maize,48.0,297.0,6.1875,Genova,1.0,1,1,0,0,complete,False,False
Genova,2008,Soft wheat,3.0,7.0,2.3333333333333335,Genova,1.0,1,1,0,0,complete,False,False
Genova,2009,Soft wheat,1.0,2.5,2.5,Genova,1.0,1,1,0,0,complete,False,False
Genova,2010,Soft wheat,1.0,2.3,2.3,Genova,1.0,1,1,0,0,complete,False,False
Genova,2011,Soft wheat,23.0,13.0,0.5652173913043478,Genova,1.0,1,1,0,0,complete,False,False
Genova,2012,Soft wheat,22.0,12.5,0.5681818181818182,Genova,1.0,1,1,0,0,complete,False,False
Genova,2013,Soft wheat,22.0,13.0,0.5909090909090909,Genova,1.0,1,1,0,0,complete,False,False
Genova,2014,Soft wheat,23.0,15.0,0.6521739130434783,Genova,1.0,1,1,0,0,complete,False,False
Genova,2015,Soft wheat,23.0,15.0,0.6521739130434783,Genova,1.0,1,1,0,0,complete,False,False
Genova,2016,Soft wheat,23.0,13.0,0.5652173913043478,Genova,1.0,1,1,0,0,complete,False,False
Genova,2017,Soft wheat,23.0,1.1,0.04782608695652174,Genova,1.0,1,1,0,0,complete,False,False
Genova,2018,Soft wheat,23.0,13.0,0.5652173913043478,Genova,1.0,1,1,0,0,complete,False,False
Genova,2019,Soft wheat,23.0,13.0,0.5652173913043478,Genova,1.0,1,1,0,0,complete,False,False
Genova,2020,Soft wheat,21.0,12.3,0.5857142857142857,Genova,1.0,1,1,0,0,complete,False,False
Gorizia,1995,Durum wheat,70.0,385.0,5.5,Gorizia,1.0,1,1,0,0,complete,False,False
Gorizia,1995,Grain maize,2970.0,26375.0,8.88047138047138,Gorizia,1.0,1,1,0,0,complete,False,False
Gorizia,1995,Soft wheat,870.0,4920.0,5.655172413793103,Gorizia,1.0,1,1,0,0,complete,False,False
Gorizia,1996,Grain maize,2120.0,7420.0,3.5,Gorizia,1.0,1,1,0,0,complete,False,False
Gorizia,1996,Soft wheat,945.0,4819.5,5.1,Gorizia,1.0,1,1,0,0,complete,False,False
Gorizia,1997,Durum wheat,5.0,26.0,5.2,Gorizia,1.0,1,1,0,0,complete,False,False
Gorizia,1997,Grain maize,3230.0,25200.0,7.801857585139319,Gorizia,1.0,1,1,0,0,complete,True,False
Gorizia,1997,Soft wheat,760.0,3420.0,4.5,Gorizia,1.0,1,1,0,0,complete,False,False
Gorizia,1998,Durum wheat,30.0,165.0,5.5,Gorizia,1.0,1,1,0,0,complete,False,False
Gorizia,1998,Grain maize,2800.0,23850.0,8.517857142857142,Gorizia,1.0,1,1,0,0,complete,True,False
Gorizia,1998,Soft wheat,800.0,4160.0,5.2,Gorizia,1.0,1,1,0,0,complete,False,False
Gorizia,1999,Durum wheat,30.0,171.0,5.7,Gorizia,1.0,1,1,0,0,complete,False,False
Gorizia,1999,Grain maize,2650.0,23850.0,9.0,Gorizia,1.0,1,1,0,0,complete,False,False
Gorizia,1999,Soft wheat,840.0,4536.0,5.4,Gorizia,1.0,1,1,0,0,complete,False,False
Gorizia,2000,Durum wheat,45.0,261.0,5.8,Gorizia,1.0,1,1,0,0,complete,False,False
Gorizia,2000,Grain maize,2750.0,24200.0,8.8,Gorizia,1.0,1,1,0,0,complete,False,False
Gorizia,2000,Soft wheat,870.0,4872.0,5.6,Gorizia,1.0,1,1,0,0,complete,False,False
Gorizia,2001,Durum wheat,30.0,165.0,5.5,Gorizia,1.0,1,1,0,0,complete,False,False
Gorizia,2001,Grain maize,2780.0,23630.0,8.5,Gorizia,1.0,1,1,0,0,complete,False,False
Gorizia,2001,Soft wheat,770.0,4235.0,5.5,Gorizia,1.0,1,1,0,0,complete,False,False
Gorizia,2002,Durum wheat,35.0,192.5,5.5,Gorizia,1.0,1,1,0,0,complete,False,False
Gorizia,2002,Grain maize,2750.0,23925.0,8.7,Gorizia,1.0,1,1,0,0,complete,False,False
Gorizia,2002,Soft wheat,840.0,4620.0,5.5,Gorizia,1.0,1,1,0,0,complete,False,False
Gorizia,2003,Durum wheat,40.0,200.0,5.0,Gorizia,1.0,1,1,0,0,complete,False,False
Gorizia,2003,Grain maize,3300.0,29700.0,9.0,Gorizia,1.0,1,1,0,0,complete,False,False
Gorizia,2003,Soft wheat,900.0,3150.0,3.5,Gorizia,1.0,1,1,0,0,complete,False,False
Gorizia,2004,Durum wheat,40.0,240.0,6.0,Gorizia,1.0,1,1,0,0,complete,False,False
Gorizia,2004,Grain maize,3300.0,29700.0,9.0,Gorizia,1.0,1,1,0,0,complete,False,False
Gorizia,2004,Soft wheat,900.0,5200.0,5.777777777777778,Gorizia,1.0,1,1,0,0,complete,False,False
Gorizia,2005,Durum wheat,32.0,192.0,6.0,Gorizia,1.0,1,1,0,0,complete,False,False
Gorizia,2005,Grain maize,3300.0,29900.0,9.06060606060606,Gorizia,1.0,1,1,0,0,complete,False,False
Gorizia,2005,Soft wheat,973.0,5643.4,5.8,Gorizia,1.0,1,1,0,0,complete,False,False
Gorizia,2006,Durum wheat,50.0,250.0,5.0,Gorizia,1.0,1,1,0,0,complete,False,False
Gorizia,2006,Grain maize,3300.0,26400.0,8.0,Gorizia,1.0,1,1,0,0,complete,False,False
Gorizia,2006,Soft wheat,900.0,4050.0,4.5,Gorizia,1.0,1,1,0,0,complete,False,False
Gorizia,2007,Durum wheat,800.0,3200.0,4.0,Gorizia,1.0,1,1,0,0,complete,False,False
Gorizia,2007,Grain maize,3300.0,29700.0,9.0,Gorizia,1.0,1,1,0,0,complete,False,False
Gorizia,2007,Soft wheat,2000.0,9000.0,4.5,Gorizia,1.0,1,1,0,0,complete,False,False
Gorizia,2008,Durum wheat,800.0,3200.0,4.0,Gorizia,1.0,1,1,0,0,complete,False,False
Gorizia,2008,Grain maize,3000.0,27500.0,9.166666666666666,Gorizia,1.0,1,1,0,0,complete,False,False
Gorizia,2008,Soft wheat,1181.0,5300.0,4.487722269263336,Gorizia,1.0,1,1,0,0,complete,False,False
Gorizia,2009,Grain maize,1494.0,13446.0,9.0,Gorizia,1.0,1,1,0,0,complete,False,False
Gorizia,2009,Soft wheat,1022.0,5927.6,5.800000000000001,Gorizia,1.0,1,1,0,0,complete,False,False
Gorizia,2010,Grain maize,3343.0,29548.7,8.838976966796292,Gorizia,1.0,1,1,0,0,complete,False,False
Gorizia,2010,Soft wheat,670.0,916.9,1.3685074626865672,Gorizia,1.0,1,1,0,0,complete,False,False
Gorizia,2011,Durum wheat,444.0,1879.1,4.232207207207207,Gorizia,1.0,1,1,0,0,complete,False,False
Gorizia,2011,Grain maize,3230.0,29648.7,9.179164086687306,Gorizia,1.0,1,1,0,0,complete,False,False
Gorizia,2011,Soft wheat,1057.0,4666.7,4.415042573320719,Gorizia,1.0,1,1,0,0,complete,False,False
Gorizia,2012,Durum wheat,444.0,1879.1,4.232207207207207,Gorizia,1.0,1,1,0,0,complete,False,False
Gorizia,2012,Grain maize,3238.0,30310.8,9.360963557751699,Gorizia,1.0,1,1,0,0,complete,False,False
Gorizia,2012,Soft wheat,1309.0,8348.4,6.377692895339954,Gorizia,1.0,1,1,0,0,complete,False,False
Gorizia,2013,Durum wheat,444.0,1879.1,4.232207207207207,Gorizia,1.0,1,1,0,0,complete,False,False
Gorizia,2013,Grain maize,3270.0,29836.1,9.124189602446483,Gorizia,1.0,1,1,0,0,complete,False,False
Gorizia,2013,Soft wheat,1012.0,5696.7,5.629150197628459,Gorizia,1.0,1,1,0,0,complete,True,False
Gorizia,2014,Durum wheat,442.0,1848.9,4.183031674208145,Gorizia,1.0,1,1,0,0,complete,False,False
Gorizia,2014,Grain maize,3251.0,20049.0,6.167025530605968,Gorizia,1.0,1,1,0,0,complete,False,False
Gorizia,2014,Soft wheat,1139.0,6142.0,5.392449517120281,Gorizia,1.0,1,1,0,0,complete,False,False
Gorizia,2015,Durum wheat,10.0,45.0,4.5,Gorizia,1.0,1,1,0,0,complete,False,False
Gorizia,2015,Grain maize,3074.0,30740.0,10.0,Gorizia,1.0,1,1,0,0,complete,False,False
Gorizia,2015,Soft wheat,1325.0,5966.9,4.503320754716981,Gorizia,1.0,1,1,0,0,complete,False,False
Gorizia,2016,Grain maize,16.0,160.0,10.0,Gorizia,1.0,1,1,0,0,complete,False,False
Gorizia,2016,Soft wheat,15.0,76.0,5.066666666666666,Gorizia,1.0,1,1,0,0,complete,False,False
Gorizia,2017,Durum wheat,35.0,168.1,4.8028571428571425,Gorizia,1.0,1,1,0,0,complete,False,False
Gorizia,2017,Grain maize,2796.0,27960.4,10.000143061516452,Gorizia,1.0,1,1,0,0,complete,False,False
Gorizia,2017,Soft wheat,1603.0,7463.6,4.6560199625701815,Gorizia,1.0,1,1,0,0,complete,False,False
Gorizia,2018,Durum wheat,35.0,163.2,4.662857142857143,Gorizia,1.0,1,1,0,0,complete,False,False
Gorizia,2018,Grain maize,2547.0,25550.5,10.031605810757755,Gorizia,1.0,1,1,0,0,complete,False,False
Gorizia,2018,Soft wheat,1768.0,7672.5,4.339649321266968,Gorizia,1.0,1,1,0,0,complete,False,False
Gorizia,2019,Durum wheat,30.0,120.6,4.02,Gorizia,1.0,1,1,0,0,complete,False,False
Gorizia,2019,Grain maize,2702.0,25484.3,9.431643227239082,Gorizia,1.0,1,1,0,0,complete,False,False
Gorizia,2019,Soft wheat,1786.0,7193.9,4.027939529675252,Gorizia,1.0,1,1,0,0,complete,False,False
Gorizia,2020,Durum wheat,62.0,223.0,3.596774193548387,Gorizia,1.0,1,1,0,0,complete,False,False
Gorizia,2020,Grain maize,1401.0,16643.9,11.880014275517489,Gorizia,1.0,1,1,0,0,complete,False,False
Gorizia,2020,Soft wheat,557.0,2314.7,4.155655296229802,Gorizia,1.0,1,1,0,0,complete,False,False
Gorizia,2021,Durum wheat,15.0,59.4,3.96,Gorizia,1.0,1,1,0,0,complete,False,False
Gorizia,2021,Grain maize,1457.0,14424.3,9.9,Gorizia,1.0,1,1,0,0,complete,False,False
Gorizia,2021,Soft wheat,6.0,15.0,2.5,Gorizia,1.0,1,1,0,0,complete,False,False
Gorizia,2022,Durum wheat,68.0,247.5,3.639705882352941,Gorizia,1.0,1,1,0,0,complete,False,False
Gorizia,2022,Grain maize,1181.0,10171.9,8.612955122777308,Gorizia,1.0,1,1,0,0,complete,False,False
Gorizia,2022,Soft wheat,1075.0,5321.3,4.9500465116279075,Gorizia,1.0,1,1,0,0,complete,False,False
Grosseto,1995,Durum wheat,44100.0,122395.0,2.7753968253968253,Grosseto,1.0,1,1,0,0,complete,False,False
Grosseto,1995,Grain maize,1280.0,12600.0,9.84375,Grosseto,1.0,1,1,0,0,complete,False,False
Grosseto,1995,Soft wheat,4700.0,13265.0,2.822340425531915,Grosseto,1.0,1,1,0,0,complete,False,False
Grosseto,1996,Durum wheat,43720.0,160015.2,3.66,Grosseto,1.0,1,1,0,0,complete,False,False
Grosseto,1996,Grain maize,1560.0,14196.0,9.1,Grosseto,1.0,1,1,0,0,complete,False,False
Grosseto,1996,Soft wheat,3570.0,13223.5,3.70406162464986,Grosseto,1.0,1,1,0,0,complete,False,False
Grosseto,1997,Durum wheat,44140.0,112818.0,2.555913004077934,Grosseto,1.0,1,1,0,0,complete,False,False
Grosseto,1997,Grain maize,1507.0,11132.0,7.386861313868613,Grosseto,1.0,1,1,0,0,complete,True,False
Grosseto,1997,Soft wheat,4370.0,10402.0,2.380320366132723,Grosseto,1.0,1,1,0,0,complete,False,False
Grosseto,1998,Durum wheat,46250.0,154534.0,3.341275675675676,Grosseto,1.0,1,1,0,0,complete,False,False
Grosseto,1998,Grain maize,1210.0,11264.5,9.309504132231405,Grosseto,1.0,1,1,0,0,complete,True,False
Grosseto,1998,Soft wheat,4040.0,14805.0,3.6646039603960396,Grosseto,1.0,1,1,0,0,complete,False,False
Grosseto,1999,Durum wheat,51550.0,163966.0,3.180717749757517,Grosseto,1.0,1,1,0,0,complete,False,False
Grosseto,1999,Grain maize,1185.0,11264.5,9.50590717299578,Grosseto,1.0,1,1,0,0,complete,False,False
Grosseto,1999,Soft wheat,3780.0,13030.0,3.447089947089947,Grosseto,1.0,1,1,0,0,complete,False,False
Grosseto,2000,Durum wheat,52200.0,156600.0,3.0,Grosseto,1.0,1,1,0,0,complete,False,False
Grosseto,2000,Grain maize,1108.0,7756.0,7.0,Grosseto,1.0,1,1,0,0,complete,False,False
Grosseto,2000,Soft wheat,2034.0,7525.8,3.7,Grosseto,1.0,1,1,0,0,complete,False,False
Grosseto,2001,Durum wheat,53000.0,95400.0,1.8,Grosseto,1.0,1,1,0,0,complete,False,False
Grosseto,2001,Grain maize,1800.0,7650.0,4.25,Grosseto,1.0,1,1,0,0,complete,False,False
Grosseto,2001,Soft wheat,1800.0,4500.0,2.5,Grosseto,1.0,1,1,0,0,complete,False,False
Grosseto,2002,Durum wheat,69000.0,182574.0,2.646,Grosseto,1.0,1,1,0,0,complete,False,False
Grosseto,2002,Grain maize,3100.0,13640.0,4.4,Grosseto,1.0,1,1,0,0,complete,False,False
Grosseto,2002,Soft wheat,2000.0,6860.0,3.43,Grosseto,1.0,1,1,0,0,complete,False,False
Grosseto,2003,Durum wheat,61000.0,91500.0,1.5,Grosseto,1.0,1,1,0,0,complete,False,False
Grosseto,2003,Grain maize,4100.0,11480.0,2.8,Grosseto,1.0,1,1,0,0,complete,False,False
Grosseto,2003,Soft wheat,2100.0,3780.0,1.8,Grosseto,1.0,1,1,0,0,complete,False,False
Grosseto,2004,Durum wheat,70000.0,245000.0,3.5,Grosseto,1.0,1,1,0,0,complete,False,False
Grosseto,2004,Grain maize,4000.0,19200.0,4.8,Grosseto,1.0,1,1,0,0,complete,False,False
Grosseto,2004,Soft wheat,2000.0,7000.0,3.5,Grosseto,1.0,1,1,0,0,complete,False,False
Grosseto,2005,Durum wheat,38000.0,114000.0,3.0,Grosseto,1.0,1,1,0,0,complete,False,False
Grosseto,2005,Grain maize,120.0,705.6,5.88,Grosseto,1.0,1,1,0,0,complete,False,False
Grosseto,2005,Soft wheat,4500.0,18000.0,4.0,Grosseto,1.0,1,1,0,0,complete,False,False
Grosseto,2006,Durum wheat,23000.0,69000.0,3.0,Grosseto,1.0,1,1,0,0,complete,False,False
Grosseto,2006,Grain maize,1000.0,10290.0,10.29,Grosseto,1.0,1,1,0,0,complete,False,False
Grosseto,2006,Soft wheat,4000.0,14000.0,3.5,Grosseto,1.0,1,1,0,0,complete,False,False
Grosseto,2007,Durum wheat,27000.0,81000.0,3.0,Grosseto,1.0,1,1,0,0,complete,False,False
Grosseto,2007,Grain maize,900.0,7100.0,7.888888888888889,Grosseto,1.0,1,1,0,0,complete,False,False
Grosseto,2007,Soft wheat,5300.0,18550.0,3.5,Grosseto,1.0,1,1,0,0,complete,False,False
Grosseto,2008,Durum wheat,40000.0,140000.0,3.5,Grosseto,1.0,1,1,0,0,complete,False,False
Grosseto,2008,Grain maize,1200.0,9720.0,8.1,Grosseto,1.0,1,1,0,0,complete,False,False
Grosseto,2008,Soft wheat,3500.0,14000.0,4.0,Grosseto,1.0,1,1,0,0,complete,False,False
Grosseto,2009,Durum wheat,14932.0,52262.0,3.5,Grosseto,1.0,1,1,0,0,complete,False,False
Grosseto,2009,Grain maize,937.0,8200.0,8.751334044823906,Grosseto,1.0,1,1,0,0,complete,False,False
Grosseto,2009,Soft wheat,2502.0,10008.0,4.0,Grosseto,1.0,1,1,0,0,complete,False,False
Grosseto,2010,Durum wheat,27000.0,81000.0,3.0,Grosseto,1.0,1,1,0,0,complete,False,False
Grosseto,2010,Grain maize,1000.0,9000.0,9.0,Grosseto,1.0,1,1,0,0,complete,False,False
Grosseto,2010,Soft wheat,2000.0,8400.0,4.2,Grosseto,1.0,1,1,0,0,complete,False,False
Grosseto,2011,Durum wheat,20000.0,70000.0,3.5,Grosseto,1.0,1,1,0,0,complete,False,False
Grosseto,2011,Grain maize,900.0,8550.0,9.5,Grosseto,1.0,1,1,0,0,complete,False,False
Grosseto,2011,Soft wheat,2000.0,6000.0,3.0,Grosseto,1.0,1,1,0,0,complete,False,False
Grosseto,2012,Durum wheat,24000.0,72000.0,3.0,Grosseto,1.0,1,1,0,0,complete,False,False
Grosseto,2012,Grain maize,800.0,7200.0,9.0,Grosseto,1.0,1,1,0,0,complete,False,False
Grosseto,2012,Soft wheat,3500.0,7350.0,2.1,Grosseto,1.0,1,1,0,0,complete,False,False
Grosseto,2013,Durum wheat,14000.0,56000.0,4.0,Grosseto,1.0,1,1,0,0,complete,True,False
Grosseto,2013,Grain maize,900.0,8100.0,9.0,Grosseto,1.0,1,1,0,0,complete,False,False
Grosseto,2013,Soft wheat,5000.0,15000.0,3.0,Grosseto,1.0,1,1,0,0,complete,True,False
Grosseto,2014,Durum wheat,21700.0,86800.0,4.0,Grosseto,1.0,1,1,0,0,complete,False,False
Grosseto,2014,Grain maize,1100.0,9900.0,9.0,Grosseto,1.0,1,1,0,0,complete,False,False
Grosseto,2014,Soft wheat,6000.0,18000.0,3.0,Grosseto,1.0,1,1,0,0,complete,False,False
Grosseto,2015,Durum wheat,30000.0,105000.0,3.5,Grosseto,1.0,1,1,0,0,complete,False,False
Grosseto,2015,Grain maize,1700.0,15300.0,9.0,Grosseto,1.0,1,1,0,0,complete,False,False
Grosseto,2015,Soft wheat,3000.0,9000.0,3.0,Grosseto,1.0,1,1,0,0,complete,False,False
Grosseto,2016,Durum wheat,27000.0,94500.0,3.5,Grosseto,1.0,1,1,0,0,complete,False,False
Grosseto,2016,Grain maize,1700.0,15300.0,9.0,Grosseto,1.0,1,1,0,0,complete,False,False
Grosseto,2016,Soft wheat,4000.0,12000.0,3.0,Grosseto,1.0,1,1,0,0,complete,False,False
Grosseto,2017,Durum wheat,22000.0,66000.0,3.0,Grosseto,1.0,1,1,0,0,complete,False,False
Grosseto,2017,Grain maize,1500.0,13500.0,9.0,Grosseto,1.0,1,1,0,0,complete,False,False
Grosseto,2017,Soft wheat,3000.0,7500.0,2.5,Grosseto,1.0,1,1,0,0,complete,False,False
Grosseto,2018,Durum wheat,17500.0,61250.0,3.5,Grosseto,1.0,1,1,0,0,complete,False,False
Grosseto,2018,Grain maize,1100.0,9900.0,9.0,Grosseto,1.0,1,1,0,0,complete,False,False
Grosseto,2018,Soft wheat,4300.0,12900.0,3.0,Grosseto,1.0,1,1,0,0,complete,False,False
Grosseto,2019,Durum wheat,14230.0,55000.0,3.865073787772312,Grosseto,1.0,1,1,0,0,complete,False,False
Grosseto,2019,Grain maize,1384.0,12500.0,9.031791907514451,Grosseto,1.0,1,1,0,0,complete,False,False
Grosseto,2019,Soft wheat,3899.0,11000.0,2.8212362144139522,Grosseto,1.0,1,1,0,0,complete,False,False
Grosseto,2020,Durum wheat,14160.0,50000.0,3.531073446327684,Grosseto,1.0,1,1,0,0,complete,False,False
Grosseto,2020,Grain maize,1650.0,15500.0,9.393939393939394,Grosseto,1.0,1,1,0,0,complete,False,False
Grosseto,2020,Soft wheat,3773.0,10000.0,2.6504108136761197,Grosseto,1.0,1,1,0,0,complete,False,False
Grosseto,2021,Durum wheat,16241.0,42000.0,2.586047657163968,Grosseto,1.0,1,1,0,0,complete,False,False
Grosseto,2021,Grain maize,254.0,2000.0,7.874015748031496,Grosseto,1.0,1,1,0,0,complete,False,False
Grosseto,2021,Soft wheat,3057.0,9000.0,2.944062806673209,Grosseto,1.0,1,1,0,0,complete,False,False
Grosseto,2022,Durum wheat,17000.0,52000.0,3.0588235294117645,Grosseto,1.0,1,1,0,0,complete,False,False
Grosseto,2022,Grain maize,499.0,5000.0,10.02004008016032,Grosseto,1.0,1,1,0,0,complete,False,False
Grosseto,2022,Soft wheat,3300.0,10000.0,3.0303030303030303,Grosseto,1.0,1,1,0,0,complete,False,False
Isernia,1995,Durum wheat,72950.0,153195.0,2.1,Isernia,1.0,1,1,0,0,complete,False,False
Isernia,1995,Grain maize,2100.0,11400.0,5.428571428571429,Isernia,1.0,1,1,0,0,complete,False,False
Isernia,1995,Soft wheat,2500.0,6500.0,2.6,Isernia,1.0,1,1,0,0,complete,False,False
Isernia,1996,Durum wheat,71000.0,184600.0,2.6,Isernia,1.0,1,1,0,0,complete,False,False
Isernia,1996,Grain maize,1450.0,8700.0,6.0,Isernia,1.0,1,1,0,0,complete,False,False
Isernia,1996,Soft wheat,2500.0,7000.0,2.8,Isernia,1.0,1,1,0,0,complete,False,False
Isernia,1997,Durum wheat,71000.0,198800.0,2.8,Isernia,1.0,1,1,0,0,complete,False,False
Isernia,1997,Grain maize,1450.0,13000.0,8.96551724137931,Isernia,1.0,1,1,0,0,complete,True,False
Isernia,1997,Soft wheat,2500.0,7500.0,3.0,Isernia,1.0,1,1,0,0,complete,False,False
Isernia,1998,Durum wheat,70000.0,175000.0,2.5,Isernia,1.0,1,1,0,0,complete,False,False
Isernia,1998,Grain maize,2000.0,7705.0,3.8525,Isernia,1.0,1,1,0,0,complete,True,False
Isernia,1998,Soft wheat,2500.0,7000.0,2.8,Isernia,1.0,1,1,0,0,complete,False,False
Isernia,1999,Durum wheat,71000.0,191080.0,2.691267605633803,Isernia,1.0,1,1,0,0,complete,False,False
Isernia,1999,Grain maize,1725.0,7705.0,4.466666666666667,Isernia,1.0,1,1,0,0,complete,False,False
Isernia,1999,Soft wheat,2513.0,7038.9,2.8009948269001193,Isernia,1.0,1,1,0,0,complete,False,False
Isernia,2000,Durum wheat,70750.0,179875.2,2.5424056537102473,Isernia,1.0,1,1,0,0,complete,False,False
Isernia,2000,Grain maize,1650.0,8978.7,5.4416363636363645,Isernia,1.0,1,1,0,0,complete,False,False
Isernia,2000,Soft wheat,2503.0,6805.8,2.7190571314422693,Isernia,1.0,1,1,0,0,complete,False,False
Isernia,2001,Durum wheat,70900.0,183520.0,2.5884344146685474,Isernia,1.0,1,1,0,0,complete,False,False
Isernia,2001,Grain maize,1665.0,8836.0,5.306906906906907,Isernia,1.0,1,1,0,0,complete,False,False
Isernia,2001,Soft wheat,2515.0,7101.0,2.823459244532803,Isernia,1.0,1,1,0,0,complete,False,False
Isernia,2002,Durum wheat,70900.0,192696.0,2.717856135401975,Isernia,1.0,1,1,0,0,complete,False,False
Isernia,2002,Grain maize,1160.0,6032.0,5.2,Isernia,1.0,1,1,0,0,complete,False,False
Isernia,2002,Soft wheat,2138.0,7243.0,3.3877455565949486,Isernia,1.0,1,1,0,0,complete,False,False
Isernia,2003,Durum wheat,65395.0,171185.0,2.6177077758238396,Isernia,1.0,1,1,0,0,complete,False,False
Isernia,2003,Grain maize,1492.0,7010.0,4.698391420911528,Isernia,1.0,1,1,0,0,complete,False,False
Isernia,2003,Soft wheat,1800.0,5910.0,3.283333333333333,Isernia,1.0,1,1,0,0,complete,False,False
Isernia,2004,Durum wheat,68870.0,183470.6,2.6640133585015247,Isernia,1.0,1,1,0,0,complete,False,False
Isernia,2004,Grain maize,1439.0,7182.0,4.9909659485754,Isernia,1.0,1,1,0,0,complete,False,False
Isernia,2004,Soft wheat,1850.0,6835.0,3.6945945945945944,Isernia,1.0,1,1,0,0,complete,False,False
Isernia,2005,Durum wheat,54300.0,132900.0,2.447513812154696,Isernia,1.0,1,1,0,0,complete,False,False
Isernia,2005,Grain maize,1450.0,5075.0,3.5,Isernia,1.0,1,1,0,0,complete,False,False
Isernia,2005,Soft wheat,2530.0,8855.0,3.5,Isernia,1.0,1,1,0,0,complete,False,False
Isernia,2006,Durum wheat,53000.0,159000.0,3.0,Isernia,1.0,1,1,0,0,complete,False,False
Isernia,2006,Grain maize,1500.0,5250.0,3.5,Isernia,1.0,1,1,0,0,complete,False,False
Isernia,2006,Soft wheat,2600.0,9100.0,3.5,Isernia,1.0,1,1,0,0,complete,False,False
Isernia,2007,Durum wheat,52000.0,156000.0,3.0,Isernia,1.0,1,1,0,0,complete,False,False
Isernia,2007,Grain maize,1600.0,5120.0,3.2,Isernia,1.0,1,1,0,0,complete,False,False
Isernia,2007,Soft wheat,2800.0,9800.0,3.5,Isernia,1.0,1,1,0,0,complete,False,False
Isernia,2008,Durum wheat,59800.0,191360.0,3.2,Isernia,1.0,1,1,0,0,complete,False,False
Isernia,2008,Grain maize,1600.0,4800.0,3.0,Isernia,1.0,1,1,0,0,complete,False,False
Isernia,2008,Soft wheat,2800.0,10080.0,3.6,Isernia,1.0,1,1,0,0,complete,False,False
Isernia,2009,Durum wheat,46061.0,101334.2,2.1999999999999997,Isernia,1.0,1,1,0,0,complete,False,False
Isernia,2009,Grain maize,647.0,1876.3,2.9,Isernia,1.0,1,1,0,0,complete,False,False
Isernia,2009,Soft wheat,718.0,1795.0,2.5,Isernia,1.0,1,1,0,0,complete,False,False
Isernia,2010,Durum wheat,37409.0,128625.0,3.4383437140794997,Isernia,1.0,1,1,0,0,complete,False,False
Isernia,2010,Grain maize,187.0,602.0,3.2192513368983957,Isernia,1.0,1,1,0,0,complete,False,False
Isernia,2010,Soft wheat,876.0,2515.0,2.8710045662100456,Isernia,1.0,1,1,0,0,complete,False,False
Isernia,2011,Durum wheat,49216.0,150318.1,3.0542526820546163,Isernia,1.0,1,1,0,0,complete,False,False
Isernia,2011,Grain maize,970.0,3000.6,3.09340206185567,Isernia,1.0,1,1,0,0,complete,False,False
Isernia,2011,Soft wheat,1400.0,4500.0,3.2142857142857144,Isernia,1.0,1,1,0,0,complete,False,False
Isernia,2012,Durum wheat,59600.0,166880.0,2.8,Isernia,1.0,1,1,0,0,complete,False,False
Isernia,2012,Grain maize,1700.0,5950.0,3.5,Isernia,1.0,1,1,0,0,complete,False,False
Isernia,2012,Soft wheat,3000.0,900.0,0.3,Isernia,1.0,1,1,0,0,complete,False,False
Isernia,2013,Durum wheat,59600.0,166880.0,2.8,Isernia,1.0,1,1,0,0,complete,False,False
Isernia,2013,Grain maize,1700.0,5950.0,3.5,Isernia,1.0,1,1,0,0,complete,False,False
Isernia,2013,Soft wheat,3000.0,900.0,0.3,Isernia,1.0,1,1,0,0,complete,False,False
Isernia,2014,Durum wheat,59600.0,166880.0,2.8,Isernia,1.0,1,1,0,0,complete,False,False
Isernia,2014,Grain maize,1700.0,5950.0,3.5,Isernia,1.0,1,1,0,0,complete,False,False
Isernia,2014,Soft wheat,3000.0,900.0,0.3,Isernia,1.0,1,1,0,0,complete,False,False
Isernia,2015,Durum wheat,65354.0,182991.2,2.8000000000000003,Isernia,1.0,1,1,0,0,complete,False,False
Isernia,2015,Grain maize,1850.0,6475.0,3.5,Isernia,1.0,1,1,0,0,complete,False,False
Isernia,2015,Soft wheat,3290.0,987.0,0.3,Isernia,1.0,1,1,0,0,complete,False,False
Isernia,2016,Durum wheat,59600.0,166880.0,2.8,Isernia,1.0,1,1,0,0,complete,False,False
Isernia,2016,Grain maize,1800.0,6300.0,3.5,Isernia,1.0,1,1,0,0,complete,False,False
Isernia,2016,Soft wheat,2800.0,8400.0,3.0,Isernia,1.0,1,1,0,0,complete,False,False
Isernia,2017,Durum wheat,55000.0,192500.0,3.5,Isernia,1.0,1,1,0,0,complete,False,False
Isernia,2017,Grain maize,1700.0,6800.0,4.0,Isernia,1.0,1,1,0,0,complete,False,False
Isernia,2017,Soft wheat,2500.0,9500.0,3.8,Isernia,1.0,1,1,0,0,complete,False,False
Isernia,2018,Durum wheat,58000.0,200000.0,3.4482758620689653,Isernia,1.0,1,1,0,0,complete,False,False
Isernia,2018,Grain maize,500.0,2000.0,4.0,Isernia,1.0,1,1,0,0,complete,False,False
Isernia,2018,Soft wheat,2500.0,9500.0,3.8,Isernia,1.0,1,1,0,0,complete,False,False
Isernia,2019,Durum wheat,58000.0,203000.0,3.5,Isernia,1.0,1,1,0,0,complete,False,False
Isernia,2019,Grain maize,500.0,2000.0,4.0,Isernia,1.0,1,1,0,0,complete,False,False
Isernia,2019,Soft wheat,2500.0,9500.0,3.8,Isernia,1.0,1,1,0,0,complete,False,False
Isernia,2020,Durum wheat,60000.0,216000.0,3.6,Isernia,1.0,1,1,0,0,complete,False,False
Isernia,2020,Grain maize,1800.0,7200.0,4.0,Isernia,1.0,1,1,0,0,complete,False,False
Isernia,2020,Soft wheat,2500.0,9500.0,3.8,Isernia,1.0,1,1,0,0,complete,False,False
Isernia,2021,Durum wheat,59000.0,212400.0,3.6,Isernia,1.0,1,1,0,0,complete,False,False
Isernia,2021,Grain maize,2000.0,8000.0,4.0,Isernia,1.0,1,1,0,0,complete,False,False
Isernia,2021,Soft wheat,100.0,200.0,2.0,Isernia,1.0,1,1,0,0,complete,False,False
Isernia,2022,Durum wheat,40000.0,132000.0,3.3,Isernia,1.0,1,1,0,0,complete,False,False
Isernia,2022,Grain maize,900.0,3600.0,4.0,Isernia,1.0,1,1,0,0,complete,False,False
Isernia,2022,Soft wheat,2200.0,7700.0,3.5,Isernia,1.0,1,1,0,0,complete,False,False
L'Aquila,1995,Durum wheat,850.0,2550.0,3.0,L'Aquila,1.0,1,1,0,0,complete,False,False
L'Aquila,1995,Grain maize,1600.0,12200.0,7.625,L'Aquila,1.0,1,1,0,0,complete,False,False
L'Aquila,1995,Soft wheat,13700.0,47950.0,3.5,L'Aquila,1.0,1,1,0,0,complete,False,False
L'Aquila,1996,Durum wheat,800.0,2520.0,3.15,L'Aquila,1.0,1,1,0,0,complete,False,False
L'Aquila,1996,Grain maize,1175.0,4360.0,3.7106382978723405,L'Aquila,1.0,1,1,0,0,complete,False,False
L'Aquila,1996,Soft wheat,11000.0,41470.0,3.77,L'Aquila,1.0,1,1,0,0,complete,False,False
L'Aquila,1997,Durum wheat,1350.0,4320.0,3.2,L'Aquila,1.0,1,1,0,0,complete,False,False
L'Aquila,1997,Grain maize,1030.0,4001.5,3.8849514563106795,L'Aquila,1.0,1,1,0,0,complete,True,False
L'Aquila,1997,Soft wheat,10200.0,36056.0,3.5349019607843135,L'Aquila,1.0,1,1,0,0,complete,False,False
L'Aquila,1998,Durum wheat,1550.0,5406.0,3.487741935483871,L'Aquila,1.0,1,1,0,0,complete,False,False
L'Aquila,1998,Grain maize,1100.0,3180.0,2.890909090909091,L'Aquila,1.0,1,1,0,0,complete,True,False
L'Aquila,1998,Soft wheat,10600.0,33732.0,3.1822641509433964,L'Aquila,1.0,1,1,0,0,complete,False,False
L'Aquila,1999,Durum wheat,935.0,2577.5,2.7566844919786098,L'Aquila,1.0,1,1,0,0,complete,False,False
L'Aquila,1999,Grain maize,1074.0,3180.0,2.9608938547486034,L'Aquila,1.0,1,1,0,0,complete,False,False
L'Aquila,1999,Soft wheat,10600.0,34728.0,3.2762264150943397,L'Aquila,1.0,1,1,0,0,complete,False,False
L'Aquila,2000,Durum wheat,540.0,1600.0,2.962962962962963,L'Aquila,1.0,1,1,0,0,complete,False,False
L'Aquila,2000,Grain maize,580.0,2373.0,4.091379310344828,L'Aquila,1.0,1,1,0,0,complete,False,False
L'Aquila,2000,Soft wheat,8900.0,25705.0,2.8882022471910114,L'Aquila,1.0,1,1,0,0,complete,False,False
L'Aquila,2001,Durum wheat,1905.0,5654.0,2.9679790026246717,L'Aquila,1.0,1,1,0,0,complete,False,False
L'Aquila,2001,Grain maize,267.0,1129.6,4.230711610486891,L'Aquila,1.0,1,1,0,0,complete,False,False
L'Aquila,2001,Soft wheat,7180.0,27625.0,3.847493036211699,L'Aquila,1.0,1,1,0,0,complete,False,False
L'Aquila,2002,Durum wheat,1950.0,5787.5,2.967948717948718,L'Aquila,1.0,1,1,0,0,complete,False,False
L'Aquila,2002,Grain maize,215.0,706.1,3.284186046511628,L'Aquila,1.0,1,1,0,0,complete,False,False
L'Aquila,2002,Soft wheat,7200.0,27701.9,3.8474861111111114,L'Aquila,1.0,1,1,0,0,complete,False,False
L'Aquila,2003,Durum wheat,1150.0,3450.0,3.0,L'Aquila,1.0,1,1,0,0,complete,False,False
L'Aquila,2003,Grain maize,180.0,540.0,3.0,L'Aquila,1.0,1,1,0,0,complete,False,False
L'Aquila,2003,Soft wheat,2700.0,8100.0,3.0,L'Aquila,1.0,1,1,0,0,complete,False,False
L'Aquila,2004,Durum wheat,1200.0,4440.0,3.7,L'Aquila,1.0,1,1,0,0,complete,False,False
L'Aquila,2004,Grain maize,180.0,630.0,3.5,L'Aquila,1.0,1,1,0,0,complete,False,False
L'Aquila,2004,Soft wheat,2900.0,11600.0,4.0,L'Aquila,1.0,1,1,0,0,complete,False,False
L'Aquila,2005,Durum wheat,1200.0,4440.0,3.7,L'Aquila,1.0,1,1,0,0,complete,False,False
L'Aquila,2005,Grain maize,190.0,665.0,3.5,L'Aquila,1.0,1,1,0,0,complete,False,False
L'Aquila,2005,Soft wheat,2850.0,11400.0,4.0,L'Aquila,1.0,1,1,0,0,complete,False,False
L'Aquila,2006,Durum wheat,1150.0,4235.0,3.6826086956521737,L'Aquila,1.0,1,1,0,0,complete,False,False
L'Aquila,2006,Grain maize,190.0,665.0,3.5,L'Aquila,1.0,1,1,0,0,complete,False,False
L'Aquila,2006,Soft wheat,2900.0,11600.0,4.0,L'Aquila,1.0,1,1,0,0,complete,False,False
L'Aquila,2007,Durum wheat,1530.0,5814.0,3.8,L'Aquila,1.0,1,1,0,0,complete,False,False
L'Aquila,2007,Grain maize,190.0,665.0,3.5,L'Aquila,1.0,1,1,0,0,complete,False,False
L'Aquila,2007,Soft wheat,2850.0,11400.0,4.0,L'Aquila,1.0,1,1,0,0,complete,False,False
L'Aquila,2008,Durum wheat,1400.0,5320.0,3.8,L'Aquila,1.0,1,1,0,0,complete,False,False
L'Aquila,2008,Grain maize,190.0,665.0,3.5,L'Aquila,1.0,1,1,0,0,complete,False,False
L'Aquila,2008,Soft wheat,2900.0,11600.0,4.0,L'Aquila,1.0,1,1,0,0,complete,False,False
L'Aquila,2009,Durum wheat,2101.0,7983.8,3.8000000000000003,L'Aquila,1.0,1,1,0,0,complete,False,False
L'Aquila,2009,Grain maize,34.0,119.0,3.5,L'Aquila,1.0,1,1,0,0,complete,False,False
L'Aquila,2009,Soft wheat,649.0,2596.0,4.0,L'Aquila,1.0,1,1,0,0,complete,False,False
L'Aquila,2010,Durum wheat,1300.0,4940.0,3.8,L'Aquila,1.0,1,1,0,0,complete,False,False
L'Aquila,2010,Grain maize,180.0,630.0,3.5,L'Aquila,1.0,1,1,0,0,complete,False,False
L'Aquila,2010,Soft wheat,2150.0,8600.0,4.0,L'Aquila,1.0,1,1,0,0,complete,False,False
L'Aquila,2011,Durum wheat,1650.0,6270.0,3.8,L'Aquila,1.0,1,1,0,0,complete,False,False
L'Aquila,2011,Grain maize,180.0,630.0,3.5,L'Aquila,1.0,1,1,0,0,complete,False,False
L'Aquila,2011,Soft wheat,2000.0,8000.0,4.0,L'Aquila,1.0,1,1,0,0,complete,False,False
L'Aquila,2012,Durum wheat,3668.0,6128.5,1.6708015267175573,L'Aquila,1.0,1,1,0,0,complete,False,False
L'Aquila,2012,Grain maize,2344.0,2605.0,1.1113481228668942,L'Aquila,1.0,1,1,0,0,complete,False,False
L'Aquila,2012,Soft wheat,3047.0,7699.0,2.5267476206104367,L'Aquila,1.0,1,1,0,0,complete,False,False
L'Aquila,2013,Durum wheat,1650.0,6270.0,3.8,L'Aquila,1.0,1,1,0,0,complete,False,False
L'Aquila,2013,Grain maize,185.0,647.0,3.497297297297297,L'Aquila,1.0,1,1,0,0,complete,False,False
L'Aquila,2013,Soft wheat,2000.0,8000.0,4.0,L'Aquila,1.0,1,1,0,0,complete,False,False
L'Aquila,2014,Durum wheat,1650.0,6270.0,3.8,L'Aquila,1.0,1,1,0,0,complete,False,False
L'Aquila,2014,Grain maize,185.0,600.0,3.2432432432432434,L'Aquila,1.0,1,1,0,0,complete,False,False
L'Aquila,2014,Soft wheat,2000.0,8000.0,4.0,L'Aquila,1.0,1,1,0,0,complete,False,False
L'Aquila,2015,Durum wheat,1650.0,6270.0,3.8,L'Aquila,1.0,1,1,0,0,complete,False,False
L'Aquila,2015,Grain maize,185.0,645.0,3.4864864864864864,L'Aquila,1.0,1,1,0,0,complete,False,False
L'Aquila,2015,Soft wheat,2000.0,8000.0,4.0,L'Aquila,1.0,1,1,0,0,complete,False,False
L'Aquila,2016,Durum wheat,1750.0,6600.0,3.7714285714285714,L'Aquila,1.0,1,1,0,0,complete,False,False
L'Aquila,2016,Grain maize,186.0,647.6,3.481720430107527,L'Aquila,1.0,1,1,0,0,complete,False,False
L'Aquila,2016,Soft wheat,1900.0,7700.0,4.052631578947368,L'Aquila,1.0,1,1,0,0,complete,False,False
L'Aquila,2017,Durum wheat,1645.0,6260.0,3.8054711246200608,L'Aquila,1.0,1,1,0,0,complete,False,False
L'Aquila,2017,Grain maize,186.0,610.0,3.2795698924731185,L'Aquila,1.0,1,1,0,0,complete,False,False
L'Aquila,2017,Soft wheat,2000.0,8000.0,4.0,L'Aquila,1.0,1,1,0,0,complete,False,False
L'Aquila,2018,Durum wheat,1635.0,6241.0,3.817125382262997,L'Aquila,1.0,1,1,0,0,complete,False,False
L'Aquila,2018,Grain maize,186.0,620.0,3.3333333333333335,L'Aquila,1.0,1,1,0,0,complete,False,False
L'Aquila,2018,Soft wheat,2010.0,8002.0,3.981094527363184,L'Aquila,1.0,1,1,0,0,complete,False,False
L'Aquila,2019,Durum wheat,1635.0,5841.0,3.5724770642201835,L'Aquila,1.0,1,1,0,0,complete,False,False
L'Aquila,2019,Grain maize,186.0,630.0,3.3870967741935485,L'Aquila,1.0,1,1,0,0,complete,False,False
L'Aquila,2019,Soft wheat,2010.0,7502.0,3.7323383084577113,L'Aquila,1.0,1,1,0,0,complete,False,False
L'Aquila,2020,Durum wheat,1650.0,5900.0,3.5757575757575757,L'Aquila,1.0,1,1,0,0,complete,False,False
L'Aquila,2020,Grain maize,186.0,630.0,3.3870967741935485,L'Aquila,1.0,1,1,0,0,complete,False,False
L'Aquila,2020,Soft wheat,2010.0,7500.0,3.7313432835820897,L'Aquila,1.0,1,1,0,0,complete,False,False
L'Aquila,2021,Durum wheat,1700.0,6200.0,3.6470588235294117,L'Aquila,1.0,1,1,0,0,complete,False,False
L'Aquila,2021,Grain maize,190.0,680.0,3.5789473684210527,L'Aquila,1.0,1,1,0,0,complete,False,False
L'Aquila,2021,Soft wheat,2010.0,7500.0,3.7313432835820897,L'Aquila,1.0,1,1,0,0,complete,False,False
L'Aquila,2022,Durum wheat,1800.0,4700.0,2.611111111111111,L'Aquila,1.0,1,1,0,0,complete,False,False
L'Aquila,2022,Grain maize,190.0,680.0,3.5789473684210527,L'Aquila,1.0,1,1,0,0,complete,False,False
L'Aquila,2022,Soft wheat,2100.0,5800.0,2.761904761904762,L'Aquila,1.0,1,1,0,0,complete,False,False
La Spezia,1995,Grain maize,430.0,3905.0,9.081395348837209,La Spezia,1.0,1,1,0,0,complete,False,False
La Spezia,1995,Soft wheat,230.0,874.0,3.8,La Spezia,1.0,1,1,0,0,complete,False,False
La Spezia,1996,Grain maize,510.0,3825.0,7.5,La Spezia,1.0,1,1,0,0,complete,False,False
La Spezia,1996,Soft wheat,210.0,783.6,3.7314285714285713,La Spezia,1.0,1,1,0,0,complete,False,False
La Spezia,1997,Grain maize,515.0,3796.0,7.370873786407767,La Spezia,1.0,1,1,0,0,complete,True,False
La Spezia,1997,Soft wheat,190.0,617.5,3.25,La Spezia,1.0,1,1,0,0,complete,False,False
La Spezia,1998,Grain maize,520.0,4125.6,7.933846153846154,La Spezia,1.0,1,1,0,0,complete,True,False
La Spezia,1998,Soft wheat,155.0,506.0,3.264516129032258,La Spezia,1.0,1,1,0,0,complete,False,False
La Spezia,1999,Grain maize,520.0,4125.6,7.933846153846154,La Spezia,1.0,1,1,0,0,complete,False,False
La Spezia,1999,Soft wheat,150.0,493.5,3.29,La Spezia,1.0,1,1,0,0,complete,False,False
La Spezia,2000,Grain maize,455.0,3609.5,7.932967032967033,La Spezia,1.0,1,1,0,0,complete,False,False
La Spezia,2000,Soft wheat,150.0,493.5,3.29,La Spezia,1.0,1,1,0,0,complete,False,False
La Spezia,2001,Grain maize,250.0,1500.0,6.0,La Spezia,1.0,1,1,0,0,complete,False,False
La Spezia,2001,Soft wheat,100.0,493.5,4.935,La Spezia,1.0,1,1,0,0,complete,False,False
La Spezia,2002,Grain maize,250.0,2000.0,8.0,La Spezia,1.0,1,1,0,0,complete,False,False
La Spezia,2002,Soft wheat,150.0,495.0,3.3,La Spezia,1.0,1,1,0,0,complete,False,False
La Spezia,2003,Grain maize,250.0,1400.0,5.6,La Spezia,1.0,1,1,0,0,complete,False,False
La Spezia,2003,Soft wheat,100.0,320.0,3.2,La Spezia,1.0,1,1,0,0,complete,False,False
La Spezia,2004,Grain maize,250.0,1750.0,7.0,La Spezia,1.0,1,1,0,0,complete,False,False
La Spezia,2004,Soft wheat,100.0,350.0,3.5,La Spezia,1.0,1,1,0,0,complete,False,False
La Spezia,2005,Grain maize,200.0,1400.0,7.0,La Spezia,1.0,1,1,0,0,complete,False,False
La Spezia,2005,Soft wheat,95.0,332.5,3.5,La Spezia,1.0,1,1,0,0,complete,False,False
La Spezia,2006,Grain maize,250.0,1750.0,7.0,La Spezia,1.0,1,1,0,0,complete,False,False
La Spezia,2006,Soft wheat,70.0,245.0,3.5,La Spezia,1.0,1,1,0,0,complete,False,False
La Spezia,2007,Grain maize,100.0,600.0,6.0,La Spezia,1.0,1,1,0,0,complete,False,False
La Spezia,2007,Soft wheat,70.0,245.0,3.5,La Spezia,1.0,1,1,0,0,complete,False,False
La Spezia,2008,Grain maize,80.0,560.0,7.0,La Spezia,1.0,1,1,0,0,complete,False,False
La Spezia,2008,Soft wheat,40.0,120.0,3.0,La Spezia,1.0,1,1,0,0,complete,False,False
La Spezia,2009,Grain maize,80.0,480.0,6.0,La Spezia,1.0,1,1,0,0,complete,False,False
La Spezia,2009,Soft wheat,33.0,118.8,3.6,La Spezia,1.0,1,1,0,0,complete,False,False
La Spezia,2010,Durum wheat,40.0,144.0,3.6,La Spezia,1.0,1,1,0,0,complete,False,False
La Spezia,2010,Grain maize,80.0,480.0,6.0,La Spezia,1.0,1,1,0,0,complete,False,False
La Spezia,2010,Soft wheat,40.0,144.0,3.6,La Spezia,1.0,1,1,0,0,complete,False,False
La Spezia,2011,Grain maize,60.0,360.0,6.0,La Spezia,1.0,1,1,0,0,complete,False,False
La Spezia,2011,Soft wheat,20.0,80.0,4.0,La Spezia,1.0,1,1,0,0,complete,False,False
La Spezia,2012,Grain maize,60.0,400.0,6.666666666666667,La Spezia,1.0,1,1,0,0,complete,True,False
La Spezia,2012,Soft wheat,20.0,80.0,4.0,La Spezia,1.0,1,1,0,0,complete,False,False
La Spezia,2013,Grain maize,60.0,400.0,6.666666666666667,La Spezia,1.0,1,1,0,0,complete,True,False
La Spezia,2013,Soft wheat,20.0,80.0,4.0,La Spezia,1.0,1,1,0,0,complete,False,False
La Spezia,2014,Grain maize,20.0,140.0,7.0,La Spezia,1.0,1,1,0,0,complete,False,False
La Spezia,2014,Soft wheat,20.0,80.0,4.0,La Spezia,1.0,1,1,0,0,complete,False,False
La Spezia,2015,Grain maize,30.0,210.0,7.0,La Spezia,1.0,1,1,0,0,complete,False,False
La Spezia,2015,Soft wheat,15.0,60.0,4.0,La Spezia,1.0,1,1,0,0,complete,False,False
La Spezia,2016,Grain maize,25.0,175.0,7.0,La Spezia,1.0,1,1,0,0,complete,False,False
La Spezia,2016,Soft wheat,15.0,60.0,4.0,La Spezia,1.0,1,1,0,0,complete,False,False
La Spezia,2017,Grain maize,20.0,140.0,7.0,La Spezia,1.0,1,1,0,0,complete,False,False
La Spezia,2017,Soft wheat,10.0,40.0,4.0,La Spezia,1.0,1,1,0,0,complete,False,False
La Spezia,2018,Grain maize,15.0,105.0,7.0,La Spezia,1.0,1,1,0,0,complete,False,False
La Spezia,2018,Soft wheat,10.0,40.0,4.0,La Spezia,1.0,1,1,0,0,complete,False,False
La Spezia,2019,Grain maize,10.0,70.0,7.0,La Spezia,1.0,1,1,0,0,complete,False,False
La Spezia,2019,Soft wheat,10.0,40.0,4.0,La Spezia,1.0,1,1,0,0,complete,False,False
La Spezia,2020,Grain maize,10.0,70.0,7.0,La Spezia,1.0,1,1,0,0,complete,False,False
La Spezia,2020,Soft wheat,10.0,40.0,4.0,La Spezia,1.0,1,1,0,0,complete,False,False
La Spezia,2021,Grain maize,10.0,70.0,7.0,La Spezia,1.0,1,1,0,0,complete,False,False
La Spezia,2021,Soft wheat,10.0,40.0,4.0,La Spezia,1.0,1,1,0,0,complete,False,False
La Spezia,2022,Grain maize,10.0,70.0,7.0,La Spezia,1.0,1,1,0,0,complete,False,False
La Spezia,2022,Soft wheat,10.0,40.0,4.0,La Spezia,1.0,1,1,0,0,complete,False,False
Latina,1995,Durum wheat,3000.0,11697.5,3.8991666666666664,Latina,1.0,1,1,0,0,complete,False,False
Latina,1995,Grain maize,10100.0,85906.5,8.50559405940594,Latina,1.0,1,1,0,0,complete,False,False
Latina,1995,Soft wheat,5500.0,21752.7,3.955036363636364,Latina,1.0,1,1,0,0,complete,False,False
Latina,1996,Durum wheat,3600.0,12893.4,3.5814999999999997,Latina,1.0,1,1,0,0,complete,False,False
Latina,1996,Grain maize,10000.0,84000.0,8.4,Latina,1.0,1,1,0,0,complete,False,False
Latina,1996,Soft wheat,6000.0,25800.0,4.3,Latina,1.0,1,1,0,0,complete,False,False
Latina,1997,Durum wheat,2600.0,10590.0,4.073076923076923,Latina,1.0,1,1,0,0,complete,False,False
Latina,1997,Grain maize,13600.0,96000.0,7.0588235294117645,Latina,1.0,1,1,0,0,complete,True,False
Latina,1997,Soft wheat,4870.0,20750.0,4.260780287474333,Latina,1.0,1,1,0,0,complete,False,False
Latina,1998,Durum wheat,2200.0,8800.0,4.0,Latina,1.0,1,1,0,0,complete,False,False
Latina,1998,Grain maize,12000.0,97600.0,8.133333333333333,Latina,1.0,1,1,0,0,complete,True,False
Latina,1998,Soft wheat,5600.0,24640.0,4.4,Latina,1.0,1,1,0,0,complete,False,False
Latina,1999,Durum wheat,2100.0,7140.0,3.4,Latina,1.0,1,1,0,0,complete,False,False
Latina,1999,Grain maize,12200.0,97600.0,8.0,Latina,1.0,1,1,0,0,complete,False,False
Latina,1999,Soft wheat,5100.0,18360.0,3.6,Latina,1.0,1,1,0,0,complete,False,False
Latina,2000,Durum wheat,2300.0,7800.0,3.391304347826087,Latina,1.0,1,1,0,0,complete,False,False
Latina,2000,Grain maize,12600.0,87600.0,6.9523809523809526,Latina,1.0,1,1,0,0,complete,False,False
Latina,2000,Soft wheat,3100.0,11000.0,3.5483870967741935,Latina,1.0,1,1,0,0,complete,False,False
Latina,2001,Durum wheat,2100.0,6940.0,3.3047619047619046,Latina,1.0,1,1,0,0,complete,False,False
Latina,2001,Grain maize,12700.0,85100.0,6.700787401574803,Latina,1.0,1,1,0,0,complete,False,False
Latina,2001,Soft wheat,3000.0,10450.0,3.4833333333333334,Latina,1.0,1,1,0,0,complete,False,False
Latina,2002,Durum wheat,2500.0,9100.0,3.64,Latina,1.0,1,1,0,0,complete,False,False
Latina,2002,Grain maize,13500.0,88200.0,6.533333333333333,Latina,1.0,1,1,0,0,complete,False,False
Latina,2002,Soft wheat,3200.0,12480.0,3.9,Latina,1.0,1,1,0,0,complete,False,False
Latina,2003,Durum wheat,2400.0,5500.0,2.2916666666666665,Latina,1.0,1,1,0,0,complete,False,False
Latina,2003,Grain maize,9900.0,48000.0,4.848484848484849,Latina,1.0,1,1,0,0,complete,False,False
Latina,2003,Soft wheat,3000.0,7200.0,2.4,Latina,1.0,1,1,0,0,complete,False,False
Latina,2004,Durum wheat,2600.0,9900.0,3.8076923076923075,Latina,1.0,1,1,0,0,complete,False,False
Latina,2004,Grain maize,10400.0,70000.0,6.730769230769231,Latina,1.0,1,1,0,0,complete,False,False
Latina,2004,Soft wheat,3300.0,14200.0,4.303030303030303,Latina,1.0,1,1,0,0,complete,False,False
Latina,2005,Durum wheat,1800.0,5100.0,2.8333333333333335,Latina,1.0,1,1,0,0,complete,False,False
Latina,2005,Grain maize,9000.0,54900.0,6.1,Latina,1.0,1,1,0,0,complete,False,False
Latina,2005,Soft wheat,2900.0,11000.0,3.793103448275862,Latina,1.0,1,1,0,0,complete,False,False
Latina,2006,Durum wheat,1600.0,4500.0,2.8125,Latina,1.0,1,1,0,0,complete,False,False
Latina,2006,Grain maize,8600.0,51600.0,6.0,Latina,1.0,1,1,0,0,complete,False,False
Latina,2006,Soft wheat,2700.0,10400.0,3.8518518518518516,Latina,1.0,1,1,0,0,complete,False,False
Latina,2007,Durum wheat,2700.0,7800.0,2.888888888888889,Latina,1.0,1,1,0,0,complete,False,False
Latina,2007,Grain maize,7600.0,42600.0,5.605263157894737,Latina,1.0,1,1,0,0,complete,False,False
Latina,2007,Soft wheat,2300.0,8900.0,3.869565217391304,Latina,1.0,1,1,0,0,complete,False,False
Latina,2008,Durum wheat,3300.0,9300.0,2.8181818181818183,Latina,1.0,1,1,0,0,complete,False,False
Latina,2008,Grain maize,7200.0,41100.0,5.708333333333333,Latina,1.0,1,1,0,0,complete,False,False
Latina,2008,Soft wheat,2500.0,9400.0,3.76,Latina,1.0,1,1,0,0,complete,False,False
Latina,2009,Durum wheat,2500.0,6800.0,2.72,Latina,1.0,1,1,0,0,complete,False,False
Latina,2009,Grain maize,6450.0,35000.0,5.426356589147287,Latina,1.0,1,1,0,0,complete,False,False
Latina,2009,Soft wheat,1800.0,5660.0,3.1444444444444444,Latina,1.0,1,1,0,0,complete,False,False
Latina,2010,Durum wheat,2530.0,6900.0,2.727272727272727,Latina,1.0,1,1,0,0,complete,False,False
Latina,2010,Grain maize,6500.0,34700.0,5.338461538461538,Latina,1.0,1,1,0,0,complete,False,False
Latina,2010,Soft wheat,1840.0,5830.0,3.1684782608695654,Latina,1.0,1,1,0,0,complete,False,False
Latina,2011,Durum wheat,2500.0,8400.0,3.36,Latina,1.0,1,1,0,0,complete,False,False
Latina,2011,Grain maize,7200.0,39100.0,5.430555555555555,Latina,1.0,1,1,0,0,complete,False,False
Latina,2011,Soft wheat,1350.0,4300.0,3.185185185185185,Latina,1.0,1,1,0,0,complete,False,False
Latina,2012,Durum wheat,2500.0,8300.0,3.32,Latina,1.0,1,1,0,0,complete,True,False
Latina,2012,Grain maize,7000.0,38400.0,5.485714285714286,Latina,1.0,1,1,0,0,complete,True,False
Latina,2012,Soft wheat,1400.0,4520.0,3.2285714285714286,Latina,1.0,1,1,0,0,complete,True,False
Latina,2013,Durum wheat,2800.0,10300.0,3.6785714285714284,Latina,1.0,1,1,0,0,complete,True,False
Latina,2013,Grain maize,7300.0,40500.0,5.5479452054794525,Latina,1.0,1,1,0,0,complete,True,False
Latina,2013,Soft wheat,1600.0,6050.0,3.78125,Latina,1.0,1,1,0,0,complete,True,False
Latina,2014,Durum wheat,3500.0,13200.0,3.7714285714285714,Latina,1.0,1,1,0,0,complete,False,False
Latina,2014,Grain maize,9200.0,61700.0,6.706521739130435,Latina,1.0,1,1,0,0,complete,False,False
Latina,2014,Soft wheat,1700.0,6680.0,3.929411764705882,Latina,1.0,1,1,0,0,complete,False,False
Latina,2015,Durum wheat,3600.0,15300.0,4.25,Latina,1.0,1,1,0,0,complete,False,False
Latina,2015,Grain maize,4500.0,42500.0,9.444444444444445,Latina,1.0,1,1,0,0,complete,False,False
Latina,2015,Soft wheat,1800.0,7500.0,4.166666666666667,Latina,1.0,1,1,0,0,complete,False,False
Latina,2016,Durum wheat,3500.0,14700.0,4.2,Latina,1.0,1,1,0,0,complete,False,False
Latina,2016,Grain maize,4700.0,45000.0,9.574468085106384,Latina,1.0,1,1,0,0,complete,False,False
Latina,2016,Soft wheat,1700.0,7100.0,4.176470588235294,Latina,1.0,1,1,0,0,complete,False,False
Latina,2017,Durum wheat,3700.0,15000.0,4.054054054054054,Latina,1.0,1,1,0,0,complete,False,False
Latina,2017,Grain maize,3000.0,28000.0,9.333333333333334,Latina,1.0,1,1,0,0,complete,False,False
Latina,2017,Soft wheat,1800.0,7500.0,4.166666666666667,Latina,1.0,1,1,0,0,complete,False,False
Latina,2018,Durum wheat,3600.0,14200.0,3.9444444444444446,Latina,1.0,1,1,0,0,complete,False,False
Latina,2018,Grain maize,3500.0,34000.0,9.714285714285714,Latina,1.0,1,1,0,0,complete,False,False
Latina,2018,Soft wheat,1880.0,7750.0,4.122340425531915,Latina,1.0,1,1,0,0,complete,False,False
Latina,2019,Durum wheat,3300.0,13000.0,3.9393939393939394,Latina,1.0,1,1,0,0,complete,False,False
Latina,2019,Grain maize,3800.0,37500.0,9.868421052631579,Latina,1.0,1,1,0,0,complete,False,False
Latina,2019,Soft wheat,1930.0,8000.0,4.1450777202072535,Latina,1.0,1,1,0,0,complete,False,False
Latina,2020,Durum wheat,3100.0,10800.0,3.4838709677419355,Latina,1.0,1,1,0,0,complete,False,False
Latina,2020,Grain maize,3820.0,37000.0,9.68586387434555,Latina,1.0,1,1,0,0,complete,False,False
Latina,2020,Soft wheat,1860.0,7050.0,3.7903225806451615,Latina,1.0,1,1,0,0,complete,False,False
Latina,2021,Durum wheat,2840.0,10790.0,3.7992957746478875,Latina,1.0,1,1,0,0,complete,False,False
Latina,2021,Grain maize,3800.0,39100.0,10.289473684210526,Latina,1.0,1,1,0,0,complete,False,False
Latina,2021,Soft wheat,1750.0,6475.0,3.7,Latina,1.0,1,1,0,0,complete,False,False
Latina,2022,Durum wheat,2690.0,8339.0,3.1,Latina,1.0,1,1,0,0,complete,False,False
Latina,2022,Grain maize,3600.0,32040.0,8.9,Latina,1.0,1,1,0,0,complete,False,False
Latina,2022,Soft wheat,1715.0,4970.0,2.8979591836734695,Latina,1.0,1,1,0,0,complete,False,False
Lecce,1995,Durum wheat,17450.0,42635.0,2.443266475644699,Lecce,1.0,1,1,0,0,complete,False,False
Lecce,1995,Grain maize,500.0,3725.0,7.45,Lecce,1.0,1,1,0,0,complete,False,False
Lecce,1996,Durum wheat,18550.0,30096.0,1.6224258760107817,Lecce,1.0,1,1,0,0,complete,False,False
Lecce,1996,Grain maize,455.0,3503.5,7.7,Lecce,1.0,1,1,0,0,complete,False,False
Lecce,1997,Durum wheat,19240.0,30974.0,1.60987525987526,Lecce,1.0,1,1,0,0,complete,False,False
Lecce,1997,Grain maize,395.0,2475.0,6.265822784810126,Lecce,1.0,1,1,0,0,complete,True,False
Lecce,1998,Durum wheat,18995.0,37990.0,2.0,Lecce,1.0,1,1,0,0,complete,False,False
Lecce,1998,Grain maize,330.0,2363.7,7.162727272727272,Lecce,1.0,1,1,0,0,complete,True,False
Lecce,1999,Durum wheat,20985.0,51413.2,2.449997617345723,Lecce,1.0,1,1,0,0,complete,False,False
Lecce,1999,Grain maize,305.0,2363.7,7.74983606557377,Lecce,1.0,1,1,0,0,complete,False,False
Lecce,1999,Soft wheat,160.0,717.0,4.48125,Lecce,1.0,1,1,0,0,complete,False,False
Lecce,2000,Durum wheat,21786.0,43186.7,1.9823143303038648,Lecce,1.0,1,1,0,0,complete,False,False
Lecce,2000,Grain maize,275.0,2068.2,7.520727272727272,Lecce,1.0,1,1,0,0,complete,False,False
Lecce,2001,Durum wheat,22150.0,39718.2,1.7931467268623023,Lecce,1.0,1,1,0,0,complete,False,False
Lecce,2001,Grain maize,245.0,1766.0,7.208163265306123,Lecce,1.0,1,1,0,0,complete,False,False
Lecce,2002,Durum wheat,27050.0,54882.2,2.0289168207024026,Lecce,1.0,1,1,0,0,complete,False,False
Lecce,2002,Grain maize,660.0,2280.5,3.45530303030303,Lecce,1.0,1,1,0,0,complete,False,False
Lecce,2003,Durum wheat,29150.0,36345.8,1.2468542024013722,Lecce,1.0,1,1,0,0,complete,False,False
Lecce,2003,Grain maize,590.0,3253.3,5.51406779661017,Lecce,1.0,1,1,0,0,complete,False,False
Lecce,2004,Durum wheat,29000.0,56357.2,1.943351724137931,Lecce,1.0,1,1,0,0,complete,False,False
Lecce,2004,Grain maize,550.0,3199.0,5.816363636363636,Lecce,1.0,1,1,0,0,complete,False,False
Lecce,2005,Durum wheat,29000.0,56840.0,1.96,Lecce,1.0,1,1,0,0,complete,False,False
Lecce,2005,Grain maize,550.0,3234.0,5.88,Lecce,1.0,1,1,0,0,complete,False,False
Lecce,2006,Durum wheat,28000.0,49400.0,1.7642857142857142,Lecce,1.0,1,1,0,0,complete,False,False
Lecce,2006,Grain maize,510.0,3248.7,6.369999999999999,Lecce,1.0,1,1,0,0,complete,False,False
Lecce,2007,Durum wheat,29000.0,5626.0,0.194,Lecce,1.0,1,1,0,0,complete,False,False
Lecce,2007,Grain maize,500.0,3185.0,6.37,Lecce,1.0,1,1,0,0,complete,False,False
Lecce,2008,Durum wheat,28000.0,53200.0,1.9,Lecce,1.0,1,1,0,0,complete,False,False
Lecce,2008,Grain maize,425.0,2707.2,6.369882352941176,Lecce,1.0,1,1,0,0,complete,False,False
Lecce,2009,Durum wheat,29610.0,53298.0,1.8,Lecce,1.0,1,1,0,0,complete,False,False
Lecce,2009,Grain maize,80.0,465.5,5.81875,Lecce,1.0,1,1,0,0,complete,False,False
Lecce,2010,Durum wheat,22000.0,38000.0,1.7272727272727273,Lecce,1.0,1,1,0,0,complete,False,False
Lecce,2010,Grain maize,70.0,455.0,6.5,Lecce,1.0,1,1,0,0,complete,False,False
Lecce,2011,Durum wheat,19000.0,37200.0,1.9578947368421054,Lecce,1.0,1,1,0,0,complete,False,False
Lecce,2011,Grain maize,65.0,414.0,6.369230769230769,Lecce,1.0,1,1,0,0,complete,False,False
Lecce,2012,Durum wheat,18500.0,28120.0,1.52,Lecce,1.0,1,1,0,0,complete,True,False
Lecce,2012,Grain maize,60.0,382.5,6.375,Lecce,1.0,1,1,0,0,complete,True,False
Lecce,2013,Durum wheat,21000.0,41160.0,1.96,Lecce,1.0,1,1,0,0,complete,True,False
Lecce,2013,Grain maize,65.0,446.0,6.861538461538461,Lecce,1.0,1,1,0,0,complete,True,False
Lecce,2014,Durum wheat,20000.0,41160.0,2.058,Lecce,1.0,1,1,0,0,complete,False,False
Lecce,2014,Grain maize,50.0,325.0,6.5,Lecce,1.0,1,1,0,0,complete,False,False
Lecce,2015,Durum wheat,21500.0,46354.0,2.156,Lecce,1.0,1,1,0,0,complete,False,False
Lecce,2015,Grain maize,55.0,377.5,6.863636363636363,Lecce,1.0,1,1,0,0,complete,False,False
Lecce,2016,Durum wheat,21000.0,40131.0,1.911,Lecce,1.0,1,1,0,0,complete,False,False
Lecce,2016,Grain maize,50.0,294.0,5.88,Lecce,1.0,1,1,0,0,complete,False,False
Lecce,2017,Durum wheat,20000.0,30000.0,1.5,Lecce,1.0,1,1,0,0,complete,False,False
Lecce,2017,Grain maize,55.0,323.5,5.881818181818182,Lecce,1.0,1,1,0,0,complete,False,False
Lecce,2018,Durum wheat,21000.0,38000.0,1.8095238095238095,Lecce,1.0,1,1,0,0,complete,False,False
Lecce,2018,Grain maize,50.0,272.0,5.44,Lecce,1.0,1,1,0,0,complete,False,False
Lecce,2019,Durum wheat,20500.0,33804.5,1.649,Lecce,1.0,1,1,0,0,complete,False,False
Lecce,2019,Grain maize,55.0,323.5,5.881818181818182,Lecce,1.0,1,1,0,0,complete,False,False
Lecce,2020,Durum wheat,20500.0,34000.0,1.6585365853658536,Lecce,1.0,1,1,0,0,complete,False,False
Lecce,2020,Grain maize,55.0,323.5,5.881818181818182,Lecce,1.0,1,1,0,0,complete,False,False
Lecce,2021,Durum wheat,20500.0,34000.0,1.6585365853658536,Lecce,1.0,1,1,0,0,complete,False,False
Lecce,2021,Grain maize,50.0,300.0,6.0,Lecce,1.0,1,1,0,0,complete,False,False
Lecce,2022,Durum wheat,21000.0,30000.0,1.4285714285714286,Lecce,1.0,1,1,0,0,complete,False,False
Lecce,2022,Grain maize,60.0,300.0,5.0,Lecce,1.0,1,1,0,0,complete,False,False
Lecco,1995,Grain maize,805.0,7500.0,9.316770186335404,Lecco,1.0,1,1,0,0,complete,False,False
Lecco,1997,Grain maize,1420.0,13740.0,9.67605633802817,Lecco,1.0,1,1,0,0,complete,True,False
Lecco,1997,Soft wheat,145.0,650.0,4.482758620689655,Lecco,1.0,1,1,0,0,complete,False,False
Lecco,1998,Grain maize,1570.0,14655.0,9.334394904458598,Lecco,1.0,1,1,0,0,complete,True,False
Lecco,1998,Soft wheat,150.0,640.0,4.266666666666667,Lecco,1.0,1,1,0,0,complete,False,False
Lecco,1999,Grain maize,1630.0,14655.0,8.99079754601227,Lecco,1.0,1,1,0,0,complete,False,False
Lecco,2000,Grain maize,1530.0,13750.0,8.986928104575163,Lecco,1.0,1,1,0,0,complete,False,False
Lecco,2000,Soft wheat,120.0,540.0,4.5,Lecco,1.0,1,1,0,0,complete,False,False
Lecco,2001,Grain maize,1946.0,11688.0,6.006166495375129,Lecco,1.0,1,1,0,0,complete,False,False
Lecco,2001,Soft wheat,80.0,360.0,4.5,Lecco,1.0,1,1,0,0,complete,False,False
Lecco,2002,Grain maize,1350.0,10365.0,7.677777777777778,Lecco,1.0,1,1,0,0,complete,False,False
Lecco,2002,Soft wheat,110.0,495.0,4.5,Lecco,1.0,1,1,0,0,complete,False,False
Lecco,2003,Grain maize,1400.0,5182.5,3.7017857142857142,Lecco,1.0,1,1,0,0,complete,False,False
Lecco,2003,Soft wheat,100.0,400.0,4.0,Lecco,1.0,1,1,0,0,complete,False,False
Lecco,2004,Grain maize,1600.0,12957.5,8.0984375,Lecco,1.0,1,1,0,0,complete,False,False
Lecco,2004,Soft wheat,166.0,747.0,4.5,Lecco,1.0,1,1,0,0,complete,False,False
Lecco,2005,Grain maize,1720.0,13941.5,8.105523255813953,Lecco,1.0,1,1,0,0,complete,False,False
Lecco,2005,Soft wheat,190.0,855.0,4.5,Lecco,1.0,1,1,0,0,complete,False,False
Lecco,2006,Grain maize,1320.0,6700.0,5.075757575757576,Lecco,1.0,1,1,0,0,complete,False,False
Lecco,2006,Soft wheat,270.0,1350.0,5.0,Lecco,1.0,1,1,0,0,complete,False,False
Lecco,2007,Grain maize,1010.0,7075.0,7.0049504950495045,Lecco,1.0,1,1,0,0,complete,False,False
Lecco,2007,Soft wheat,440.0,2640.0,6.0,Lecco,1.0,1,1,0,0,complete,False,False
Lecco,2008,Grain maize,1106.0,8842.5,7.99502712477396,Lecco,1.0,1,1,0,0,complete,False,False
Lecco,2008,Soft wheat,500.0,2246.5,4.493,Lecco,1.0,1,1,0,0,complete,False,False
Lecco,2009,Grain maize,1200.0,9594.7,7.995583333333334,Lecco,1.0,1,1,0,0,complete,False,False
Lecco,2009,Soft wheat,346.0,1726.5,4.9898843930635834,Lecco,1.0,1,1,0,0,complete,False,False
Lecco,2010,Grain maize,1053.0,8418.7,7.994966761633429,Lecco,1.0,1,1,0,0,complete,False,False
Lecco,2010,Soft wheat,408.0,2036.0,4.990196078431373,Lecco,1.0,1,1,0,0,complete,False,False
Lecco,2011,Grain maize,1190.0,9514.1,7.995042016806723,Lecco,1.0,1,1,0,0,complete,False,False
Lecco,2011,Soft wheat,240.0,1196.0,4.983333333333333,Lecco,1.0,1,1,0,0,complete,False,False
Lecco,2012,Grain maize,1050.0,7867.5,7.492857142857143,Lecco,1.0,1,1,0,0,complete,False,False
Lecco,2012,Soft wheat,380.0,1896.0,4.989473684210527,Lecco,1.0,1,1,0,0,complete,False,False
Lecco,2013,Grain maize,935.0,7005.0,7.491978609625669,Lecco,1.0,1,1,0,0,complete,False,False
Lecco,2013,Soft wheat,388.0,1936.0,4.989690721649485,Lecco,1.0,1,1,0,0,complete,False,False
Lecco,2014,Grain maize,910.0,6819.5,7.493956043956044,Lecco,1.0,1,1,0,0,complete,False,False
Lecco,2014,Soft wheat,380.0,1896.0,4.989473684210527,Lecco,1.0,1,1,0,0,complete,False,False
Lecco,2015,Grain maize,800.0,5675.2,7.093999999999999,Lecco,1.0,1,1,0,0,complete,False,False
Lecco,2015,Soft wheat,360.0,1796.0,4.988888888888889,Lecco,1.0,1,1,0,0,complete,False,False
Lecco,2016,Grain maize,690.0,4963.7,7.193768115942029,Lecco,1.0,1,1,0,0,complete,False,False
Lecco,2016,Soft wheat,420.0,2095.0,4.988095238095238,Lecco,1.0,1,1,0,0,complete,False,False
Lecco,2017,Grain maize,846.0,5919.3,6.9968085106382985,Lecco,1.0,1,1,0,0,complete,False,False
Lecco,2017,Soft wheat,370.0,1845.0,4.986486486486487,Lecco,1.0,1,1,0,0,complete,False,False
Lecco,2018,Grain maize,780.0,5912.8,7.580512820512821,Lecco,1.0,1,1,0,0,complete,False,False
Lecco,2018,Soft wheat,378.0,1920.8,5.0814814814814815,Lecco,1.0,1,1,0,0,complete,False,False
Lecco,2019,Grain maize,850.0,6354.6,7.476000000000001,Lecco,1.0,1,1,0,0,complete,False,False
Lecco,2019,Soft wheat,350.0,1812.0,5.177142857142857,Lecco,1.0,1,1,0,0,complete,False,False
Lecco,2020,Grain maize,880.0,7371.3,8.376477272727273,Lecco,1.0,1,1,0,0,complete,False,False
Lecco,2020,Soft wheat,240.0,1201.0,5.004166666666666,Lecco,1.0,1,1,0,0,complete,False,False
Lecco,2021,Grain maize,850.0,7283.2,8.568470588235295,Lecco,1.0,1,1,0,0,complete,False,False
Lecco,2021,Soft wheat,280.0,1592.5,5.6875,Lecco,1.0,1,1,0,0,complete,False,False
Lecco,2022,Grain maize,720.0,4536.0,6.3,Lecco,1.0,1,1,0,0,complete,False,False
Lecco,2022,Soft wheat,330.0,1683.0,5.1,Lecco,1.0,1,1,0,0,complete,False,False
Livorno,1995,Durum wheat,9050.0,25340.0,2.8,Livorno,1.0,1,1,0,0,complete,False,False
Livorno,1995,Grain maize,2857.0,26420.0,9.247462373118656,Livorno,1.0,1,1,0,0,complete,False,False
Livorno,1995,Soft wheat,3350.0,14901.0,4.448059701492538,Livorno,1.0,1,1,0,0,complete,False,False
Livorno,1996,Durum wheat,7960.0,31232.0,3.9236180904522615,Livorno,1.0,1,1,0,0,complete,False,False
Livorno,1996,Grain maize,778.0,7093.4,9.117480719794344,Livorno,1.0,1,1,0,0,complete,False,False
Livorno,1996,Soft wheat,7130.0,31008.0,4.348948106591865,Livorno,1.0,1,1,0,0,complete,False,False
Livorno,1997,Durum wheat,8300.0,31540.0,3.8,Livorno,1.0,1,1,0,0,complete,False,False
Livorno,1997,Grain maize,740.0,5822.0,7.867567567567567,Livorno,1.0,1,1,0,0,complete,True,False
Livorno,1997,Soft wheat,2850.0,11685.0,4.1,Livorno,1.0,1,1,0,0,complete,False,False
Livorno,1998,Durum wheat,8900.0,36490.0,4.1,Livorno,1.0,1,1,0,0,complete,False,False
Livorno,1998,Grain maize,710.0,5610.0,7.901408450704225,Livorno,1.0,1,1,0,0,complete,True,False
Livorno,1998,Soft wheat,2750.0,12375.0,4.5,Livorno,1.0,1,1,0,0,complete,False,False
Livorno,1999,Durum wheat,10200.0,39270.0,3.85,Livorno,1.0,1,1,0,0,complete,False,False
Livorno,1999,Grain maize,680.0,5610.0,8.25,Livorno,1.0,1,1,0,0,complete,False,False
Livorno,1999,Soft wheat,2650.0,10732.5,4.05,Livorno,1.0,1,1,0,0,complete,False,False
Livorno,2000,Durum wheat,11600.0,43500.0,3.75,Livorno,1.0,1,1,0,0,complete,False,False
Livorno,2000,Grain maize,750.0,5850.0,7.8,Livorno,1.0,1,1,0,0,complete,False,False
Livorno,2000,Soft wheat,2050.0,7995.0,3.9,Livorno,1.0,1,1,0,0,complete,False,False
Livorno,2001,Durum wheat,11150.0,37352.5,3.35,Livorno,1.0,1,1,0,0,complete,False,False
Livorno,2001,Grain maize,820.0,5945.0,7.25,Livorno,1.0,1,1,0,0,complete,False,False
Livorno,2001,Soft wheat,2250.0,7875.0,3.5,Livorno,1.0,1,1,0,0,complete,False,False
Livorno,2002,Durum wheat,13500.0,53325.0,3.95,Livorno,1.0,1,1,0,0,complete,False,False
Livorno,2002,Grain maize,1020.0,7650.0,7.5,Livorno,1.0,1,1,0,0,complete,False,False
Livorno,2002,Soft wheat,2050.0,8815.0,4.3,Livorno,1.0,1,1,0,0,complete,False,False
Livorno,2003,Durum wheat,12200.0,35990.0,2.95,Livorno,1.0,1,1,0,0,complete,False,False
Livorno,2003,Grain maize,950.0,6460.0,6.8,Livorno,1.0,1,1,0,0,complete,False,False
Livorno,2003,Soft wheat,2400.0,7320.0,3.05,Livorno,1.0,1,1,0,0,complete,False,False
Livorno,2004,Durum wheat,14000.0,70000.0,5.0,Livorno,1.0,1,1,0,0,complete,False,False
Livorno,2004,Grain maize,1100.0,7025.0,6.386363636363637,Livorno,1.0,1,1,0,0,complete,False,False
Livorno,2004,Soft wheat,1400.0,6720.0,4.8,Livorno,1.0,1,1,0,0,complete,False,False
Livorno,2005,Durum wheat,12450.0,48555.0,3.9,Livorno,1.0,1,1,0,0,complete,False,False
Livorno,2005,Grain maize,1050.0,4160.0,3.961904761904762,Livorno,1.0,1,1,0,0,complete,False,False
Livorno,2005,Soft wheat,1200.0,4920.0,4.1,Livorno,1.0,1,1,0,0,complete,False,False
Livorno,2006,Durum wheat,9000.0,34800.0,3.8666666666666667,Livorno,1.0,1,1,0,0,complete,False,False
Livorno,2006,Grain maize,750.0,5795.0,7.726666666666667,Livorno,1.0,1,1,0,0,complete,False,False
Livorno,2006,Soft wheat,1800.0,7258.0,4.032222222222222,Livorno,1.0,1,1,0,0,complete,False,False
Livorno,2007,Durum wheat,10200.0,39780.0,3.9,Livorno,1.0,1,1,0,0,complete,False,False
Livorno,2007,Grain maize,450.0,3480.0,7.733333333333333,Livorno,1.0,1,1,0,0,complete,False,False
Livorno,2007,Soft wheat,1200.0,4920.0,4.1,Livorno,1.0,1,1,0,0,complete,False,False
Livorno,2008,Durum wheat,9800.0,36500.0,3.7244897959183674,Livorno,1.0,1,1,0,0,complete,False,False
Livorno,2008,Grain maize,500.0,1618.0,3.236,Livorno,1.0,1,1,0,0,complete,False,False
Livorno,2008,Soft wheat,1300.0,5100.0,3.923076923076923,Livorno,1.0,1,1,0,0,complete,False,False
Livorno,2009,Durum wheat,8866.0,32626.9,3.6800022558087075,Livorno,1.0,1,1,0,0,complete,False,False
Livorno,2009,Grain maize,514.0,3290.3,6.4013618677042805,Livorno,1.0,1,1,0,0,complete,False,False
Livorno,2009,Soft wheat,364.0,1365.0,3.75,Livorno,1.0,1,1,0,0,complete,False,False
Livorno,2010,Durum wheat,9800.0,35500.0,3.622448979591837,Livorno,1.0,1,1,0,0,complete,False,False
Livorno,2010,Grain maize,600.0,1900.0,3.1666666666666665,Livorno,1.0,1,1,0,0,complete,False,False
Livorno,2010,Soft wheat,1000.0,3770.0,3.77,Livorno,1.0,1,1,0,0,complete,False,False
Livorno,2011,Durum wheat,10200.0,36000.0,3.5294117647058822,Livorno,1.0,1,1,0,0,complete,False,False
Livorno,2011,Grain maize,650.0,1980.0,3.046153846153846,Livorno,1.0,1,1,0,0,complete,False,False
Livorno,2011,Soft wheat,1000.0,2950.0,2.95,Livorno,1.0,1,1,0,0,complete,False,False
Livorno,2012,Durum wheat,10500.0,38000.0,3.619047619047619,Livorno,1.0,1,1,0,0,complete,True,False
Livorno,2012,Grain maize,600.0,1500.0,2.5,Livorno,1.0,1,1,0,0,complete,True,False
Livorno,2012,Soft wheat,1200.0,4450.0,3.7083333333333335,Livorno,1.0,1,1,0,0,complete,True,False
Livorno,2013,Durum wheat,10000.0,34500.0,3.45,Livorno,1.0,1,1,0,0,complete,True,False
Livorno,2013,Grain maize,700.0,2120.0,3.0285714285714285,Livorno,1.0,1,1,0,0,complete,False,False
Livorno,2013,Soft wheat,1400.0,5000.0,3.5714285714285716,Livorno,1.0,1,1,0,0,complete,True,False
Livorno,2014,Durum wheat,10244.0,36222.2,3.535942991019133,Livorno,1.0,1,1,0,0,complete,False,False
Livorno,2014,Grain maize,710.0,2320.0,3.267605633802817,Livorno,1.0,1,1,0,0,complete,False,False
Livorno,2014,Soft wheat,1267.0,4527.8,3.573638516179953,Livorno,1.0,1,1,0,0,complete,False,False
Livorno,2015,Durum wheat,10200.0,37736.0,3.699607843137255,Livorno,1.0,1,1,0,0,complete,False,False
Livorno,2015,Grain maize,708.0,2255.0,3.1850282485875705,Livorno,1.0,1,1,0,0,complete,False,False
Livorno,2015,Soft wheat,1300.0,4870.0,3.746153846153846,Livorno,1.0,1,1,0,0,complete,False,False
Livorno,2016,Durum wheat,10400.0,39406.0,3.7890384615384614,Livorno,1.0,1,1,0,0,complete,False,False
Livorno,2016,Grain maize,160.0,520.0,3.25,Livorno,1.0,1,1,0,0,complete,False,False
Livorno,2016,Soft wheat,1450.0,5465.0,3.768965517241379,Livorno,1.0,1,1,0,0,complete,False,False
Livorno,2017,Durum wheat,7380.0,19180.0,2.5989159891598916,Livorno,1.0,1,1,0,0,complete,False,False
Livorno,2017,Grain maize,120.0,205.0,1.7083333333333333,Livorno,1.0,1,1,0,0,complete,False,False
Livorno,2017,Soft wheat,1050.0,2525.0,2.4047619047619047,Livorno,1.0,1,1,0,0,complete,False,False
Livorno,2018,Durum wheat,7600.0,24697.0,3.249605263157895,Livorno,1.0,1,1,0,0,complete,False,False
Livorno,2018,Grain maize,100.0,307.0,3.07,Livorno,1.0,1,1,0,0,complete,False,False
Livorno,2018,Soft wheat,1050.0,3268.0,3.1123809523809522,Livorno,1.0,1,1,0,0,complete,False,False
Livorno,2019,Durum wheat,7700.0,25000.0,3.2467532467532467,Livorno,1.0,1,1,0,0,complete,False,False
Livorno,2019,Grain maize,115.0,379.0,3.2956521739130435,Livorno,1.0,1,1,0,0,complete,False,False
Livorno,2019,Soft wheat,1030.0,3200.0,3.1067961165048543,Livorno,1.0,1,1,0,0,complete,False,False
Livorno,2020,Durum wheat,7600.0,24465.0,3.219078947368421,Livorno,1.0,1,1,0,0,complete,False,False
Livorno,2020,Grain maize,100.0,324.5,3.245,Livorno,1.0,1,1,0,0,complete,False,False
Livorno,2020,Soft wheat,1100.0,3448.0,3.1345454545454547,Livorno,1.0,1,1,0,0,complete,False,False
Livorno,2021,Durum wheat,6850.0,17680.0,2.581021897810219,Livorno,1.0,1,1,0,0,complete,False,False
Livorno,2021,Grain maize,85.0,248.0,2.9176470588235293,Livorno,1.0,1,1,0,0,complete,False,False
Livorno,2021,Soft wheat,1020.0,2555.0,2.5049019607843137,Livorno,1.0,1,1,0,0,complete,False,False
Livorno,2022,Durum wheat,7200.0,18640.0,2.588888888888889,Livorno,1.0,1,1,0,0,complete,False,False
Livorno,2022,Grain maize,70.0,198.0,2.8285714285714287,Livorno,1.0,1,1,0,0,complete,False,False
Livorno,2022,Soft wheat,1000.0,2480.0,2.48,Livorno,1.0,1,1,0,0,complete,False,False
Lodi,1997,Grain maize,21200.0,213950.0,10.091981132075471,Lodi,1.0,1,1,0,0,complete,True,False
Lodi,1997,Soft wheat,1125.0,5062.5,4.5,Lodi,1.0,1,1,0,0,complete,False,False
Lodi,1998,Durum wheat,70.0,339.0,4.8428571428571425,Lodi,1.0,1,1,0,0,complete,False,False
Lodi,1998,Grain maize,19450.0,257112.5,13.219151670951156,Lodi,1.0,1,1,0,0,complete,True,False
Lodi,1998,Soft wheat,1550.0,9765.0,6.3,Lodi,1.0,1,1,0,0,complete,False,False
Lodi,1999,Durum wheat,58.0,268.4,4.627586206896551,Lodi,1.0,1,1,0,0,complete,False,False
Lodi,1999,Grain maize,20569.0,257112.5,12.5,Lodi,1.0,1,1,0,0,complete,False,False
Lodi,1999,Soft wheat,1395.0,8649.0,6.2,Lodi,1.0,1,1,0,0,complete,False,False
Lodi,2000,Durum wheat,64.0,303.7,4.7453125,Lodi,1.0,1,1,0,0,complete,False,False
Lodi,2000,Grain maize,22000.0,242000.0,11.0,Lodi,1.0,1,1,0,0,complete,False,False
Lodi,2000,Soft wheat,1400.0,8650.0,6.178571428571429,Lodi,1.0,1,1,0,0,complete,False,False
Lodi,2001,Durum wheat,50.0,200.0,4.0,Lodi,1.0,1,1,0,0,complete,False,False
Lodi,2001,Grain maize,22600.0,244080.0,10.8,Lodi,1.0,1,1,0,0,complete,False,False
Lodi,2001,Soft wheat,893.0,4018.5,4.5,Lodi,1.0,1,1,0,0,complete,False,False
Lodi,2002,Durum wheat,120.0,480.0,4.0,Lodi,1.0,1,1,0,0,complete,False,False
Lodi,2002,Grain maize,20939.0,230329.0,11.0,Lodi,1.0,1,1,0,0,complete,False,False
Lodi,2002,Soft wheat,2650.0,6250.0,2.358490566037736,Lodi,1.0,1,1,0,0,complete,False,False
Lodi,2003,Durum wheat,78.0,327.9,4.203846153846153,Lodi,1.0,1,1,0,0,complete,False,False
Lodi,2003,Grain maize,24346.0,292152.0,12.0,Lodi,1.0,1,1,0,0,complete,False,False
Lodi,2003,Soft wheat,2073.0,10365.0,5.0,Lodi,1.0,1,1,0,0,complete,False,False
Lodi,2004,Grain maize,25150.0,326950.0,13.0,Lodi,1.0,1,1,0,0,complete,False,False
Lodi,2004,Soft wheat,2535.0,17745.0,7.0,Lodi,1.0,1,1,0,0,complete,False,False
Lodi,2005,Grain maize,21200.0,275600.0,13.0,Lodi,1.0,1,1,0,0,complete,False,False
Lodi,2005,Soft wheat,2928.0,21960.0,7.5,Lodi,1.0,1,1,0,0,complete,False,False
Lodi,2006,Grain maize,21900.0,284700.0,13.0,Lodi,1.0,1,1,0,0,complete,False,False
Lodi,2006,Soft wheat,2780.0,19460.0,7.0,Lodi,1.0,1,1,0,0,complete,False,False
Lodi,2007,Durum wheat,330.0,2145.0,6.5,Lodi,1.0,1,1,0,0,complete,False,False
Lodi,2007,Grain maize,21800.0,305200.0,14.0,Lodi,1.0,1,1,0,0,complete,False,False
Lodi,2007,Soft wheat,3945.0,27615.0,7.0,Lodi,1.0,1,1,0,0,complete,False,False
Lodi,2008,Durum wheat,570.0,3135.0,5.5,Lodi,1.0,1,1,0,0,complete,False,False
Lodi,2008,Grain maize,23700.0,331800.0,14.0,Lodi,1.0,1,1,0,0,complete,False,False
Lodi,2008,Soft wheat,4649.0,32543.0,7.0,Lodi,1.0,1,1,0,0,complete,False,False
Lodi,2009,Durum wheat,172.0,946.0,5.5,Lodi,1.0,1,1,0,0,complete,False,False
Lodi,2009,Grain maize,23000.0,264500.0,11.5,Lodi,1.0,1,1,0,0,complete,False,False
Lodi,2009,Soft wheat,3799.0,26593.0,7.0,Lodi,1.0,1,1,0,0,complete,False,False
Lodi,2010,Durum wheat,167.0,835.0,5.0,Lodi,1.0,1,1,0,0,complete,False,False
Lodi,2010,Grain maize,20500.0,246000.0,12.0,Lodi,1.0,1,1,0,0,complete,False,False
Lodi,2010,Soft wheat,3350.0,18425.0,5.5,Lodi,1.0,1,1,0,0,complete,False,False
Lodi,2011,Durum wheat,18.0,63.0,3.5,Lodi,1.0,1,1,0,0,complete,False,False
Lodi,2011,Grain maize,22800.0,273600.0,12.0,Lodi,1.0,1,1,0,0,complete,False,False
Lodi,2011,Soft wheat,2052.0,10260.0,5.0,Lodi,1.0,1,1,0,0,complete,False,False
Lodi,2012,Durum wheat,10.0,40.0,4.0,Lodi,1.0,1,1,0,0,complete,False,False
Lodi,2012,Grain maize,22000.0,264000.0,12.0,Lodi,1.0,1,1,0,0,complete,False,False
Lodi,2012,Soft wheat,3050.0,16775.0,5.5,Lodi,1.0,1,1,0,0,complete,False,False
Lodi,2013,Durum wheat,12.0,36.0,3.0,Lodi,1.0,1,1,0,0,complete,False,False
Lodi,2013,Grain maize,21000.0,231000.0,11.0,Lodi,1.0,1,1,0,0,complete,False,False
Lodi,2013,Soft wheat,3653.0,16438.5,4.5,Lodi,1.0,1,1,0,0,complete,False,False
Lodi,2014,Durum wheat,1.0,3.0,3.0,Lodi,1.0,1,1,0,0,complete,False,False
Lodi,2014,Grain maize,19900.0,238800.0,12.0,Lodi,1.0,1,1,0,0,complete,False,False
Lodi,2014,Soft wheat,3624.0,18120.0,5.0,Lodi,1.0,1,1,0,0,complete,False,False
Lodi,2015,Durum wheat,7.0,22.5,3.2142857142857144,Lodi,1.0,1,1,0,0,complete,False,False
Lodi,2015,Grain maize,16014.0,176154.0,11.0,Lodi,1.0,1,1,0,0,complete,False,False
Lodi,2015,Soft wheat,3880.0,21340.0,5.5,Lodi,1.0,1,1,0,0,complete,False,False
Lodi,2016,Durum wheat,94.0,535.8,5.699999999999999,Lodi,1.0,1,1,0,0,complete,False,False
Lodi,2016,Grain maize,14700.0,163170.0,11.1,Lodi,1.0,1,1,0,0,complete,False,False
Lodi,2016,Soft wheat,4163.0,27059.5,6.5,Lodi,1.0,1,1,0,0,complete,False,False
Lodi,2017,Durum wheat,45.0,292.5,6.5,Lodi,1.0,1,1,0,0,complete,False,False
Lodi,2017,Grain maize,14480.0,152040.0,10.5,Lodi,1.0,1,1,0,0,complete,False,False
Lodi,2017,Soft wheat,3250.0,22750.0,7.0,Lodi,1.0,1,1,0,0,complete,False,False
Lodi,2018,Durum wheat,95.0,570.0,6.0,Lodi,1.0,1,1,0,0,complete,False,False
Lodi,2018,Grain maize,13500.0,162000.0,12.0,Lodi,1.0,1,1,0,0,complete,False,False
Lodi,2018,Soft wheat,3120.0,18720.0,6.0,Lodi,1.0,1,1,0,0,complete,False,False
Lodi,2019,Durum wheat,5.0,27.5,5.5,Lodi,1.0,1,1,0,0,complete,False,False
Lodi,2019,Grain maize,13570.0,149270.0,11.0,Lodi,1.0,1,1,0,0,complete,False,False
Lodi,2019,Soft wheat,2800.0,16240.0,5.8,Lodi,1.0,1,1,0,0,complete,False,False
Lodi,2020,Durum wheat,61.0,335.5,5.5,Lodi,1.0,1,1,0,0,complete,False,False
Lodi,2020,Grain maize,13500.0,162000.0,12.0,Lodi,1.0,1,1,0,0,complete,False,False
Lodi,2020,Soft wheat,2050.0,12300.0,6.0,Lodi,1.0,1,1,0,0,complete,False,False
Lodi,2021,Durum wheat,52.0,312.0,6.0,Lodi,1.0,1,1,0,0,complete,False,False
Lodi,2021,Grain maize,13330.0,153295.0,11.5,Lodi,1.0,1,1,0,0,complete,False,False
Lodi,2021,Soft wheat,2410.0,15665.0,6.5,Lodi,1.0,1,1,0,0,complete,False,False
Lodi,2022,Durum wheat,117.0,643.5,5.5,Lodi,1.0,1,1,0,0,complete,False,False
Lodi,2022,Grain maize,13420.0,120780.0,9.0,Lodi,1.0,1,1,0,0,complete,False,False
Lodi,2022,Soft wheat,2510.0,15311.0,6.1,Lodi,1.0,1,1,0,0,complete,False,False
Lucca,1995,Durum wheat,20.0,85.0,4.25,Lucca,1.0,1,1,0,0,complete,False,False
Lucca,1995,Soft wheat,405.0,1752.5,4.327160493827161,Lucca,1.0,1,1,0,0,complete,False,False
Lucca,1996,Durum wheat,30.0,135.0,4.5,Lucca,1.0,1,1,0,0,complete,False,False
Lucca,1996,Grain maize,3635.0,35506.8,9.768033012379643,Lucca,1.0,1,1,0,0,complete,False,False
Lucca,1996,Soft wheat,420.0,1965.0,4.678571428571429,Lucca,1.0,1,1,0,0,complete,False,False
Lucca,1997,Durum wheat,20.0,88.0,4.4,Lucca,1.0,1,1,0,0,complete,False,False
Lucca,1997,Grain maize,3875.0,37900.0,9.780645161290323,Lucca,1.0,1,1,0,0,complete,True,False
Lucca,1997,Soft wheat,310.0,1397.0,4.506451612903226,Lucca,1.0,1,1,0,0,complete,False,False
Lucca,1998,Durum wheat,20.0,90.0,4.5,Lucca,1.0,1,1,0,0,complete,False,False
Lucca,1998,Grain maize,3833.0,29010.7,7.568666840594835,Lucca,1.0,1,1,0,0,complete,True,False
Lucca,1998,Soft wheat,310.0,1384.5,4.466129032258064,Lucca,1.0,1,1,0,0,complete,False,False
Lucca,1999,Durum wheat,17.0,78.2,4.6000000000000005,Lucca,1.0,1,1,0,0,complete,False,False
Lucca,1999,Grain maize,3137.0,29010.7,9.247912017851451,Lucca,1.0,1,1,0,0,complete,False,False
Lucca,1999,Soft wheat,279.0,1255.6,4.500358422939068,Lucca,1.0,1,1,0,0,complete,False,False
Lucca,2000,Durum wheat,14.0,61.1,4.364285714285715,Lucca,1.0,1,1,0,0,complete,False,False
Lucca,2000,Grain maize,3100.0,28693.2,9.255870967741936,Lucca,1.0,1,1,0,0,complete,False,False
Lucca,2000,Soft wheat,217.0,945.9,4.3589861751152075,Lucca,1.0,1,1,0,0,complete,False,False
Lucca,2001,Durum wheat,12.0,52.2,4.3500000000000005,Lucca,1.0,1,1,0,0,complete,False,False
Lucca,2001,Grain maize,3033.0,27876.4,9.191031981536433,Lucca,1.0,1,1,0,0,complete,False,False
Lucca,2001,Soft wheat,210.0,899.6,4.2838095238095235,Lucca,1.0,1,1,0,0,complete,False,False
Lucca,2002,Durum wheat,12.0,52.4,4.366666666666666,Lucca,1.0,1,1,0,0,complete,False,False
Lucca,2002,Grain maize,2987.0,27297.7,9.13883495145631,Lucca,1.0,1,1,0,0,complete,False,False
Lucca,2002,Soft wheat,200.0,822.8,4.114,Lucca,1.0,1,1,0,0,complete,False,False
Lucca,2003,Durum wheat,190.0,805.9,4.241578947368421,Lucca,1.0,1,1,0,0,complete,False,False
Lucca,2003,Grain maize,3120.0,21959.5,7.0383012820512825,Lucca,1.0,1,1,0,0,complete,False,False
Lucca,2003,Soft wheat,10.0,39.9,3.9899999999999998,Lucca,1.0,1,1,0,0,complete,False,False
Lucca,2004,Durum wheat,183.0,829.6,4.533333333333333,Lucca,1.0,1,1,0,0,complete,False,False
Lucca,2004,Grain maize,3150.0,27357.1,8.684793650793651,Lucca,1.0,1,1,0,0,complete,False,False
Lucca,2004,Soft wheat,15.0,62.0,4.133333333333334,Lucca,1.0,1,1,0,0,complete,False,False
Lucca,2005,Durum wheat,16.0,68.7,4.29375,Lucca,1.0,1,1,0,0,complete,False,False
Lucca,2005,Grain maize,3105.0,28112.2,9.053848631239935,Lucca,1.0,1,1,0,0,complete,False,False
Lucca,2005,Soft wheat,194.0,888.2,4.578350515463918,Lucca,1.0,1,1,0,0,complete,False,False
Lucca,2006,Durum wheat,181.0,788.0,4.3535911602209945,Lucca,1.0,1,1,0,0,complete,False,False
Lucca,2006,Grain maize,2246.0,23133.2,10.299732858414961,Lucca,1.0,1,1,0,0,complete,False,False
Lucca,2006,Soft wheat,15.0,61.6,4.1066666666666665,Lucca,1.0,1,1,0,0,complete,False,False
Lucca,2007,Durum wheat,330.0,1433.2,4.343030303030303,Lucca,1.0,1,1,0,0,complete,False,False
Lucca,2007,Grain maize,2736.0,22650.4,8.278654970760234,Lucca,1.0,1,1,0,0,complete,False,False
Lucca,2007,Soft wheat,120.0,531.1,4.425833333333333,Lucca,1.0,1,1,0,0,complete,False,False
Lucca,2008,Durum wheat,256.0,1110.6,4.33828125,Lucca,1.0,1,1,0,0,complete,False,False
Lucca,2008,Grain maize,2873.0,25345.0,8.821789070657848,Lucca,1.0,1,1,0,0,complete,False,False
Lucca,2008,Soft wheat,68.0,296.4,4.358823529411764,Lucca,1.0,1,1,0,0,complete,False,False
Lucca,2009,Durum wheat,29.0,121.0,4.172413793103448,Lucca,1.0,1,1,0,0,complete,False,False
Lucca,2009,Grain maize,2375.0,21517.1,9.059831578947367,Lucca,1.0,1,1,0,0,complete,False,False
Lucca,2009,Soft wheat,130.0,535.9,4.122307692307692,Lucca,1.0,1,1,0,0,complete,False,False
Lucca,2010,Durum wheat,40.0,159.0,3.975,Lucca,1.0,1,1,0,0,complete,False,False
Lucca,2010,Grain maize,2720.0,21872.5,8.041360294117647,Lucca,1.0,1,1,0,0,complete,False,False
Lucca,2010,Soft wheat,380.0,1450.0,3.8157894736842106,Lucca,1.0,1,1,0,0,complete,False,False
Lucca,2011,Durum wheat,38.0,151.0,3.973684210526316,Lucca,1.0,1,1,0,0,complete,False,False
Lucca,2011,Grain maize,2691.0,22345.0,8.303604607952433,Lucca,1.0,1,1,0,0,complete,False,False
Lucca,2011,Soft wheat,257.0,1004.0,3.906614785992218,Lucca,1.0,1,1,0,0,complete,False,False
Lucca,2012,Durum wheat,23.0,93.7,4.073913043478261,Lucca,1.0,1,1,0,0,complete,True,False
Lucca,2012,Grain maize,2460.0,20430.0,8.304878048780488,Lucca,1.0,1,1,0,0,complete,True,False
Lucca,2012,Soft wheat,400.0,1614.0,4.035,Lucca,1.0,1,1,0,0,complete,True,False
Lucca,2013,Durum wheat,55.0,224.0,4.072727272727272,Lucca,1.0,1,1,0,0,complete,True,False
Lucca,2013,Grain maize,2120.0,17585.0,8.294811320754716,Lucca,1.0,1,1,0,0,complete,True,False
Lucca,2013,Soft wheat,310.0,1227.0,3.958064516129032,Lucca,1.0,1,1,0,0,complete,True,False
Lucca,2014,Durum wheat,39.0,158.0,4.051282051282051,Lucca,1.0,1,1,0,0,complete,False,False
Lucca,2014,Grain maize,2335.0,19181.0,8.21456102783726,Lucca,1.0,1,1,0,0,complete,False,False
Lucca,2014,Soft wheat,320.0,1310.0,4.09375,Lucca,1.0,1,1,0,0,complete,False,False
Lucca,2015,Durum wheat,44.0,180.2,4.095454545454545,Lucca,1.0,1,1,0,0,complete,False,False
Lucca,2015,Grain maize,2268.0,18677.0,8.235008818342152,Lucca,1.0,1,1,0,0,complete,False,False
Lucca,2015,Soft wheat,324.0,1306.9,4.033641975308642,Lucca,1.0,1,1,0,0,complete,False,False
Lucca,2016,Durum wheat,40.0,162.7,4.0675,Lucca,1.0,1,1,0,0,complete,False,False
Lucca,2016,Grain maize,1980.0,16830.0,8.5,Lucca,1.0,1,1,0,0,complete,False,False
Lucca,2016,Soft wheat,340.0,1371.6,4.034117647058824,Lucca,1.0,1,1,0,0,complete,False,False
Lucca,2017,Durum wheat,35.0,142.0,4.057142857142857,Lucca,1.0,1,1,0,0,complete,False,False
Lucca,2017,Grain maize,1380.0,1250.0,0.9057971014492754,Lucca,1.0,1,1,0,0,complete,False,False
Lucca,2017,Soft wheat,346.0,1380.0,3.9884393063583814,Lucca,1.0,1,1,0,0,complete,False,False
Lucca,2018,Durum wheat,40.0,162.0,4.05,Lucca,1.0,1,1,0,0,complete,False,False
Lucca,2018,Grain maize,1380.0,11650.0,8.442028985507246,Lucca,1.0,1,1,0,0,complete,False,False
Lucca,2018,Soft wheat,315.0,1240.0,3.9365079365079363,Lucca,1.0,1,1,0,0,complete,False,False
Lucca,2019,Durum wheat,55.0,224.0,4.072727272727272,Lucca,1.0,1,1,0,0,complete,False,False
Lucca,2019,Grain maize,1210.0,10700.0,8.84297520661157,Lucca,1.0,1,1,0,0,complete,False,False
Lucca,2019,Soft wheat,307.0,1240.0,4.039087947882736,Lucca,1.0,1,1,0,0,complete,False,False
Lucca,2020,Durum wheat,48.0,198.0,4.125,Lucca,1.0,1,1,0,0,complete,False,False
Lucca,2020,Grain maize,1190.0,10500.0,8.823529411764707,Lucca,1.0,1,1,0,0,complete,False,False
Lucca,2020,Soft wheat,278.0,1150.0,4.136690647482014,Lucca,1.0,1,1,0,0,complete,False,False
Lucca,2021,Durum wheat,45.0,165.0,3.6666666666666665,Lucca,1.0,1,1,0,0,complete,False,False
Lucca,2021,Grain maize,1081.0,9700.0,8.973172987974099,Lucca,1.0,1,1,0,0,complete,False,False
Lucca,2021,Soft wheat,270.0,1125.0,4.166666666666667,Lucca,1.0,1,1,0,0,complete,False,False
Lucca,2022,Durum wheat,45.0,160.0,3.5555555555555554,Lucca,1.0,1,1,0,0,complete,False,False
Lucca,2022,Grain maize,1100.0,9210.0,8.372727272727273,Lucca,1.0,1,1,0,0,complete,False,False
Lucca,2022,Soft wheat,270.0,1020.0,3.7777777777777777,Lucca,1.0,1,1,0,0,complete,False,False
Macerata,1995,Durum wheat,32150.0,113603.5,3.533545878693624,Macerata,1.0,1,1,0,0,complete,False,False
Macerata,1995,Grain maize,4018.0,34362.6,8.552165256346441,Macerata,1.0,1,1,0,0,complete,False,False
Macerata,1995,Soft wheat,22000.0,105034.7,4.774304545454545,Macerata,1.0,1,1,0,0,complete,False,False
Macerata,1996,Durum wheat,31799.0,119769.5,3.7664549199660367,Macerata,1.0,1,1,0,0,complete,False,False
Macerata,1996,Grain maize,4916.0,41166.6,8.3740032546786,Macerata,1.0,1,1,0,0,complete,False,False
Macerata,1996,Soft wheat,16097.0,70914.9,4.405473069516058,Macerata,1.0,1,1,0,0,complete,False,False
Macerata,1997,Durum wheat,31788.0,112014.5,3.5237982886623884,Macerata,1.0,1,1,0,0,complete,False,False
Macerata,1997,Grain maize,4875.0,28610.2,5.8687589743589745,Macerata,1.0,1,1,0,0,complete,True,False
Macerata,1997,Soft wheat,12324.0,50445.4,4.09326517364492,Macerata,1.0,1,1,0,0,complete,False,False
Macerata,1998,Durum wheat,31793.0,124841.1,3.9266851193658985,Macerata,1.0,1,1,0,0,complete,False,False
Macerata,1998,Grain maize,4879.0,36185.4,7.416560770649723,Macerata,1.0,1,1,0,0,complete,True,False
Macerata,1998,Soft wheat,16047.0,71138.6,4.433140150807005,Macerata,1.0,1,1,0,0,complete,False,False
Macerata,1999,Durum wheat,31868.0,132102.3,4.145296221915401,Macerata,1.0,1,1,0,0,complete,False,False
Macerata,1999,Grain maize,4890.0,36185.4,7.399877300613497,Macerata,1.0,1,1,0,0,complete,False,False
Macerata,1999,Soft wheat,15805.0,71257.1,4.50851629231256,Macerata,1.0,1,1,0,0,complete,False,False
Macerata,2000,Durum wheat,31876.0,119782.9,3.7577770109173043,Macerata,1.0,1,1,0,0,complete,False,False
Macerata,2000,Grain maize,4890.0,34241.6,7.002372188139059,Macerata,1.0,1,1,0,0,complete,False,False
Macerata,2000,Soft wheat,15771.0,66079.5,4.189937226555069,Macerata,1.0,1,1,0,0,complete,False,False
Macerata,2001,Durum wheat,31685.0,96798.8,3.0550355057598235,Macerata,1.0,1,1,0,0,complete,False,False
Macerata,2001,Grain maize,5193.0,28442.9,5.477161563643366,Macerata,1.0,1,1,0,0,complete,False,False
Macerata,2001,Soft wheat,15499.0,57773.0,3.727530808439254,Macerata,1.0,1,1,0,0,complete,False,False
Macerata,2002,Durum wheat,31703.0,119554.9,3.771091063937167,Macerata,1.0,1,1,0,0,complete,False,False
Macerata,2002,Grain maize,5181.0,27098.5,5.23036093418259,Macerata,1.0,1,1,0,0,complete,False,False
Macerata,2002,Soft wheat,15262.0,61550.9,4.032951120429826,Macerata,1.0,1,1,0,0,complete,False,False
Macerata,2003,Durum wheat,31216.0,111212.9,3.562689005638134,Macerata,1.0,1,1,0,0,complete,False,False
Macerata,2003,Grain maize,5190.0,30065.0,5.792870905587669,Macerata,1.0,1,1,0,0,complete,False,False
Macerata,2003,Soft wheat,15250.0,61742.0,4.048655737704918,Macerata,1.0,1,1,0,0,complete,False,False
Macerata,2004,Durum wheat,31776.0,121891.7,3.835967396777442,Macerata,1.0,1,1,0,0,complete,False,False
Macerata,2004,Grain maize,5188.0,28640.6,5.520547417116422,Macerata,1.0,1,1,0,0,complete,False,False
Macerata,2004,Soft wheat,15270.0,60289.5,3.9482318271119845,Macerata,1.0,1,1,0,0,complete,False,False
Macerata,2005,Durum wheat,29989.0,113167.4,3.773630331121411,Macerata,1.0,1,1,0,0,complete,False,False
Macerata,2005,Grain maize,5185.0,28619.8,5.519729990356798,Macerata,1.0,1,1,0,0,complete,False,False
Macerata,2005,Soft wheat,15572.0,61902.5,3.975244027742101,Macerata,1.0,1,1,0,0,complete,False,False
Macerata,2006,Durum wheat,26390.0,100283.2,3.8000454717696095,Macerata,1.0,1,1,0,0,complete,False,False
Macerata,2006,Grain maize,5186.0,29017.6,5.595372155804088,Macerata,1.0,1,1,0,0,complete,False,False
Macerata,2006,Soft wheat,15360.0,61282.5,3.98974609375,Macerata,1.0,1,1,0,0,complete,False,False
Macerata,2007,Durum wheat,29101.0,105588.1,3.628332359712725,Macerata,1.0,1,1,0,0,complete,False,False
Macerata,2007,Grain maize,5186.0,27086.5,5.2230042421905125,Macerata,1.0,1,1,0,0,complete,False,False
Macerata,2007,Soft wheat,15370.0,56060.0,3.6473649967469095,Macerata,1.0,1,1,0,0,complete,False,False
Macerata,2008,Durum wheat,29229.0,111176.3,3.803629956550002,Macerata,1.0,1,1,0,0,complete,False,False
Macerata,2008,Grain maize,3007.0,15696.7,5.220053209178584,Macerata,1.0,1,1,0,0,complete,False,False
Macerata,2008,Soft wheat,14752.0,57224.1,3.8790740238611714,Macerata,1.0,1,1,0,0,complete,False,False
Macerata,2009,Durum wheat,49549.0,180805.2,3.649018143655775,Macerata,1.0,1,1,0,0,complete,False,False
Macerata,2009,Grain maize,2845.0,16330.3,5.739999999999999,Macerata,1.0,1,1,0,0,complete,False,False
Macerata,2009,Soft wheat,3001.0,12189.7,4.061879373542153,Macerata,1.0,1,1,0,0,complete,False,False
Macerata,2010,Durum wheat,37751.0,123955.4,3.2834997748404016,Macerata,1.0,1,1,0,0,complete,False,False
Macerata,2010,Grain maize,2418.0,15257.5,6.309966914805624,Macerata,1.0,1,1,0,0,complete,False,False
Macerata,2010,Soft wheat,2130.0,8413.7,3.950093896713615,Macerata,1.0,1,1,0,0,complete,False,False
Macerata,2011,Durum wheat,34730.0,131842.0,3.7961992513676934,Macerata,1.0,1,1,0,0,complete,False,False
Macerata,2011,Grain maize,2289.0,13684.5,5.978374836173002,Macerata,1.0,1,1,0,0,complete,False,False
Macerata,2011,Soft wheat,3408.0,16225.0,4.760856807511737,Macerata,1.0,1,1,0,0,complete,False,False
Macerata,2012,Durum wheat,38210.0,170667.0,4.466553258309343,Macerata,1.0,1,1,0,0,complete,False,False
Macerata,2012,Grain maize,1930.0,9427.0,4.884455958549223,Macerata,1.0,1,1,0,0,complete,False,False
Macerata,2012,Soft wheat,3635.0,20031.3,5.510674002751031,Macerata,1.0,1,1,0,0,complete,False,False
Macerata,2013,Durum wheat,37150.0,140427.0,3.78,Macerata,1.0,1,1,0,0,complete,True,False
Macerata,2013,Grain maize,1062.0,6212.7,5.85,Macerata,1.0,1,1,0,0,complete,False,False
Macerata,2013,Soft wheat,4130.0,20443.5,4.95,Macerata,1.0,1,1,0,0,complete,True,False
Macerata,2014,Durum wheat,38105.0,147847.4,3.88,Macerata,1.0,1,1,0,0,complete,False,False
Macerata,2014,Grain maize,1035.0,6644.7,6.42,Macerata,1.0,1,1,0,0,complete,False,False
Macerata,2014,Soft wheat,3899.0,18247.3,4.67999487047961,Macerata,1.0,1,1,0,0,complete,False,False
Macerata,2015,Durum wheat,37710.0,160950.5,4.26811190665606,Macerata,1.0,1,1,0,0,complete,False,False
Macerata,2015,Grain maize,821.0,4663.3,5.680024360535932,Macerata,1.0,1,1,0,0,complete,False,False
Macerata,2015,Soft wheat,3950.0,21258.9,5.382000000000001,Macerata,1.0,1,1,0,0,complete,False,False
Macerata,2016,Durum wheat,37920.0,165343.9,4.360334915611814,Macerata,1.0,1,1,0,0,complete,False,False
Macerata,2016,Grain maize,830.0,4710.0,5.674698795180723,Macerata,1.0,1,1,0,0,complete,False,False
Macerata,2016,Soft wheat,3890.0,21105.0,5.425449871465296,Macerata,1.0,1,1,0,0,complete,False,False
Macerata,2017,Durum wheat,36433.0,146000.0,4.0073559684901054,Macerata,1.0,1,1,0,0,complete,False,False
Macerata,2017,Grain maize,785.0,4600.0,5.859872611464968,Macerata,1.0,1,1,0,0,complete,False,False
Macerata,2017,Soft wheat,3713.0,20810.0,5.604632372744412,Macerata,1.0,1,1,0,0,complete,False,False
Macerata,2018,Durum wheat,36500.0,147050.0,4.028767123287671,Macerata,1.0,1,1,0,0,complete,False,False
Macerata,2018,Grain maize,819.0,4700.0,5.738705738705739,Macerata,1.0,1,1,0,0,complete,False,False
Macerata,2018,Soft wheat,3895.0,21500.0,5.5198973042362,Macerata,1.0,1,1,0,0,complete,False,False
Macerata,2019,Durum wheat,33263.0,136657.9,4.108405736103178,Macerata,1.0,1,1,0,0,complete,False,False
Macerata,2019,Grain maize,821.0,4700.0,5.724725943970768,Macerata,1.0,1,1,0,0,complete,False,False
Macerata,2019,Soft wheat,3865.0,21440.0,5.547218628719276,Macerata,1.0,1,1,0,0,complete,False,False
Macerata,2020,Durum wheat,33263.0,136657.9,4.108405736103178,Macerata,1.0,1,1,0,0,complete,False,False
Macerata,2020,Grain maize,821.0,4700.0,5.724725943970768,Macerata,1.0,1,1,0,0,complete,False,False
Macerata,2020,Soft wheat,3865.0,21440.0,5.547218628719276,Macerata,1.0,1,1,0,0,complete,False,False
Macerata,2021,Durum wheat,33263.0,136657.9,4.108405736103178,Macerata,1.0,1,1,0,0,complete,False,False
Macerata,2021,Grain maize,821.0,4700.0,5.724725943970768,Macerata,1.0,1,1,0,0,complete,False,False
Macerata,2021,Soft wheat,3865.0,21440.0,5.547218628719276,Macerata,1.0,1,1,0,0,complete,False,False
Macerata,2022,Durum wheat,25351.0,88728.5,3.5,Macerata,1.0,1,1,0,0,complete,False,False
Macerata,2022,Grain maize,1413.0,8450.0,5.980184005661712,Macerata,1.0,1,1,0,0,complete,False,False
Macerata,2022,Soft wheat,3821.0,17000.0,4.449097095001308,Macerata,1.0,1,1,0,0,complete,False,False
Mantova,1995,Durum wheat,2136.0,10558.4,4.943071161048689,Mantova,1.0,1,1,0,0,complete,False,False
Mantova,1995,Grain maize,25575.0,273652.5,10.7,Mantova,1.0,1,1,0,0,complete,False,False
Mantova,1995,Soft wheat,21300.0,110995.5,5.211056338028169,Mantova,1.0,1,1,0,0,complete,False,False
Mantova,1996,Durum wheat,1800.0,10440.0,5.8,Mantova,1.0,1,1,0,0,complete,False,False
Mantova,1996,Grain maize,45455.0,512670.0,11.278627213727862,Mantova,1.0,1,1,0,0,complete,False,False
Mantova,1996,Soft wheat,17962.0,107772.0,6.0,Mantova,1.0,1,1,0,0,complete,False,False
Mantova,1997,Durum wheat,1650.0,9075.0,5.5,Mantova,1.0,1,1,0,0,complete,False,False
Mantova,1997,Grain maize,40910.0,471900.0,11.535076998288927,Mantova,1.0,1,1,0,0,complete,True,False
Mantova,1997,Soft wheat,17680.0,100776.0,5.7,Mantova,1.0,1,1,0,0,complete,False,False
Mantova,1998,Durum wheat,1350.0,7425.0,5.5,Mantova,1.0,1,1,0,0,complete,False,False
Mantova,1998,Grain maize,42900.0,506000.0,11.794871794871796,Mantova,1.0,1,1,0,0,complete,True,False
Mantova,1998,Soft wheat,17500.0,99750.0,5.7,Mantova,1.0,1,1,0,0,complete,False,False
Mantova,1999,Durum wheat,1200.0,6600.0,5.5,Mantova,1.0,1,1,0,0,complete,False,False
Mantova,1999,Grain maize,46000.0,506000.0,11.0,Mantova,1.0,1,1,0,0,complete,False,False
Mantova,1999,Soft wheat,15700.0,89490.0,5.7,Mantova,1.0,1,1,0,0,complete,False,False
Mantova,2000,Durum wheat,1190.0,6545.0,5.5,Mantova,1.0,1,1,0,0,complete,False,False
Mantova,2000,Grain maize,48600.0,515160.0,10.6,Mantova,1.0,1,1,0,0,complete,False,False
Mantova,2000,Soft wheat,15620.0,88994.0,5.697439180537772,Mantova,1.0,1,1,0,0,complete,False,False
Mantova,2001,Durum wheat,715.0,4075.5,5.7,Mantova,1.0,1,1,0,0,complete,False,False
Mantova,2001,Grain maize,56000.0,609920.0,10.891428571428571,Mantova,1.0,1,1,0,0,complete,False,False
Mantova,2001,Soft wheat,12650.0,71361.0,5.6411857707509885,Mantova,1.0,1,1,0,0,complete,False,False
Mantova,2002,Durum wheat,1200.0,6695.0,5.579166666666667,Mantova,1.0,1,1,0,0,complete,False,False
Mantova,2002,Grain maize,49300.0,515770.0,10.461866125760649,Mantova,1.0,1,1,0,0,complete,False,False
Mantova,2002,Soft wheat,20651.0,120765.8,5.847939567091182,Mantova,1.0,1,1,0,0,complete,False,False
Mantova,2003,Durum wheat,650.0,3705.0,5.7,Mantova,1.0,1,1,0,0,complete,False,False
Mantova,2003,Grain maize,52580.0,446930.0,8.5,Mantova,1.0,1,1,0,0,complete,False,False
Mantova,2003,Soft wheat,15550.0,78430.0,5.043729903536978,Mantova,1.0,1,1,0,0,complete,False,False
Mantova,2004,Durum wheat,820.0,4674.0,5.7,Mantova,1.0,1,1,0,0,complete,False,False
Mantova,2004,Grain maize,61450.0,668170.0,10.87339300244101,Mantova,1.0,1,1,0,0,complete,False,False
Mantova,2004,Soft wheat,15500.0,89035.0,5.744193548387097,Mantova,1.0,1,1,0,0,complete,False,False
Mantova,2005,Durum wheat,2300.0,13225.0,5.75,Mantova,1.0,1,1,0,0,complete,False,False
Mantova,2005,Grain maize,63200.0,655390.0,10.370094936708862,Mantova,1.0,1,1,0,0,complete,False,False
Mantova,2005,Soft wheat,15700.0,91190.0,5.80828025477707,Mantova,1.0,1,1,0,0,complete,False,False
Mantova,2006,Durum wheat,3250.0,18282.5,5.625384615384616,Mantova,1.0,1,1,0,0,complete,False,False
Mantova,2006,Grain maize,59000.0,604760.0,10.250169491525424,Mantova,1.0,1,1,0,0,complete,False,False
Mantova,2006,Soft wheat,15800.0,93305.0,5.905379746835443,Mantova,1.0,1,1,0,0,complete,False,False
Mantova,2007,Durum wheat,7620.0,36576.0,4.8,Mantova,1.0,1,1,0,0,complete,False,False
Mantova,2007,Grain maize,49000.0,514500.0,10.5,Mantova,1.0,1,1,0,0,complete,False,False
Mantova,2007,Soft wheat,19620.0,98100.0,5.0,Mantova,1.0,1,1,0,0,complete,False,False
Mantova,2008,Durum wheat,12050.0,74655.0,6.195435684647303,Mantova,1.0,1,1,0,0,complete,False,False
Mantova,2008,Grain maize,50500.0,555500.0,11.0,Mantova,1.0,1,1,0,0,complete,False,False
Mantova,2008,Soft wheat,20100.0,130650.0,6.5,Mantova,1.0,1,1,0,0,complete,False,False
Mantova,2009,Durum wheat,11983.0,71898.0,6.0,Mantova,1.0,1,1,0,0,complete,False,False
Mantova,2009,Grain maize,46000.0,483000.0,10.5,Mantova,1.0,1,1,0,0,complete,False,False
Mantova,2009,Soft wheat,18303.0,113478.6,6.2,Mantova,1.0,1,1,0,0,complete,False,False
Mantova,2010,Durum wheat,11950.0,65725.0,5.5,Mantova,1.0,1,1,0,0,complete,False,False
Mantova,2010,Grain maize,43400.0,499100.0,11.5,Mantova,1.0,1,1,0,0,complete,False,False
Mantova,2010,Soft wheat,16023.0,96138.0,6.0,Mantova,1.0,1,1,0,0,complete,False,False
Mantova,2011,Durum wheat,5800.0,31320.0,5.4,Mantova,1.0,1,1,0,0,complete,False,False
Mantova,2011,Grain maize,49500.0,569250.0,11.5,Mantova,1.0,1,1,0,0,complete,False,False
Mantova,2011,Soft wheat,13500.0,71550.0,5.3,Mantova,1.0,1,1,0,0,complete,False,False
Mantova,2012,Durum wheat,6250.0,40425.0,6.468,Mantova,1.0,1,1,0,0,complete,False,False
Mantova,2012,Grain maize,43000.0,430000.0,10.0,Mantova,1.0,1,1,0,0,complete,False,False
Mantova,2012,Soft wheat,17900.0,115975.0,6.479050279329609,Mantova,1.0,1,1,0,0,complete,False,False
Mantova,2013,Durum wheat,5400.0,27000.0,5.0,Mantova,1.0,1,1,0,0,complete,False,False
Mantova,2013,Grain maize,37500.0,281250.0,7.5,Mantova,1.0,1,1,0,0,complete,False,False
Mantova,2013,Soft wheat,22050.0,110250.0,5.0,Mantova,1.0,1,1,0,0,complete,False,False
Mantova,2014,Durum wheat,4900.0,29400.0,6.0,Mantova,1.0,1,1,0,0,complete,False,False
Mantova,2014,Grain maize,35600.0,391600.0,11.0,Mantova,1.0,1,1,0,0,complete,False,False
Mantova,2014,Soft wheat,19350.0,116100.0,6.0,Mantova,1.0,1,1,0,0,complete,False,False
Mantova,2015,Durum wheat,8950.0,53700.0,6.0,Mantova,1.0,1,1,0,0,complete,False,False
Mantova,2015,Grain maize,30000.0,300000.0,10.0,Mantova,1.0,1,1,0,0,complete,False,False
Mantova,2015,Soft wheat,17600.0,105600.0,6.0,Mantova,1.0,1,1,0,0,complete,False,False
Mantova,2016,Durum wheat,14560.0,85904.0,5.9,Mantova,1.0,1,1,0,0,complete,False,False
Mantova,2016,Grain maize,27000.0,318600.0,11.8,Mantova,1.0,1,1,0,0,complete,False,False
Mantova,2016,Soft wheat,17650.0,111195.0,6.3,Mantova,1.0,1,1,0,0,complete,False,False
Mantova,2017,Durum wheat,11261.0,75360.7,6.692185418701714,Mantova,1.0,1,1,0,0,complete,False,False
Mantova,2017,Grain maize,26650.0,292269.6,10.96696435272045,Mantova,1.0,1,1,0,0,complete,False,False
Mantova,2017,Soft wheat,16710.0,124851.1,7.471639736684621,Mantova,1.0,1,1,0,0,complete,False,False
Mantova,2018,Durum wheat,11002.0,60493.1,5.498373023086711,Mantova,1.0,1,1,0,0,complete,False,False
Mantova,2018,Grain maize,25000.0,315300.9,12.612036000000002,Mantova,1.0,1,1,0,0,complete,False,False
Mantova,2018,Soft wheat,18641.0,108039.7,5.795810310605654,Mantova,1.0,1,1,0,0,complete,False,False
Mantova,2019,Durum wheat,8960.0,38507.0,4.29765625,Mantova,1.0,1,1,0,0,complete,False,False
Mantova,2019,Grain maize,27400.0,312763.0,11.41470802919708,Mantova,1.0,1,1,0,0,complete,False,False
Mantova,2019,Soft wheat,18050.0,98576.5,5.461301939058171,Mantova,1.0,1,1,0,0,complete,False,False
Mantova,2020,Durum wheat,5703.0,27374.4,4.8,Mantova,1.0,1,1,0,0,complete,False,False
Mantova,2020,Grain maize,26800.0,346107.5,12.91445895522388,Mantova,1.0,1,1,0,0,complete,False,False
Mantova,2020,Soft wheat,18967.0,106215.2,5.6,Mantova,1.0,1,1,0,0,complete,False,False
Mantova,2021,Durum wheat,7510.0,45060.0,6.0,Mantova,1.0,1,1,0,0,complete,False,False
Mantova,2021,Grain maize,26370.0,316440.0,12.0,Mantova,1.0,1,1,0,0,complete,False,False
Mantova,2021,Soft wheat,19800.0,128700.0,6.5,Mantova,1.0,1,1,0,0,complete,False,False
Mantova,2022,Durum wheat,9727.0,51553.1,5.3,Mantova,1.0,1,1,0,0,complete,False,False
Mantova,2022,Grain maize,23420.0,229516.0,9.8,Mantova,1.0,1,1,0,0,complete,False,False
Mantova,2022,Soft wheat,19701.0,108355.5,5.5,Mantova,1.0,1,1,0,0,complete,False,False
Massa-Carrara,1995,Grain maize,1075.0,8800.0,8.186046511627907,Massa-Carrara,1.0,1,1,0,0,complete,False,False
Massa-Carrara,1995,Soft wheat,385.0,1352.0,3.5116883116883115,Massa-Carrara,1.0,1,1,0,0,complete,False,False
Massa-Carrara,1996,Grain maize,1075.0,9460.0,8.8,Massa-Carrara,1.0,1,1,0,0,complete,False,False
Massa-Carrara,1996,Soft wheat,373.0,1435.0,3.8471849865951744,Massa-Carrara,1.0,1,1,0,0,complete,False,False
Massa-Carrara,1997,Grain maize,1075.0,9095.0,8.46046511627907,Massa-Carrara,1.0,1,1,0,0,complete,True,False
Massa-Carrara,1997,Soft wheat,350.0,1209.9,3.4568571428571433,Massa-Carrara,1.0,1,1,0,0,complete,False,False
Massa-Carrara,1998,Grain maize,1070.0,9095.0,8.5,Massa-Carrara,1.0,1,1,0,0,complete,False,False
Massa-Carrara,1998,Soft wheat,380.0,1440.0,3.789473684210526,Massa-Carrara,1.0,1,1,0,0,complete,False,False
Massa-Carrara,1999,Grain maize,1070.0,9095.0,8.5,Massa-Carrara,1.0,1,1,0,0,complete,False,False
Massa-Carrara,1999,Soft wheat,380.0,1440.0,3.789473684210526,Massa-Carrara,1.0,1,1,0,0,complete,False,False
Massa-Carrara,2000,Grain maize,1070.0,9095.0,8.5,Massa-Carrara,1.0,1,1,0,0,complete,False,False
Massa-Carrara,2000,Soft wheat,380.0,1440.0,3.789473684210526,Massa-Carrara,1.0,1,1,0,0,complete,False,False
Massa-Carrara,2001,Grain maize,1070.0,9265.0,8.658878504672897,Massa-Carrara,1.0,1,1,0,0,complete,False,False
Massa-Carrara,2001,Soft wheat,380.0,1440.0,3.789473684210526,Massa-Carrara,1.0,1,1,0,0,complete,False,False
Massa-Carrara,2002,Grain maize,1075.0,9137.5,8.5,Massa-Carrara,1.0,1,1,0,0,complete,False,False
Massa-Carrara,2002,Soft wheat,385.0,1347.0,3.498701298701299,Massa-Carrara,1.0,1,1,0,0,complete,False,False
Massa-Carrara,2003,Grain maize,1075.0,6450.0,6.0,Massa-Carrara,1.0,1,1,0,0,complete,False,False
Massa-Carrara,2003,Soft wheat,385.0,962.5,2.5,Massa-Carrara,1.0,1,1,0,0,complete,False,False
Massa-Carrara,2004,Grain maize,1075.0,6450.0,6.0,Massa-Carrara,1.0,1,1,0,0,complete,False,False
Massa-Carrara,2004,Soft wheat,385.0,1155.0,3.0,Massa-Carrara,1.0,1,1,0,0,complete,False,False
Massa-Carrara,2005,Grain maize,1075.0,6450.0,6.0,Massa-Carrara,1.0,1,1,0,0,complete,False,False
Massa-Carrara,2005,Soft wheat,380.0,1140.0,3.0,Massa-Carrara,1.0,1,1,0,0,complete,False,False
Massa-Carrara,2006,Grain maize,1075.0,6450.0,6.0,Massa-Carrara,1.0,1,1,0,0,complete,False,False
Massa-Carrara,2006,Soft wheat,380.0,1140.0,3.0,Massa-Carrara,1.0,1,1,0,0,complete,False,False
Massa-Carrara,2007,Grain maize,1075.0,6450.0,6.0,Massa-Carrara,1.0,1,1,0,0,complete,False,False
Massa-Carrara,2007,Soft wheat,412.0,1235.0,2.9975728155339807,Massa-Carrara,1.0,1,1,0,0,complete,False,False
Massa-Carrara,2008,Grain maize,1075.0,6000.0,5.5813953488372094,Massa-Carrara,1.0,1,1,0,0,complete,False,False
Massa-Carrara,2008,Soft wheat,380.0,1140.0,3.0,Massa-Carrara,1.0,1,1,0,0,complete,False,False
Massa-Carrara,2009,Grain maize,975.0,5850.0,6.0,Massa-Carrara,1.0,1,1,0,0,complete,False,False
Massa-Carrara,2009,Soft wheat,133.0,399.0,3.0,Massa-Carrara,1.0,1,1,0,0,complete,False,False
Massa-Carrara,2010,Grain maize,1080.0,6480.0,6.0,Massa-Carrara,1.0,1,1,0,0,complete,False,False
Massa-Carrara,2010,Soft wheat,410.0,1440.0,3.5121951219512195,Massa-Carrara,1.0,1,1,0,0,complete,False,False
Massa-Carrara,2011,Grain maize,1075.0,9130.0,8.493023255813954,Massa-Carrara,1.0,1,1,0,0,complete,False,False
Massa-Carrara,2011,Soft wheat,410.0,1450.0,3.5365853658536586,Massa-Carrara,1.0,1,1,0,0,complete,False,False
Massa-Carrara,2012,Grain maize,1075.0,9130.0,8.493023255813954,Massa-Carrara,1.0,1,1,0,0,complete,False,False
Massa-Carrara,2012,Soft wheat,410.0,1450.0,3.5365853658536586,Massa-Carrara,1.0,1,1,0,0,complete,False,False
Massa-Carrara,2013,Grain maize,1059.0,5722.9,5.404060434372049,Massa-Carrara,1.0,1,1,0,0,complete,False,False
Massa-Carrara,2013,Soft wheat,343.0,1070.8,3.121865889212828,Massa-Carrara,1.0,1,1,0,0,complete,True,False
Massa-Carrara,2014,Grain maize,1068.0,5831.0,5.459737827715355,Massa-Carrara,1.0,1,1,0,0,complete,False,False
Massa-Carrara,2014,Soft wheat,410.0,1450.0,3.5365853658536586,Massa-Carrara,1.0,1,1,0,0,complete,False,False
Massa-Carrara,2015,Grain maize,1066.0,5801.6,5.442401500938087,Massa-Carrara,1.0,1,1,0,0,complete,False,False
Massa-Carrara,2015,Soft wheat,412.0,1453.0,3.5266990291262137,Massa-Carrara,1.0,1,1,0,0,complete,False,False
Massa-Carrara,2016,Grain maize,11.0,64.0,5.818181818181818,Massa-Carrara,1.0,1,1,0,0,complete,False,False
Massa-Carrara,2016,Soft wheat,130.0,429.0,3.3,Massa-Carrara,1.0,1,1,0,0,complete,False,False
Massa-Carrara,2017,Grain maize,25.0,113.7,4.548,Massa-Carrara,1.0,1,1,0,0,complete,False,False
Massa-Carrara,2017,Soft wheat,142.0,433.1,3.0500000000000003,Massa-Carrara,1.0,1,1,0,0,complete,False,False
Massa-Carrara,2018,Grain maize,25.0,113.7,4.548,Massa-Carrara,1.0,1,1,0,0,complete,False,False
Massa-Carrara,2018,Soft wheat,100.0,350.0,3.5,Massa-Carrara,1.0,1,1,0,0,complete,False,False
Massa-Carrara,2019,Grain maize,22.0,105.0,4.7727272727272725,Massa-Carrara,1.0,1,1,0,0,complete,False,False
Massa-Carrara,2019,Soft wheat,90.0,310.0,3.4444444444444446,Massa-Carrara,1.0,1,1,0,0,complete,False,False
Massa-Carrara,2020,Grain maize,20.0,100.0,5.0,Massa-Carrara,1.0,1,1,0,0,complete,False,False
Massa-Carrara,2020,Soft wheat,81.0,280.0,3.45679012345679,Massa-Carrara,1.0,1,1,0,0,complete,False,False
Massa-Carrara,2021,Grain maize,20.0,92.0,4.6,Massa-Carrara,1.0,1,1,0,0,complete,False,False
Massa-Carrara,2021,Soft wheat,75.0,260.0,3.466666666666667,Massa-Carrara,1.0,1,1,0,0,complete,False,False
Massa-Carrara,2022,Grain maize,20.0,95.0,4.75,Massa-Carrara,1.0,1,1,0,0,complete,False,False
Massa-Carrara,2022,Soft wheat,65.0,226.0,3.476923076923077,Massa-Carrara,1.0,1,1,0,0,complete,False,False
Matera,1995,Durum wheat,86150.0,167992.5,1.95,Matera,1.0,1,1,0,0,complete,False,False
Matera,1995,Grain maize,110.0,600.0,5.454545454545454,Matera,1.0,1,1,0,0,complete,False,False
Matera,1995,Soft wheat,505.0,1515.0,3.0,Matera,1.0,1,1,0,0,complete,False,False
Matera,1996,Durum wheat,98000.0,183926.4,1.8768,Matera,1.0,1,1,0,0,complete,False,False
Matera,1996,Grain maize,110.0,600.0,5.454545454545454,Matera,1.0,1,1,0,0,complete,False,False
Matera,1996,Soft wheat,550.0,1650.0,3.0,Matera,1.0,1,1,0,0,complete,False,False
Matera,1997,Durum wheat,107500.0,118250.0,1.1,Matera,1.0,1,1,0,0,complete,False,False
Matera,1997,Grain maize,1000.0,9200.0,9.2,Matera,1.0,1,1,0,0,complete,True,False
Matera,1997,Soft wheat,550.0,1760.0,3.2,Matera,1.0,1,1,0,0,complete,False,False
Matera,1998,Durum wheat,98000.0,284200.0,2.9,Matera,1.0,1,1,0,0,complete,False,False
Matera,1998,Grain maize,1150.0,9000.0,7.826086956521739,Matera,1.0,1,1,0,0,complete,True,False
Matera,1998,Soft wheat,500.0,1400.0,2.8,Matera,1.0,1,1,0,0,complete,False,False
Matera,1999,Durum wheat,100000.0,290000.0,2.9,Matera,1.0,1,1,0,0,complete,False,False
Matera,1999,Grain maize,1200.0,9000.0,7.5,Matera,1.0,1,1,0,0,complete,False,False
Matera,2000,Durum wheat,98000.0,147000.0,1.5,Matera,1.0,1,1,0,0,complete,False,False
Matera,2000,Grain maize,980.0,7350.0,7.5,Matera,1.0,1,1,0,0,complete,False,False
Matera,2001,Durum wheat,95000.0,157000.0,1.6526315789473685,Matera,1.0,1,1,0,0,complete,False,False
Matera,2001,Grain maize,900.0,6300.0,7.0,Matera,1.0,1,1,0,0,complete,False,False
Matera,2002,Durum wheat,95000.0,199500.0,2.1,Matera,1.0,1,1,0,0,complete,False,False
Matera,2002,Grain maize,800.0,4000.0,5.0,Matera,1.0,1,1,0,0,complete,False,False
Matera,2003,Durum wheat,95000.0,152000.0,1.6,Matera,1.0,1,1,0,0,complete,False,False
Matera,2003,Grain maize,700.0,3500.0,5.0,Matera,1.0,1,1,0,0,complete,False,False
Matera,2004,Durum wheat,97690.0,276150.0,2.8267990582454705,Matera,1.0,1,1,0,0,complete,False,False
Matera,2004,Grain maize,788.0,4402.5,5.586928934010152,Matera,1.0,1,1,0,0,complete,False,False
Matera,2005,Durum wheat,83500.0,292250.0,3.5,Matera,1.0,1,1,0,0,complete,False,False
Matera,2005,Grain maize,780.0,3900.0,5.0,Matera,1.0,1,1,0,0,complete,False,False
Matera,2005,Soft wheat,2000.0,7000.0,3.5,Matera,1.0,1,1,0,0,complete,False,False
Matera,2006,Durum wheat,66800.0,204408.0,3.06,Matera,1.0,1,1,0,0,complete,False,False
Matera,2006,Grain maize,759.0,3941.9,5.193544137022398,Matera,1.0,1,1,0,0,complete,False,False
Matera,2006,Soft wheat,2000.0,5750.0,2.875,Matera,1.0,1,1,0,0,complete,False,False
Matera,2007,Durum wheat,80618.0,221021.6,2.741591207918827,Matera,1.0,1,1,0,0,complete,False,False
Matera,2007,Grain maize,758.0,3145.0,4.149076517150395,Matera,1.0,1,1,0,0,complete,False,False
Matera,2007,Soft wheat,2000.0,6342.2,3.1711,Matera,1.0,1,1,0,0,complete,False,False
Matera,2008,Durum wheat,73709.0,212714.8,2.885872824214139,Matera,1.0,1,1,0,0,complete,False,False
Matera,2008,Grain maize,750.0,3120.0,4.16,Matera,1.0,1,1,0,0,complete,False,False
Matera,2008,Soft wheat,2000.0,6046.1,3.02305,Matera,1.0,1,1,0,0,complete,False,False
Matera,2009,Durum wheat,53802.0,114329.3,2.125000929333482,Matera,1.0,1,1,0,0,complete,False,False
Matera,2009,Grain maize,456.0,2051.1,4.498026315789473,Matera,1.0,1,1,0,0,complete,False,False
Matera,2009,Soft wheat,2105.0,6693.9,3.1799999999999997,Matera,1.0,1,1,0,0,complete,False,False
Matera,2010,Durum wheat,56195.0,162016.4,2.8831105970282054,Matera,1.0,1,1,0,0,complete,False,False
Matera,2010,Grain maize,374.0,1272.0,3.4010695187165774,Matera,1.0,1,1,0,0,complete,False,False
Matera,2010,Soft wheat,1144.0,2315.0,2.0236013986013988,Matera,1.0,1,1,0,0,complete,False,False
Matera,2011,Durum wheat,56200.0,164521.0,2.9274199288256226,Matera,1.0,1,1,0,0,complete,False,False
Matera,2011,Grain maize,360.0,1250.0,3.4722222222222223,Matera,1.0,1,1,0,0,complete,False,False
Matera,2011,Soft wheat,1624.0,4884.6,3.0077586206896556,Matera,1.0,1,1,0,0,complete,False,False
Matera,2012,Durum wheat,19605.0,159631.3,8.142376944656975,Matera,1.0,1,1,0,0,complete,False,False
Matera,2012,Soft wheat,2321.0,7200.9,3.1024989228780697,Matera,1.0,1,1,0,0,complete,False,False
Matera,2013,Durum wheat,53578.0,182165.2,3.4000000000000004,Matera,1.0,1,1,0,0,complete,True,False
Matera,2013,Grain maize,232.0,890.9,3.840086206896552,Matera,1.0,1,1,0,0,complete,False,False
Matera,2013,Soft wheat,1128.0,3316.3,2.9399822695035462,Matera,1.0,1,1,0,0,complete,True,False
Matera,2014,Durum wheat,53869.0,180204.7,3.3452393770071844,Matera,1.0,1,1,0,0,complete,False,False
Matera,2014,Grain maize,277.0,895.0,3.2310469314079424,Matera,1.0,1,1,0,0,complete,False,False
Matera,2014,Soft wheat,1183.0,3126.3,2.6426880811496196,Matera,1.0,1,1,0,0,complete,False,False
Matera,2015,Durum wheat,53707.0,181293.9,3.3756102556463774,Matera,1.0,1,1,0,0,complete,False,False
Matera,2015,Grain maize,263.0,899.3,3.4193916349809883,Matera,1.0,1,1,0,0,complete,False,False
Matera,2015,Soft wheat,1186.0,3631.0,3.061551433389545,Matera,1.0,1,1,0,0,complete,False,False
Matera,2016,Durum wheat,53701.0,181182.0,3.373903651701086,Matera,1.0,1,1,0,0,complete,False,False
Matera,2016,Grain maize,264.0,904.2,3.4250000000000003,Matera,1.0,1,1,0,0,complete,False,False
Matera,2016,Soft wheat,1202.0,3748.6,3.1186356073211314,Matera,1.0,1,1,0,0,complete,False,False
Matera,2017,Durum wheat,53500.0,157070.0,2.9358878504672896,Matera,1.0,1,1,0,0,complete,False,False
Matera,2017,Grain maize,260.0,880.0,3.3846153846153846,Matera,1.0,1,1,0,0,complete,False,False
Matera,2017,Soft wheat,1210.0,3782.0,3.125619834710744,Matera,1.0,1,1,0,0,complete,False,False
Matera,2018,Durum wheat,53300.0,156974.3,2.945108818011257,Matera,1.0,1,1,0,0,complete,False,False
Matera,2018,Grain maize,245.0,876.8,3.5787755102040815,Matera,1.0,1,1,0,0,complete,False,False
Matera,2018,Soft wheat,1208.0,3775.0,3.125,Matera,1.0,1,1,0,0,complete,False,False
Matera,2019,Durum wheat,53048.0,155628.1,2.933722289247474,Matera,1.0,1,1,0,0,complete,False,False
Matera,2019,Grain maize,244.0,865.0,3.5450819672131146,Matera,1.0,1,1,0,0,complete,False,False
Matera,2019,Soft wheat,1200.0,3851.3,3.209416666666667,Matera,1.0,1,1,0,0,complete,False,False
Matera,2020,Durum wheat,53048.0,155628.1,2.933722289247474,Matera,1.0,1,1,0,0,complete,False,False
Matera,2020,Grain maize,244.0,865.0,3.5450819672131146,Matera,1.0,1,1,0,0,complete,False,False
Matera,2020,Soft wheat,1200.0,3851.3,3.209416666666667,Matera,1.0,1,1,0,0,complete,False,False
Matera,2021,Durum wheat,53048.0,155628.1,2.933722289247474,Matera,1.0,1,1,0,0,complete,False,False
Matera,2021,Grain maize,244.0,865.0,3.5450819672131146,Matera,1.0,1,1,0,0,complete,False,False
Matera,2021,Soft wheat,1200.0,3851.3,3.209416666666667,Matera,1.0,1,1,0,0,complete,False,False
Matera,2022,Durum wheat,53048.0,132620.0,2.5,Matera,1.0,1,1,0,0,complete,False,False
Matera,2022,Grain maize,244.0,865.0,3.5450819672131146,Matera,1.0,1,1,0,0,complete,False,False
Matera,2022,Soft wheat,1200.0,3600.0,3.0,Matera,1.0,1,1,0,0,complete,False,False
Messina,1995,Durum wheat,2750.0,6325.0,2.3,Messina,1.0,1,1,0,0,complete,False,False
Messina,1995,Grain maize,75.0,195.0,2.6,Messina,1.0,1,1,0,0,complete,False,False
Messina,1995,Soft wheat,400.0,816.0,2.04,Messina,1.0,1,1,0,0,complete,False,False
Messina,1996,Durum wheat,2525.0,4750.0,1.881188118811881,Messina,1.0,1,1,0,0,complete,False,False
Messina,1996,Grain maize,84.0,210.0,2.5,Messina,1.0,1,1,0,0,complete,False,False
Messina,1996,Soft wheat,230.0,368.0,1.6,Messina,1.0,1,1,0,0,complete,False,False
Messina,1997,Durum wheat,2200.0,4620.0,2.1,Messina,1.0,1,1,0,0,complete,False,False
Messina,1997,Grain maize,120.0,420.0,3.5,Messina,1.0,1,1,0,0,complete,True,False
Messina,1997,Soft wheat,200.0,460.0,2.3,Messina,1.0,1,1,0,0,complete,False,False
Messina,1998,Durum wheat,2200.0,4620.0,2.1,Messina,1.0,1,1,0,0,complete,False,False
Messina,1998,Grain maize,150.0,312.0,2.08,Messina,1.0,1,1,0,0,complete,True,False
Messina,1998,Soft wheat,200.0,480.0,2.4,Messina,1.0,1,1,0,0,complete,False,False
Messina,1999,Durum wheat,1800.0,4320.0,2.4,Messina,1.0,1,1,0,0,complete,False,False
Messina,1999,Grain maize,120.0,312.0,2.6,Messina,1.0,1,1,0,0,complete,False,False
Messina,1999,Soft wheat,170.0,374.0,2.2,Messina,1.0,1,1,0,0,complete,False,False
Messina,2000,Durum wheat,1650.0,3630.0,2.2,Messina,1.0,1,1,0,0,complete,False,False
Messina,2000,Grain maize,120.0,300.0,2.5,Messina,1.0,1,1,0,0,complete,False,False
Messina,2000,Soft wheat,130.0,260.0,2.0,Messina,1.0,1,1,0,0,complete,False,False
Messina,2001,Durum wheat,1800.0,4500.0,2.5,Messina,1.0,1,1,0,0,complete,False,False
Messina,2001,Grain maize,100.0,250.0,2.5,Messina,1.0,1,1,0,0,complete,False,False
Messina,2001,Soft wheat,100.0,220.0,2.2,Messina,1.0,1,1,0,0,complete,False,False
Messina,2002,Durum wheat,1780.0,4456.0,2.5033707865168537,Messina,1.0,1,1,0,0,complete,False,False
Messina,2002,Grain maize,100.0,250.0,2.5,Messina,1.0,1,1,0,0,complete,False,False
Messina,2002,Soft wheat,110.0,230.0,2.090909090909091,Messina,1.0,1,1,0,0,complete,False,False
Messina,2003,Durum wheat,1800.0,3860.0,2.1444444444444444,Messina,1.0,1,1,0,0,complete,False,False
Messina,2003,Grain maize,100.0,250.0,2.5,Messina,1.0,1,1,0,0,complete,False,False
Messina,2003,Soft wheat,100.0,200.0,2.0,Messina,1.0,1,1,0,0,complete,False,False
Messina,2004,Durum wheat,1800.0,3860.0,2.1444444444444444,Messina,1.0,1,1,0,0,complete,False,False
Messina,2004,Grain maize,100.0,250.0,2.5,Messina,1.0,1,1,0,0,complete,False,False
Messina,2004,Soft wheat,100.0,200.0,2.0,Messina,1.0,1,1,0,0,complete,False,False
Messina,2005,Durum wheat,1500.0,1800.0,1.2,Messina,1.0,1,1,0,0,complete,False,False
Messina,2005,Grain maize,200.0,500.0,2.5,Messina,1.0,1,1,0,0,complete,False,False
Messina,2005,Soft wheat,150.0,300.0,2.0,Messina,1.0,1,1,0,0,complete,False,False
Messina,2006,Durum wheat,1400.0,2268.0,1.62,Messina,1.0,1,1,0,0,complete,False,False
Messina,2006,Grain maize,200.0,500.0,2.5,Messina,1.0,1,1,0,0,complete,False,False
Messina,2006,Soft wheat,100.0,180.0,1.8,Messina,1.0,1,1,0,0,complete,False,False
Messina,2007,Durum wheat,1400.0,2268.0,1.62,Messina,1.0,1,1,0,0,complete,False,False
Messina,2007,Grain maize,80.0,200.0,2.5,Messina,1.0,1,1,0,0,complete,False,False
Messina,2007,Soft wheat,100.0,180.0,1.8,Messina,1.0,1,1,0,0,complete,False,False
Messina,2008,Durum wheat,1400.0,2268.0,1.62,Messina,1.0,1,1,0,0,complete,False,False
Messina,2008,Grain maize,140.0,350.0,2.5,Messina,1.0,1,1,0,0,complete,False,False
Messina,2008,Soft wheat,100.0,180.0,1.8,Messina,1.0,1,1,0,0,complete,False,False
Messina,2009,Durum wheat,988.0,1529.5,1.5480769230769231,Messina,1.0,1,1,0,0,complete,False,False
Messina,2009,Grain maize,86.0,159.0,1.8488372093023255,Messina,1.0,1,1,0,0,complete,False,False
Messina,2009,Soft wheat,105.0,178.5,1.7,Messina,1.0,1,1,0,0,complete,False,False
Messina,2010,Durum wheat,1400.0,2169.0,1.5492857142857144,Messina,1.0,1,1,0,0,complete,False,False
Messina,2010,Grain maize,130.0,240.0,1.8461538461538463,Messina,1.0,1,1,0,0,complete,False,False
Messina,2010,Soft wheat,100.0,170.0,1.7,Messina,1.0,1,1,0,0,complete,False,False
Messina,2011,Durum wheat,1400.0,2169.0,1.5492857142857144,Messina,1.0,1,1,0,0,complete,False,False
Messina,2011,Grain maize,130.0,240.0,1.8461538461538463,Messina,1.0,1,1,0,0,complete,False,False
Messina,2011,Soft wheat,100.0,170.0,1.7,Messina,1.0,1,1,0,0,complete,False,False
Messina,2012,Durum wheat,1400.0,2169.0,1.5492857142857144,Messina,1.0,1,1,0,0,complete,True,False
Messina,2012,Grain maize,130.0,240.0,1.8461538461538463,Messina,1.0,1,1,0,0,complete,True,False
Messina,2012,Soft wheat,100.0,170.0,1.7,Messina,1.0,1,1,0,0,complete,True,False
Messina,2013,Durum wheat,1400.0,1890.0,1.35,Messina,1.0,1,1,0,0,complete,True,False
Messina,2013,Grain maize,130.0,240.0,1.8461538461538463,Messina,1.0,1,1,0,0,complete,True,False
Messina,2013,Soft wheat,100.0,162.0,1.62,Messina,1.0,1,1,0,0,complete,True,False
Messina,2014,Durum wheat,1500.0,2250.0,1.5,Messina,1.0,1,1,0,0,complete,False,False
Messina,2014,Grain maize,150.0,900.0,6.0,Messina,1.0,1,1,0,0,complete,False,False
Messina,2014,Soft wheat,150.0,225.0,1.5,Messina,1.0,1,1,0,0,complete,False,False
Messina,2015,Durum wheat,1500.0,2700.0,1.8,Messina,1.0,1,1,0,0,complete,False,False
Messina,2015,Grain maize,150.0,1100.0,7.333333333333333,Messina,1.0,1,1,0,0,complete,False,False
Messina,2015,Soft wheat,150.0,300.0,2.0,Messina,1.0,1,1,0,0,complete,False,False
Messina,2016,Durum wheat,1500.0,3100.0,2.066666666666667,Messina,1.0,1,1,0,0,complete,False,False
Messina,2016,Grain maize,150.0,1100.0,7.333333333333333,Messina,1.0,1,1,0,0,complete,False,False
Messina,2016,Soft wheat,150.0,300.0,2.0,Messina,1.0,1,1,0,0,complete,False,False
Messina,2017,Durum wheat,1500.0,3200.0,2.1333333333333333,Messina,1.0,1,1,0,0,complete,False,False
Messina,2017,Grain maize,150.0,1100.0,7.333333333333333,Messina,1.0,1,1,0,0,complete,False,False
Messina,2017,Soft wheat,150.0,320.0,2.1333333333333333,Messina,1.0,1,1,0,0,complete,False,False
Messina,2018,Durum wheat,1500.0,3200.0,2.1333333333333333,Messina,1.0,1,1,0,0,complete,False,False
Messina,2018,Grain maize,150.0,1100.0,7.333333333333333,Messina,1.0,1,1,0,0,complete,False,False
Messina,2018,Soft wheat,150.0,320.0,2.1333333333333333,Messina,1.0,1,1,0,0,complete,False,False
Messina,2019,Durum wheat,1500.0,3400.0,2.2666666666666666,Messina,1.0,1,1,0,0,complete,False,False
Messina,2019,Grain maize,160.0,1100.0,6.875,Messina,1.0,1,1,0,0,complete,False,False
Messina,2019,Soft wheat,140.0,320.0,2.2857142857142856,Messina,1.0,1,1,0,0,complete,False,False
Messina,2020,Durum wheat,1500.0,3500.0,2.3333333333333335,Messina,1.0,1,1,0,0,complete,False,False
Messina,2020,Grain maize,160.0,1050.0,6.5625,Messina,1.0,1,1,0,0,complete,False,False
Messina,2020,Soft wheat,140.0,340.0,2.4285714285714284,Messina,1.0,1,1,0,0,complete,False,False
Messina,2021,Durum wheat,1200.0,3600.0,3.0,Messina,1.0,1,1,0,0,complete,False,False
Messina,2021,Grain maize,160.0,1050.0,6.5625,Messina,1.0,1,1,0,0,complete,False,False
Messina,2021,Soft wheat,110.0,330.0,3.0,Messina,1.0,1,1,0,0,complete,False,False
Messina,2022,Durum wheat,1200.0,3600.0,3.0,Messina,1.0,1,1,0,0,complete,False,False
Messina,2022,Grain maize,160.0,1050.0,6.5625,Messina,1.0,1,1,0,0,complete,False,False
Messina,2022,Soft wheat,110.0,330.0,3.0,Messina,1.0,1,1,0,0,complete,False,False
Milano,1995,Grain maize,33055.21,301828.54,9.131042882498704,MILANO_MONZA,1.0,1,1,0,0,complete,False,True
Milano,1995,Soft wheat,5627.15,26117.37,4.64131398665399,MILANO_MONZA,1.0,1,1,0,0,complete,False,True
Milano,1996,Durum wheat,85.26,419.48,4.9200093830635705,MILANO_MONZA,1.0,1,1,0,0,complete,False,True
Milano,1996,Grain maize,36917.48,365873.12,9.910565943287569,MILANO_MONZA,1.0,1,1,0,0,complete,False,True
Milano,1996,Soft wheat,4348.25,22725.4,5.226332432587823,MILANO_MONZA,1.0,1,1,0,0,complete,False,True
Milano,1997,Durum wheat,85.26,528.61,6.199976542341074,MILANO_MONZA,1.0,1,1,0,0,complete,False,True
Milano,1997,Grain maize,20931.27,192557.06,9.19949243404724,MILANO_MONZA,1.0,1,1,0,0,complete,True,True
Milano,1997,Soft wheat,2182.65,6295.58,2.884374498888965,MILANO_MONZA,1.0,1,1,0,0,complete,False,True
Milano,1998,Durum wheat,68.21,426.3,6.249816742413136,MILANO_MONZA,1.0,1,1,0,0,complete,False,True
Milano,1998,Grain maize,19908.16,227204.5,11.412631805249706,MILANO_MONZA,1.0,1,1,0,0,complete,True,True
Milano,1998,Soft wheat,1888.5,10173.62,5.387143235371989,MILANO_MONZA,1.0,1,1,0,0,complete,False,True
Milano,1999,Grain maize,21997.02,227204.5,10.328876365980483,MILANO_MONZA,1.0,1,1,0,0,complete,False,True
Milano,1999,Soft wheat,2246.6,12410.41,5.524085284429805,MILANO_MONZA,1.0,1,1,0,0,complete,False,True
Milano,2000,Grain maize,22934.88,233419.94,10.177508668020064,MILANO_MONZA,1.0,1,1,0,0,complete,False,True
Milano,2000,Soft wheat,2660.11,13723.84,5.159124998590284,MILANO_MONZA,1.0,1,1,0,0,complete,False,True
Milano,2001,Grain maize,25364.78,233081.03,9.18916032388217,MILANO_MONZA,1.0,1,1,0,0,complete,False,True
Milano,2001,Soft wheat,2365.96,11132.79,4.705400767553129,MILANO_MONZA,1.0,1,1,0,0,complete,False,True
Milano,2002,Grain maize,23830.11,281137.7,11.797582973809185,MILANO_MONZA,1.0,1,1,0,0,complete,False,True
Milano,2002,Soft wheat,5797.66,32016.15,5.522253805845807,MILANO_MONZA,1.0,1,1,0,0,complete,False,True
Milano,2003,Durum wheat,937.86,4519.62,4.819077474249887,MILANO_MONZA,1.0,1,1,0,0,complete,False,True
Milano,2003,Grain maize,24085.89,208577.37,8.65973273148719,MILANO_MONZA,1.0,1,1,0,0,complete,False,True
Milano,2003,Soft wheat,5158.22,25185.74,4.8826416864732405,MILANO_MONZA,1.0,1,1,0,0,complete,False,True
Milano,2004,Durum wheat,23.87,136.08,5.700879765395895,MILANO_MONZA,1.0,1,1,0,0,complete,False,True
Milano,2004,Grain maize,23958.0,250111.67,10.439588863845064,MILANO_MONZA,1.0,1,1,0,0,complete,False,True
Milano,2004,Soft wheat,5797.66,33206.55,5.727578022857498,MILANO_MONZA,1.0,1,1,0,0,complete,False,True
Milano,2005,Durum wheat,8.53,48.6,5.697538100820633,MILANO_MONZA,1.0,1,1,0,0,complete,False,True
Milano,2005,Grain maize,22167.54,231544.22,10.445192384901526,MILANO_MONZA,1.0,1,1,0,0,complete,False,True
Milano,2005,Soft wheat,6172.81,35680.36,5.780245949575638,MILANO_MONZA,1.0,1,1,0,0,complete,False,True
Milano,2006,Durum wheat,65.65,393.9,5.999999999999999,MILANO_MONZA,1.0,1,1,0,0,complete,False,True
Milano,2006,Grain maize,20053.1,183335.79,9.142516119702192,MILANO_MONZA,1.0,1,1,0,0,complete,False,True
Milano,2006,Soft wheat,6756.84,40517.57,5.9965264827937315,MILANO_MONZA,1.0,1,1,0,0,complete,False,True
Milano,2007,Durum wheat,413.51,2233.04,5.4002079756233226,MILANO_MONZA,1.0,1,1,0,0,complete,False,True
Milano,2007,Grain maize,16958.17,178647.78,10.53461428915974,MILANO_MONZA,1.0,1,1,0,0,complete,False,True
Milano,2007,Soft wheat,8513.19,45158.69,5.3045556366062545,MILANO_MONZA,1.0,1,1,0,0,complete,False,True
Milano,2008,Durum wheat,641.15,3410.22,5.318911331201747,MILANO_MONZA,1.0,1,1,0,0,complete,False,True
Milano,2008,Grain maize,19098.19,200530.98,10.499999214585257,MILANO_MONZA,1.0,1,1,0,0,complete,False,True
Milano,2008,Soft wheat,9890.13,55917.62,5.653881192663798,MILANO_MONZA,1.0,1,1,0,0,complete,False,True
Milano,2009,Durum wheat,261.75,1253.75,4.789875835721108,MILANO_MONZA,1.0,1,1,0,0,complete,False,True
Milano,2009,Grain maize,18586.63,186430.72,10.030366989604893,MILANO_MONZA,1.0,1,1,0,0,complete,False,True
Milano,2009,Soft wheat,7591.53,38868.65,5.120002160302337,MILANO_MONZA,1.0,1,1,0,0,complete,False,True
Milano,2010,Durum wheat,294.0,1584.7,5.3901360544217685,MILANO_MONZA,1.0,1,1,0,0,complete,False,False
Milano,2010,Grain maize,16700.0,177975.0,10.657185628742514,MILANO_MONZA,1.0,1,1,0,0,complete,False,False
Milano,2010,Soft wheat,5420.0,31601.8,5.830590405904059,MILANO_MONZA,1.0,1,1,0,0,complete,False,False
Milano,2011,Durum wheat,5.0,23.5,4.7,MILANO_MONZA,1.0,1,1,0,0,complete,False,False
Milano,2011,Grain maize,18450.0,216305.0,11.723848238482384,MILANO_MONZA,1.0,1,1,0,0,complete,False,False
Milano,2011,Soft wheat,4850.0,23473.0,4.83979381443299,MILANO_MONZA,1.0,1,1,0,0,complete,False,False
Milano,2012,Durum wheat,17.0,96.2,5.658823529411765,MILANO_MONZA,1.0,1,1,0,0,complete,False,False
Milano,2012,Grain maize,19390.0,211791.1,10.922697266632285,MILANO_MONZA,1.0,1,1,0,0,complete,False,False
Milano,2012,Soft wheat,5020.0,29221.2,5.820956175298805,MILANO_MONZA,1.0,1,1,0,0,complete,False,False
Milano,2013,Durum wheat,34.0,169.3,4.979411764705882,MILANO_MONZA,1.0,1,1,0,0,complete,True,False
Milano,2013,Grain maize,18570.0,167358.2,9.012288637587508,MILANO_MONZA,1.0,1,1,0,0,complete,False,False
Milano,2013,Soft wheat,5360.0,28687.2,5.352089552238806,MILANO_MONZA,1.0,1,1,0,0,complete,True,False
Milano,2014,Durum wheat,16.0,88.8,5.55,MILANO_MONZA,1.0,1,1,0,0,complete,False,False
Milano,2014,Grain maize,18950.0,231207.5,12.200923482849603,MILANO_MONZA,1.0,1,1,0,0,complete,False,False
Milano,2014,Soft wheat,4670.0,28261.2,6.051648822269807,MILANO_MONZA,1.0,1,1,0,0,complete,False,False
Milano,2015,Durum wheat,22.0,104.6,4.754545454545454,MILANO_MONZA,1.0,1,1,0,0,complete,False,False
Milano,2015,Grain maize,15920.0,174098.0,10.935804020100502,MILANO_MONZA,1.0,1,1,0,0,complete,False,False
Milano,2015,Soft wheat,4390.0,22866.2,5.2087015945330295,MILANO_MONZA,1.0,1,1,0,0,complete,False,False
Milano,2016,Durum wheat,72.0,350.5,4.868055555555555,MILANO_MONZA,1.0,1,1,0,0,complete,False,False
Milano,2016,Grain maize,14100.0,155153.9,11.00382269503546,MILANO_MONZA,1.0,1,1,0,0,complete,False,False
Milano,2016,Soft wheat,4642.0,24866.7,5.356893580353296,MILANO_MONZA,1.0,1,1,0,0,complete,False,False
Milano,2017,Durum wheat,105.0,514.2,4.897142857142858,MILANO_MONZA,1.0,1,1,0,0,complete,False,False
Milano,2017,Grain maize,14327.0,138689.8,9.680309904376351,MILANO_MONZA,1.0,1,1,0,0,complete,False,False
Milano,2017,Soft wheat,4043.0,22350.4,5.528172149394015,MILANO_MONZA,1.0,1,1,0,0,complete,False,False
Milano,2018,Durum wheat,202.92,975.2,4.805834811748473,MILANO_MONZA,1.0,1,1,0,0,complete,False,False
Milano,2018,Grain maize,13900.0,162158.9,11.666107913669064,MILANO_MONZA,1.0,1,1,0,0,complete,False,False
Milano,2018,Soft wheat,4290.0,24325.4,5.67025641025641,MILANO_MONZA,1.0,1,1,0,0,complete,False,False
Milano,2019,Durum wheat,75.0,384.7,5.129333333333333,MILANO_MONZA,1.0,1,1,0,0,complete,False,False
Milano,2019,Grain maize,14000.0,155065.3,11.076092857142857,MILANO_MONZA,1.0,1,1,0,0,complete,False,False
Milano,2019,Soft wheat,3750.0,21432.2,5.715253333333334,MILANO_MONZA,1.0,1,1,0,0,complete,False,False
Milano,2020,Durum wheat,75.0,397.3,5.2973333333333334,MILANO_MONZA,1.0,1,1,0,0,complete,False,False
Milano,2020,Grain maize,13750.0,165035.0,12.002545454545455,MILANO_MONZA,1.0,1,1,0,0,complete,False,False
Milano,2020,Soft wheat,3680.0,22085.1,6.001385869565217,MILANO_MONZA,1.0,1,1,0,0,complete,False,False
Milano,2021,Durum wheat,105.0,598.5,5.7,MILANO_MONZA,1.0,1,1,0,0,complete,False,False
Milano,2021,Grain maize,13400.0,154645.0,11.540671641791045,MILANO_MONZA,1.0,1,1,0,0,complete,False,False
Milano,2021,Soft wheat,3890.0,24921.0,6.406426735218509,MILANO_MONZA,1.0,1,1,0,0,complete,False,False
Milano,2022,Durum wheat,123.0,651.9,5.3,MILANO_MONZA,1.0,1,1,0,0,complete,False,False
Milano,2022,Grain maize,13000.0,119600.0,9.2,MILANO_MONZA,1.0,1,1,0,0,complete,False,False
Milano,2022,Soft wheat,4000.0,24000.0,6.0,MILANO_MONZA,1.0,1,1,0,0,complete,False,False
Modena,1995,Durum wheat,5000.0,30000.0,6.0,Modena,1.0,1,1,0,0,complete,False,False
Modena,1995,Grain maize,9720.0,98240.0,10.106995884773662,Modena,1.0,1,1,0,0,complete,False,False
Modena,1995,Soft wheat,25000.0,129805.0,5.1922,Modena,1.0,1,1,0,0,complete,False,False
Modena,1996,Durum wheat,1000.0,4761.9,4.7619,Modena,1.0,1,1,0,0,complete,False,False
Modena,1996,Grain maize,11500.0,125752.5,10.935,Modena,1.0,1,1,0,0,complete,False,False
Modena,1996,Soft wheat,26000.0,143265.0,5.510192307692308,Modena,1.0,1,1,0,0,complete,False,False
Modena,1997,Durum wheat,960.0,4708.5,4.9046875,Modena,1.0,1,1,0,0,complete,False,False
Modena,1997,Grain maize,11631.0,123060.0,10.580345628062934,Modena,1.0,1,1,0,0,complete,True,False
Modena,1997,Soft wheat,24000.0,131084.5,5.461854166666667,Modena,1.0,1,1,0,0,complete,False,False
Modena,1998,Durum wheat,1041.0,5603.5,5.382804995196926,Modena,1.0,1,1,0,0,complete,False,False
Modena,1998,Grain maize,12390.0,149999.0,12.106456820016142,Modena,1.0,1,1,0,0,complete,True,False
Modena,1998,Soft wheat,24850.0,157150.0,6.323943661971831,Modena,1.0,1,1,0,0,complete,False,False
Modena,1999,Durum wheat,806.0,4303.8,5.3397022332506205,Modena,1.0,1,1,0,0,complete,False,False
Modena,1999,Grain maize,13757.0,149999.0,10.903467325725085,Modena,1.0,1,1,0,0,complete,False,False
Modena,1999,Soft wheat,25640.0,142380.0,5.553042121684867,Modena,1.0,1,1,0,0,complete,False,False
Modena,2000,Durum wheat,750.0,4050.0,5.4,Modena,1.0,1,1,0,0,complete,False,False
Modena,2000,Grain maize,15700.0,172700.0,11.0,Modena,1.0,1,1,0,0,complete,False,False
Modena,2000,Soft wheat,24450.0,136934.0,5.600572597137014,Modena,1.0,1,1,0,0,complete,False,False
Modena,2001,Durum wheat,800.0,4000.0,5.0,Modena,1.0,1,1,0,0,complete,False,False
Modena,2001,Grain maize,18200.0,182000.0,10.0,Modena,1.0,1,1,0,0,complete,False,False
Modena,2001,Soft wheat,25600.0,132190.0,5.163671875,Modena,1.0,1,1,0,0,complete,False,False
Modena,2002,Durum wheat,850.0,4675.0,5.5,Modena,1.0,1,1,0,0,complete,False,False
Modena,2002,Grain maize,21715.0,206292.5,9.5,Modena,1.0,1,1,0,0,complete,False,False
Modena,2002,Soft wheat,28500.0,162770.0,5.711228070175439,Modena,1.0,1,1,0,0,complete,False,False
Modena,2003,Durum wheat,700.0,3850.0,5.5,Modena,1.0,1,1,0,0,complete,False,False
Modena,2003,Grain maize,22500.0,180000.0,8.0,Modena,1.0,1,1,0,0,complete,False,False
Modena,2003,Soft wheat,19330.0,111365.0,5.761251939989654,Modena,1.0,1,1,0,0,complete,False,False
Modena,2004,Durum wheat,800.0,4560.0,5.7,Modena,1.0,1,1,0,0,complete,False,False
Modena,2004,Grain maize,25200.0,277200.0,11.0,Modena,1.0,1,1,0,0,complete,False,False
Modena,2004,Soft wheat,19950.0,119040.0,5.966917293233083,Modena,1.0,1,1,0,0,complete,False,False
Modena,2005,Durum wheat,700.0,4280.0,6.114285714285714,Modena,1.0,1,1,0,0,complete,False,False
Modena,2005,Grain maize,20600.0,185400.0,9.0,Modena,1.0,1,1,0,0,complete,False,False
Modena,2005,Soft wheat,20400.0,144915.0,7.103676470588235,Modena,1.0,1,1,0,0,complete,False,False
Modena,2006,Durum wheat,750.0,4878.0,6.504,Modena,1.0,1,1,0,0,complete,False,False
Modena,2006,Grain maize,17600.0,149600.0,8.5,Modena,1.0,1,1,0,0,complete,False,False
Modena,2006,Soft wheat,20850.0,156475.0,7.504796163069544,Modena,1.0,1,1,0,0,complete,False,False
Modena,2007,Durum wheat,1890.0,9450.0,5.0,Modena,1.0,1,1,0,0,complete,False,False
Modena,2007,Grain maize,15840.0,150480.0,9.5,Modena,1.0,1,1,0,0,complete,False,False
Modena,2007,Soft wheat,22800.0,118560.0,5.2,Modena,1.0,1,1,0,0,complete,False,False
Modena,2008,Durum wheat,4525.0,22625.0,5.0,Modena,1.0,1,1,0,0,complete,False,False
Modena,2008,Grain maize,14390.0,143900.0,10.0,Modena,1.0,1,1,0,0,complete,False,False
Modena,2008,Soft wheat,20400.0,130227.5,6.383700980392157,Modena,1.0,1,1,0,0,complete,False,False
Modena,2009,Durum wheat,2430.0,12879.0,5.3,Modena,1.0,1,1,0,0,complete,False,False
Modena,2009,Grain maize,13900.0,132050.0,9.5,Modena,1.0,1,1,0,0,complete,False,False
Modena,2009,Soft wheat,19650.0,108075.0,5.5,Modena,1.0,1,1,0,0,complete,False,False
Modena,2010,Durum wheat,2642.0,15323.6,5.8,Modena,1.0,1,1,0,0,complete,False,False
Modena,2010,Grain maize,13240.0,132400.0,10.0,Modena,1.0,1,1,0,0,complete,False,False
Modena,2010,Soft wheat,21134.0,137371.0,6.5,Modena,1.0,1,1,0,0,complete,False,False
Modena,2011,Durum wheat,1145.0,8015.0,7.0,Modena,1.0,1,1,0,0,complete,False,False
Modena,2011,Grain maize,14900.0,163900.0,11.0,Modena,1.0,1,1,0,0,complete,False,False
Modena,2011,Soft wheat,18870.0,141525.0,7.5,Modena,1.0,1,1,0,0,complete,False,False
Modena,2012,Durum wheat,1295.0,9065.0,7.0,Modena,1.0,1,1,0,0,complete,False,False
Modena,2012,Grain maize,14800.0,111000.0,7.5,Modena,1.0,1,1,0,0,complete,False,False
Modena,2012,Soft wheat,20150.0,151125.0,7.5,Modena,1.0,1,1,0,0,complete,False,False
Modena,2013,Durum wheat,895.0,5370.0,6.0,Modena,1.0,1,1,0,0,complete,False,False
Modena,2013,Grain maize,12650.0,113850.0,9.0,Modena,1.0,1,1,0,0,complete,False,False
Modena,2013,Soft wheat,21480.0,150360.0,7.0,Modena,1.0,1,1,0,0,complete,True,False
Modena,2014,Durum wheat,980.0,6762.0,6.9,Modena,1.0,1,1,0,0,complete,False,False
Modena,2014,Grain maize,9415.0,94150.0,10.0,Modena,1.0,1,1,0,0,complete,False,False
Modena,2014,Soft wheat,19850.0,129025.0,6.5,Modena,1.0,1,1,0,0,complete,False,False
Modena,2015,Durum wheat,2350.0,15980.0,6.8,Modena,1.0,1,1,0,0,complete,False,False
Modena,2015,Grain maize,8520.0,76680.0,9.0,Modena,1.0,1,1,0,0,complete,False,False
Modena,2015,Soft wheat,19000.0,121600.0,6.4,Modena,1.0,1,1,0,0,complete,False,False
Modena,2016,Durum wheat,3460.0,22490.0,6.5,Modena,1.0,1,1,0,0,complete,False,False
Modena,2016,Grain maize,6795.0,74745.0,11.0,Modena,1.0,1,1,0,0,complete,False,False
Modena,2016,Soft wheat,19100.0,133700.0,7.0,Modena,1.0,1,1,0,0,complete,False,False
Modena,2017,Durum wheat,2150.0,15050.0,7.0,Modena,1.0,1,1,0,0,complete,False,False
Modena,2017,Grain maize,6175.0,58662.5,9.5,Modena,1.0,1,1,0,0,complete,False,False
Modena,2017,Soft wheat,16850.0,126375.0,7.5,Modena,1.0,1,1,0,0,complete,False,False
Modena,2018,Durum wheat,2240.0,13440.0,6.0,Modena,1.0,1,1,0,0,complete,False,False
Modena,2018,Grain maize,4910.0,54010.0,11.0,Modena,1.0,1,1,0,0,complete,False,False
Modena,2018,Soft wheat,19685.0,127952.5,6.5,Modena,1.0,1,1,0,0,complete,False,False
Modena,2019,Durum wheat,1325.0,7950.0,6.0,Modena,1.0,1,1,0,0,complete,False,False
Modena,2019,Grain maize,5006.0,47557.0,9.5,Modena,1.0,1,1,0,0,complete,False,False
Modena,2019,Soft wheat,20218.0,125351.6,6.2,Modena,1.0,1,1,0,0,complete,False,False
Modena,2020,Durum wheat,983.0,5799.7,5.8999999999999995,Modena,1.0,1,1,0,0,complete,False,False
Modena,2020,Grain maize,5130.0,52326.0,10.2,Modena,1.0,1,1,0,0,complete,False,False
Modena,2020,Soft wheat,18735.0,114283.5,6.1,Modena,1.0,1,1,0,0,complete,False,False
Modena,2021,Durum wheat,1375.0,9625.0,7.0,Modena,1.0,1,1,0,0,complete,False,False
Modena,2021,Grain maize,5265.0,47385.0,9.0,Modena,1.0,1,1,0,0,complete,False,False
Modena,2021,Soft wheat,20100.0,150750.0,7.5,Modena,1.0,1,1,0,0,complete,False,False
Modena,2022,Durum wheat,2263.0,14256.9,6.3,Modena,1.0,1,1,0,0,complete,False,False
Modena,2022,Grain maize,5264.0,44744.0,8.5,Modena,1.0,1,1,0,0,complete,False,False
Modena,2022,Soft wheat,19932.0,135537.6,6.800000000000001,Modena,1.0,1,1,0,0,complete,False,False
Monza e della Brianza,1995,Grain maize,5714.79,52181.96,9.131037185968339,MILANO_MONZA,1.0,1,1,0,0,complete,False,True
Monza e della Brianza,1995,Soft wheat,972.86,4515.33,4.641294739222499,MILANO_MONZA,1.0,1,1,0,0,complete,False,True
Monza e della Brianza,1996,Durum wheat,14.74,72.52,4.919945725915875,MILANO_MONZA,1.0,1,1,0,0,complete,False,True
Monza e della Brianza,1996,Grain maize,6382.52,63254.38,9.910565105945613,MILANO_MONZA,1.0,1,1,0,0,complete,False,True
Monza e della Brianza,1996,Soft wheat,751.75,3928.91,5.226351845693382,MILANO_MONZA,1.0,1,1,0,0,complete,False,True
Monza e della Brianza,1997,Durum wheat,14.74,91.39,6.200135685210312,MILANO_MONZA,1.0,1,1,0,0,complete,False,True
Monza e della Brianza,1997,Grain maize,3618.73,33290.44,9.199481586081305,MILANO_MONZA,1.0,1,1,0,0,complete,True,True
Monza e della Brianza,1997,Soft wheat,377.35,1088.42,2.8843778985027164,MILANO_MONZA,1.0,1,1,0,0,complete,False,True
Monza e della Brianza,1998,Durum wheat,11.79,73.7,6.25106022052587,MILANO_MONZA,1.0,1,1,0,0,complete,False,True
Monza e della Brianza,1998,Grain maize,3441.84,39280.5,11.412645561676312,MILANO_MONZA,1.0,1,1,0,0,complete,True,True
Monza e della Brianza,1998,Soft wheat,326.5,1758.88,5.38707503828484,MILANO_MONZA,1.0,1,1,0,0,complete,False,True
Monza e della Brianza,1999,Grain maize,3802.98,39280.5,10.328873672751369,MILANO_MONZA,1.0,1,1,0,0,complete,False,True
Monza e della Brianza,1999,Soft wheat,388.41,2145.59,5.5240338817229215,MILANO_MONZA,1.0,1,1,0,0,complete,False,True
Monza e della Brianza,2000,Grain maize,3965.12,40355.06,10.177512912597853,MILANO_MONZA,1.0,1,1,0,0,complete,False,True
Monza e della Brianza,2000,Soft wheat,459.9,2372.66,5.159078060447923,MILANO_MONZA,1.0,1,1,0,0,complete,False,True
Monza e della Brianza,2001,Grain maize,4385.22,40296.47,9.189155846228923,MILANO_MONZA,1.0,1,1,0,0,complete,False,True
Monza e della Brianza,2001,Soft wheat,409.04,1924.71,4.705432231566594,MILANO_MONZA,1.0,1,1,0,0,complete,False,True
Monza e della Brianza,2002,Grain maize,4119.89,48604.8,11.79759653777164,MILANO_MONZA,1.0,1,1,0,0,complete,False,True
Monza e della Brianza,2002,Soft wheat,1002.34,5535.15,5.522227986511562,MILANO_MONZA,1.0,1,1,0,0,complete,False,True
Monza e della Brianza,2003,Durum wheat,162.14,781.38,4.819168619711361,MILANO_MONZA,1.0,1,1,0,0,complete,False,True
Monza e della Brianza,2003,Grain maize,4164.12,36060.13,8.659724023323054,MILANO_MONZA,1.0,1,1,0,0,complete,False,True
Monza e della Brianza,2003,Soft wheat,891.78,4354.26,4.882661643006123,MILANO_MONZA,1.0,1,1,0,0,complete,False,True
Monza e della Brianza,2004,Durum wheat,4.13,23.53,5.697336561743342,MILANO_MONZA,1.0,1,1,0,0,complete,False,True
Monza e della Brianza,2004,Grain maize,4142.01,43240.83,10.439576437526707,MILANO_MONZA,1.0,1,1,0,0,complete,False,True
Monza e della Brianza,2004,Soft wheat,1002.34,5740.95,5.7275475387593024,MILANO_MONZA,1.0,1,1,0,0,complete,False,True
Monza e della Brianza,2005,Durum wheat,1.47,8.4,5.714285714285714,MILANO_MONZA,1.0,1,1,0,0,complete,False,True
Monza e della Brianza,2005,Grain maize,3832.46,40030.78,10.445191861102268,MILANO_MONZA,1.0,1,1,0,0,complete,False,True
Monza e della Brianza,2005,Soft wheat,1067.19,6168.64,5.78026405794657,MILANO_MONZA,1.0,1,1,0,0,complete,False,True
Monza e della Brianza,2006,Durum wheat,11.35,68.1,6.0,MILANO_MONZA,1.0,1,1,0,0,complete,False,True
Monza e della Brianza,2006,Grain maize,3466.9,31696.21,9.142522137933023,MILANO_MONZA,1.0,1,1,0,0,complete,False,True
Monza e della Brianza,2006,Soft wheat,1168.16,7004.93,5.996550130119162,MILANO_MONZA,1.0,1,1,0,0,complete,False,True
Monza e della Brianza,2007,Durum wheat,71.49,386.06,5.4001958315848375,MILANO_MONZA,1.0,1,1,0,0,complete,False,True
Monza e della Brianza,2007,Grain maize,2931.83,30885.72,10.534621720904692,MILANO_MONZA,1.0,1,1,0,0,complete,False,True
Monza e della Brianza,2007,Soft wheat,1471.81,7807.31,5.304563768421196,MILANO_MONZA,1.0,1,1,0,0,complete,False,True
Monza e della Brianza,2008,Durum wheat,110.85,589.58,5.318718989625621,MILANO_MONZA,1.0,1,1,0,0,complete,False,True
Monza e della Brianza,2008,Grain maize,3301.81,34669.02,10.500004542962799,MILANO_MONZA,1.0,1,1,0,0,complete,False,True
Monza e della Brianza,2008,Soft wheat,1709.87,9667.38,5.653868422745589,MILANO_MONZA,1.0,1,1,0,0,complete,False,True
Monza e della Brianza,2009,Durum wheat,45.25,216.76,4.790276243093922,MILANO_MONZA,1.0,1,1,0,0,complete,False,True
Monza e della Brianza,2009,Grain maize,3213.37,32231.28,10.030366873407047,MILANO_MONZA,1.0,1,1,0,0,complete,False,True
Monza e della Brianza,2009,Soft wheat,1312.47,6719.85,5.120002742919838,MILANO_MONZA,1.0,1,1,0,0,complete,False,True
Monza e della Brianza,2010,Grain maize,2850.0,21595.0,7.577192982456141,MILANO_MONZA,1.0,1,1,0,0,complete,False,False
Monza e della Brianza,2010,Soft wheat,1370.0,7406.0,5.405839416058394,MILANO_MONZA,1.0,1,1,0,0,complete,False,False
Monza e della Brianza,2011,Grain maize,3410.0,24400.0,7.155425219941349,MILANO_MONZA,1.0,1,1,0,0,complete,False,False
Monza e della Brianza,2011,Soft wheat,1033.0,5227.5,5.060503388189739,MILANO_MONZA,1.0,1,1,0,0,complete,False,False
Monza e della Brianza,2012,Grain maize,3295.0,16926.0,5.136874051593323,MILANO_MONZA,1.0,1,1,0,0,complete,False,False
Monza e della Brianza,2012,Soft wheat,1360.0,7590.0,5.580882352941177,MILANO_MONZA,1.0,1,1,0,0,complete,False,False
Monza e della Brianza,2013,Grain maize,2800.0,13051.0,4.661071428571429,MILANO_MONZA,1.0,1,1,0,0,complete,False,False
Monza e della Brianza,2013,Soft wheat,1521.0,6215.8,4.086653517422748,MILANO_MONZA,1.0,1,1,0,0,complete,True,False
Monza e della Brianza,2014,Grain maize,2576.0,13081.0,5.078027950310559,MILANO_MONZA,1.0,1,1,0,0,complete,False,False
Monza e della Brianza,2014,Soft wheat,1215.0,6075.0,5.0,MILANO_MONZA,1.0,1,1,0,0,complete,False,False
Monza e della Brianza,2015,Durum wheat,2.0,8.0,4.0,MILANO_MONZA,1.0,1,1,0,0,complete,False,False
Monza e della Brianza,2015,Grain maize,2250.0,10382.4,4.6144,MILANO_MONZA,1.0,1,1,0,0,complete,False,False
Monza e della Brianza,2015,Soft wheat,894.0,4276.2,4.783221476510067,MILANO_MONZA,1.0,1,1,0,0,complete,False,False
Monza e della Brianza,2016,Durum wheat,1.0,4.0,4.0,MILANO_MONZA,1.0,1,1,0,0,complete,False,False
Monza e della Brianza,2016,Grain maize,1708.0,8628.0,5.051522248243559,MILANO_MONZA,1.0,1,1,0,0,complete,False,False
Monza e della Brianza,2016,Soft wheat,1357.0,6441.3,4.746720707442889,MILANO_MONZA,1.0,1,1,0,0,complete,False,False
Monza e della Brianza,2017,Grain maize,1860.0,8294.8,4.459569892473118,MILANO_MONZA,1.0,1,1,0,0,complete,False,False
Monza e della Brianza,2017,Soft wheat,1160.0,5871.0,5.061206896551724,MILANO_MONZA,1.0,1,1,0,0,complete,False,False
Monza e della Brianza,2018,Durum wheat,35.08,168.6,4.806157354618016,MILANO_MONZA,1.0,1,1,0,0,complete,False,False
Monza e della Brianza,2018,Grain maize,1840.0,10198.7,5.542771739130435,MILANO_MONZA,1.0,1,1,0,0,complete,False,False
Monza e della Brianza,2018,Soft wheat,1230.0,6117.0,4.9731707317073175,MILANO_MONZA,1.0,1,1,0,0,complete,False,False
Monza e della Brianza,2019,Durum wheat,6.0,27.0,4.5,MILANO_MONZA,1.0,1,1,0,0,complete,False,False
Monza e della Brianza,2019,Grain maize,2100.0,10611.9,5.053285714285714,MILANO_MONZA,1.0,1,1,0,0,complete,False,False
Monza e della Brianza,2019,Soft wheat,1130.0,5747.0,5.085840707964602,MILANO_MONZA,1.0,1,1,0,0,complete,False,False
Monza e della Brianza,2020,Durum wheat,2.0,9.0,4.5,MILANO_MONZA,1.0,1,1,0,0,complete,False,False
Monza e della Brianza,2020,Grain maize,2300.0,16100.0,7.0,MILANO_MONZA,1.0,1,1,0,0,complete,False,False
Monza e della Brianza,2020,Soft wheat,790.0,4108.0,5.2,MILANO_MONZA,1.0,1,1,0,0,complete,True,False
Monza e della Brianza,2021,Grain maize,2250.0,15300.0,6.8,MILANO_MONZA,1.0,1,1,0,0,complete,False,False
Monza e della Brianza,2021,Soft wheat,1090.0,6322.0,5.8,MILANO_MONZA,1.0,1,1,0,0,complete,False,False
Monza e della Brianza,2022,Grain maize,2070.0,10350.0,5.0,MILANO_MONZA,1.0,1,1,0,0,complete,False,False
Monza e della Brianza,2022,Soft wheat,1050.0,5460.0,5.2,MILANO_MONZA,1.0,1,1,0,0,complete,False,False
Napoli,1995,Durum wheat,135.0,550.0,4.074074074074074,Napoli,1.0,1,1,0,0,complete,False,False
Napoli,1995,Grain maize,3139.0,22417.0,7.1414463204842304,Napoli,1.0,1,1,0,0,complete,False,False
Napoli,1996,Durum wheat,120.0,585.5,4.879166666666666,Napoli,1.0,1,1,0,0,complete,False,False
Napoli,1996,Grain maize,3119.0,24782.0,7.9454953510740625,Napoli,1.0,1,1,0,0,complete,False,False
Napoli,1997,Durum wheat,85.0,422.5,4.970588235294118,Napoli,1.0,1,1,0,0,complete,False,False
Napoli,1997,Grain maize,2979.0,17348.5,5.823598522994294,Napoli,1.0,1,1,0,0,complete,True,False
Napoli,1997,Soft wheat,635.0,2295.5,3.61496062992126,Napoli,1.0,1,1,0,0,complete,False,False
Napoli,1998,Durum wheat,80.0,400.0,5.0,Napoli,1.0,1,1,0,0,complete,False,False
Napoli,1998,Grain maize,2177.0,7041.5,3.2344970142397793,Napoli,1.0,1,1,0,0,complete,True,False
Napoli,1999,Durum wheat,86.0,430.0,5.0,Napoli,1.0,1,1,0,0,complete,False,False
Napoli,1999,Grain maize,889.0,7041.5,7.920697412823397,Napoli,1.0,1,1,0,0,complete,False,False
Napoli,2000,Durum wheat,82.0,389.7,4.7524390243902435,Napoli,1.0,1,1,0,0,complete,False,False
Napoli,2000,Grain maize,1409.0,10534.0,7.476224272533712,Napoli,1.0,1,1,0,0,complete,False,False
Napoli,2001,Durum wheat,80.0,383.5,4.79375,Napoli,1.0,1,1,0,0,complete,False,False
Napoli,2001,Grain maize,1312.0,9750.0,7.4314024390243905,Napoli,1.0,1,1,0,0,complete,False,False
Napoli,2002,Durum wheat,59.0,274.0,4.6440677966101696,Napoli,1.0,1,1,0,0,complete,False,False
Napoli,2002,Grain maize,1302.0,9765.0,7.5,Napoli,1.0,1,1,0,0,complete,False,False
Napoli,2003,Durum wheat,66.0,306.0,4.636363636363637,Napoli,1.0,1,1,0,0,complete,False,False
Napoli,2003,Grain maize,1178.0,8750.0,7.427843803056027,Napoli,1.0,1,1,0,0,complete,False,False
Napoli,2004,Durum wheat,63.0,293.0,4.650793650793651,Napoli,1.0,1,1,0,0,complete,False,False
Napoli,2004,Grain maize,1188.0,8700.0,7.3232323232323235,Napoli,1.0,1,1,0,0,complete,False,False
Napoli,2005,Durum wheat,60.0,280.0,4.666666666666667,Napoli,1.0,1,1,0,0,complete,False,False
Napoli,2005,Grain maize,1163.0,8550.0,7.351676698194325,Napoli,1.0,1,1,0,0,complete,False,False
Napoli,2006,Durum wheat,71.0,344.0,4.845070422535211,Napoli,1.0,1,1,0,0,complete,False,False
Napoli,2006,Grain maize,1189.0,9436.4,7.936417157275021,Napoli,1.0,1,1,0,0,complete,False,False
Napoli,2007,Durum wheat,82.0,395.0,4.817073170731708,Napoli,1.0,1,1,0,0,complete,False,False
Napoli,2007,Grain maize,1210.0,8900.0,7.355371900826446,Napoli,1.0,1,1,0,0,complete,False,False
Napoli,2008,Durum wheat,83.0,401.0,4.831325301204819,Napoli,1.0,1,1,0,0,complete,False,False
Napoli,2008,Grain maize,1200.0,8915.0,7.429166666666666,Napoli,1.0,1,1,0,0,complete,False,False
Napoli,2009,Durum wheat,68.0,328.7,4.833823529411765,Napoli,1.0,1,1,0,0,complete,False,False
Napoli,2009,Grain maize,1163.0,8800.0,7.566638005159072,Napoli,1.0,1,1,0,0,complete,False,False
Napoli,2010,Durum wheat,74.0,353.0,4.77027027027027,Napoli,1.0,1,1,0,0,complete,False,False
Napoli,2010,Grain maize,1154.0,9179.5,7.954506065857886,Napoli,1.0,1,1,0,0,complete,False,False
Napoli,2011,Durum wheat,71.0,345.0,4.859154929577465,Napoli,1.0,1,1,0,0,complete,False,False
Napoli,2011,Grain maize,1132.0,8405.0,7.4249116607773855,Napoli,1.0,1,1,0,0,complete,False,False
Napoli,2012,Durum wheat,65.0,308.0,4.7384615384615385,Napoli,1.0,1,1,0,0,complete,True,False
Napoli,2012,Grain maize,990.0,7490.0,7.565656565656566,Napoli,1.0,1,1,0,0,complete,True,False
Napoli,2013,Durum wheat,56.0,262.0,4.678571428571429,Napoli,1.0,1,1,0,0,complete,True,False
Napoli,2013,Grain maize,942.0,7135.0,7.574309978768578,Napoli,1.0,1,1,0,0,complete,True,False
Napoli,2014,Durum wheat,59.0,274.0,4.6440677966101696,Napoli,1.0,1,1,0,0,complete,False,False
Napoli,2014,Grain maize,894.0,6580.0,7.360178970917226,Napoli,1.0,1,1,0,0,complete,False,False
Napoli,2015,Durum wheat,68.0,315.0,4.632352941176471,Napoli,1.0,1,1,0,0,complete,False,False
Napoli,2015,Grain maize,826.0,5970.0,7.227602905569007,Napoli,1.0,1,1,0,0,complete,False,False
Napoli,2016,Durum wheat,76.0,351.0,4.618421052631579,Napoli,1.0,1,1,0,0,complete,False,False
Napoli,2016,Grain maize,791.0,5875.0,7.427307206068268,Napoli,1.0,1,1,0,0,complete,False,False
Napoli,2017,Durum wheat,74.0,339.0,4.581081081081081,Napoli,1.0,1,1,0,0,complete,False,False
Napoli,2017,Grain maize,888.0,6730.0,7.578828828828829,Napoli,1.0,1,1,0,0,complete,False,False
Napoli,2018,Durum wheat,80.0,357.0,4.4625,Napoli,1.0,1,1,0,0,complete,False,False
Napoli,2018,Grain maize,804.0,6105.0,7.593283582089552,Napoli,1.0,1,1,0,0,complete,False,False
Napoli,2019,Durum wheat,78.0,338.0,4.333333333333333,Napoli,1.0,1,1,0,0,complete,False,False
Napoli,2019,Grain maize,777.0,5910.0,7.6061776061776065,Napoli,1.0,1,1,0,0,complete,False,False
Napoli,2020,Durum wheat,72.0,335.5,4.659722222222222,Napoli,1.0,1,1,0,0,complete,False,False
Napoli,2020,Grain maize,701.0,5265.0,7.510699001426533,Napoli,1.0,1,1,0,0,complete,False,False
Napoli,2021,Durum wheat,84.0,393.0,4.678571428571429,Napoli,1.0,1,1,0,0,complete,False,False
Napoli,2021,Grain maize,713.0,5420.0,7.6016830294530155,Napoli,1.0,1,1,0,0,complete,False,False
Napoli,2022,Durum wheat,87.0,417.5,4.7988505747126435,Napoli,1.0,1,1,0,0,complete,False,False
Napoli,2022,Grain maize,701.0,5325.0,7.596291012838802,Napoli,1.0,1,1,0,0,complete,False,False
Novara,1995,Grain maize,15000.0,120185.0,8.012333333333334,Novara,1.0,1,1,0,0,complete,False,False
Novara,1995,Soft wheat,1300.0,6176.3,4.751,Novara,1.0,1,1,0,0,complete,False,False
Novara,1996,Grain maize,15300.0,160800.0,10.509803921568627,Novara,1.0,1,1,0,0,complete,False,False
Novara,1996,Soft wheat,600.0,2640.0,4.4,Novara,1.0,1,1,0,0,complete,False,False
Novara,1997,Grain maize,15500.0,145954.0,9.416387096774194,Novara,1.0,1,1,0,0,complete,True,False
Novara,1998,Grain maize,14260.0,163850.0,11.490182328190743,Novara,1.0,1,1,0,0,complete,True,False
Novara,1998,Soft wheat,540.0,2519.0,4.6648148148148145,Novara,1.0,1,1,0,0,complete,False,False
Novara,1999,Grain maize,14600.0,163850.0,11.222602739726028,Novara,1.0,1,1,0,0,complete,False,False
Novara,1999,Soft wheat,400.0,1949.0,4.8725,Novara,1.0,1,1,0,0,complete,False,False
Novara,2000,Grain maize,15400.0,174325.0,11.319805194805195,Novara,1.0,1,1,0,0,complete,False,False
Novara,2000,Soft wheat,420.0,1990.0,4.738095238095238,Novara,1.0,1,1,0,0,complete,False,False
Novara,2001,Grain maize,15012.0,174000.0,11.590727418065548,Novara,1.0,1,1,0,0,complete,False,False
Novara,2001,Soft wheat,315.0,1450.0,4.603174603174603,Novara,1.0,1,1,0,0,complete,False,False
Novara,2002,Grain maize,15012.0,156681.0,10.43705035971223,Novara,1.0,1,1,0,0,complete,False,False
Novara,2002,Soft wheat,355.0,1522.5,4.288732394366197,Novara,1.0,1,1,0,0,complete,False,False
Novara,2003,Grain maize,16500.0,123000.0,7.454545454545454,Novara,1.0,1,1,0,0,complete,False,False
Novara,2003,Soft wheat,1150.0,3680.0,3.2,Novara,1.0,1,1,0,0,complete,False,False
Novara,2004,Grain maize,16500.0,133750.0,8.106060606060606,Novara,1.0,1,1,0,0,complete,False,False
Novara,2004,Soft wheat,1100.0,4195.0,3.8136363636363635,Novara,1.0,1,1,0,0,complete,False,False
Novara,2005,Grain maize,14500.0,126150.0,8.7,Novara,1.0,1,1,0,0,complete,False,False
Novara,2005,Soft wheat,1700.0,8500.0,5.0,Novara,1.0,1,1,0,0,complete,False,False
Novara,2006,Grain maize,15500.0,123725.0,7.982258064516129,Novara,1.0,1,1,0,0,complete,False,False
Novara,2006,Soft wheat,1658.0,8750.0,5.277442702050664,Novara,1.0,1,1,0,0,complete,False,False
Novara,2007,Durum wheat,7.0,34.4,4.914285714285714,Novara,1.0,1,1,0,0,complete,False,False
Novara,2007,Grain maize,11000.0,110000.0,10.0,Novara,1.0,1,1,0,0,complete,False,False
Novara,2007,Soft wheat,2820.0,14718.3,5.219255319148936,Novara,1.0,1,1,0,0,complete,False,False
Novara,2008,Durum wheat,17.0,85.8,5.047058823529412,Novara,1.0,1,1,0,0,complete,False,False
Novara,2008,Grain maize,12500.0,125000.0,10.0,Novara,1.0,1,1,0,0,complete,False,False
Novara,2008,Soft wheat,3500.0,14350.0,4.1,Novara,1.0,1,1,0,0,complete,False,False
Novara,2009,Grain maize,12161.0,70159.6,5.769229504152619,Novara,1.0,1,1,0,0,complete,False,False
Novara,2009,Soft wheat,2510.0,11546.0,4.6,Novara,1.0,1,1,0,0,complete,False,False
Novara,2010,Durum wheat,112.0,495.0,4.419642857142857,Novara,1.0,1,1,0,0,complete,False,False
Novara,2010,Grain maize,10115.0,72019.9,7.120108749382105,Novara,1.0,1,1,0,0,complete,False,False
Novara,2010,Soft wheat,1297.0,6800.0,5.242868157286045,Novara,1.0,1,1,0,0,complete,False,False
Novara,2011,Durum wheat,34.0,153.8,4.523529411764706,Novara,1.0,1,1,0,0,complete,False,False
Novara,2011,Grain maize,11263.0,89134.0,7.91387729734529,Novara,1.0,1,1,0,0,complete,False,False
Novara,2011,Soft wheat,2180.0,10243.8,4.698990825688073,Novara,1.0,1,1,0,0,complete,False,False
Novara,2012,Durum wheat,3.0,14.7,4.8999999999999995,Novara,1.0,1,1,0,0,complete,False,False
Novara,2012,Grain maize,13500.0,108000.0,8.0,Novara,1.0,1,1,0,0,complete,False,False
Novara,2012,Soft wheat,1300.0,5980.0,4.6,Novara,1.0,1,1,0,0,complete,False,False
Novara,2013,Durum wheat,15.0,73.5,4.9,Novara,1.0,1,1,0,0,complete,False,False
Novara,2013,Grain maize,13000.0,123500.0,9.5,Novara,1.0,1,1,0,0,complete,False,False
Novara,2013,Soft wheat,1100.0,5720.0,5.2,Novara,1.0,1,1,0,0,complete,False,False
Novara,2014,Durum wheat,2.0,10.4,5.2,Novara,1.0,1,1,0,0,complete,False,False
Novara,2014,Grain maize,10879.0,108790.0,10.0,Novara,1.0,1,1,0,0,complete,False,False
Novara,2014,Soft wheat,1294.0,6728.8,5.2,Novara,1.0,1,1,0,0,complete,False,False
Novara,2015,Durum wheat,3.0,15.0,5.0,Novara,1.0,1,1,0,0,complete,False,False
Novara,2015,Grain maize,9000.0,81000.0,9.0,Novara,1.0,1,1,0,0,complete,False,False
Novara,2015,Soft wheat,1300.0,6500.0,5.0,Novara,1.0,1,1,0,0,complete,False,False
Novara,2016,Durum wheat,1.0,5.0,5.0,Novara,1.0,1,1,0,0,complete,False,False
Novara,2016,Grain maize,9500.0,85500.0,9.0,Novara,1.0,1,1,0,0,complete,False,False
Novara,2016,Soft wheat,1463.0,7315.0,5.0,Novara,1.0,1,1,0,0,complete,False,False
Novara,2017,Durum wheat,5.0,27.0,5.4,Novara,1.0,1,1,0,0,complete,False,False
Novara,2017,Grain maize,8500.0,76500.0,9.0,Novara,1.0,1,1,0,0,complete,False,False
Novara,2017,Soft wheat,1450.0,8410.0,5.8,Novara,1.0,1,1,0,0,complete,False,False
Novara,2018,Durum wheat,8.0,44.0,5.5,Novara,1.0,1,1,0,0,complete,False,False
Novara,2018,Grain maize,8000.0,80000.0,10.0,Novara,1.0,1,1,0,0,complete,False,False
Novara,2018,Soft wheat,1500.0,8200.0,5.466666666666667,Novara,1.0,1,1,0,0,complete,False,False
Novara,2019,Durum wheat,3.0,16.6,5.533333333333334,Novara,1.0,1,1,0,0,complete,False,False
Novara,2019,Grain maize,7930.0,67800.0,8.549810844892813,Novara,1.0,1,1,0,0,complete,False,False
Novara,2019,Soft wheat,1599.0,9114.0,5.699812382739212,Novara,1.0,1,1,0,0,complete,False,False
Novara,2020,Durum wheat,3.0,12.0,4.0,Novara,1.0,1,1,0,0,complete,False,False
Novara,2020,Grain maize,7320.0,91500.0,12.5,Novara,1.0,1,1,0,0,complete,False,False
Novara,2020,Soft wheat,1211.0,6055.0,5.0,Novara,1.0,1,1,0,0,complete,False,False
Novara,2021,Durum wheat,1.0,4.0,4.0,Novara,1.0,1,1,0,0,complete,False,False
Novara,2021,Grain maize,7200.0,86400.0,12.0,Novara,1.0,1,1,0,0,complete,False,False
Novara,2021,Soft wheat,1519.0,7595.0,5.0,Novara,1.0,1,1,0,0,complete,False,False
Novara,2022,Durum wheat,3.0,12.0,4.0,Novara,1.0,1,1,0,0,complete,False,False
Novara,2022,Grain maize,6814.0,51105.0,7.5,Novara,1.0,1,1,0,0,complete,False,False
Novara,2022,Soft wheat,1750.0,9630.5,5.503142857142858,Novara,1.0,1,1,0,0,complete,False,False
Nuoro,1995,Durum wheat,4075.4,2995.46,0.735010060362173,SARDEGNA,0.9999999999999999,2,2,0,0,complete,False,True
Nuoro,1995,Grain maize,355.29,3204.59,9.019645923048778,SARDEGNA,1.0,2,2,0,0,complete,False,True
Nuoro,1996,Durum wheat,3539.6800000000003,7043.98,1.9900047461917458,SARDEGNA,0.9999999999999999,2,2,0,0,complete,False,True
Nuoro,1996,Grain maize,293.3,2103.88,7.173133310603478,SARDEGNA,1.0,2,2,0,0,complete,False,True
Nuoro,1997,Durum wheat,2713.45,3564.0600000000004,1.3134791501593914,SARDEGNA,0.9999999999999999,2,2,0,0,complete,False,True
Nuoro,1997,Grain maize,238.95,3901.24,16.32659552207575,SARDEGNA,1.0,2,2,0,0,complete,True,True
Nuoro,1998,Durum wheat,2792.17,4772.06,1.7090864811240005,SARDEGNA,0.9999999999999999,2,2,0,0,complete,False,True
Nuoro,1998,Grain maize,452.82,3134.93,6.923126187005874,SARDEGNA,1.0,2,2,0,0,complete,True,True
Nuoro,1999,Durum wheat,2964.94,5397.02,1.820279668391266,SARDEGNA,0.9999999999999999,2,2,0,0,complete,False,True
Nuoro,1999,Grain maize,362.95,3134.93,8.637360517977683,SARDEGNA,1.0,2,2,0,0,complete,False,True
Nuoro,2000,Durum wheat,2821.44,4621.58,1.6380217194056934,SARDEGNA,0.9999999999999999,2,2,0,0,complete,False,True
Nuoro,2000,Grain maize,61.31,520.4,8.488011743598108,SARDEGNA,1.0,2,2,0,0,complete,False,True
Nuoro,2001,Durum wheat,2966.34,4982.51,1.6796827066351125,SARDEGNA,0.9999999999999999,2,2,0,0,complete,False,True
Nuoro,2001,Grain maize,87.08000000000001,1260.94,14.480248047772163,SARDEGNA,1.0,2,2,0,0,complete,False,True
Nuoro,2002,Durum wheat,2966.34,4484.27,1.5117181442450967,SARDEGNA,0.9999999999999999,2,2,0,0,complete,False,True
Nuoro,2002,Grain maize,76.63,1019.1999999999999,13.300274044108052,SARDEGNA,1.0,2,2,0,0,complete,False,True
Nuoro,2003,Durum wheat,3033.22,4732.56,1.5602429101746662,SARDEGNA,0.9999999999999999,2,2,0,0,complete,False,True
Nuoro,2003,Grain maize,75.24,931.4200000000001,12.37931951089846,SARDEGNA,1.0,2,2,0,0,complete,False,True
Nuoro,2004,Durum wheat,3130.0499999999997,9285.31,2.9665053273909363,SARDEGNA,0.9999999999999999,2,2,0,0,complete,False,True
Nuoro,2004,Grain maize,79.42,1050.41,13.226013598589777,SARDEGNA,1.0,2,2,0,0,complete,False,True
Nuoro,2005,Durum wheat,3076.41,6176.5,2.0076972835220275,SARDEGNA,0.9999999999999999,2,2,0,0,complete,False,True
Nuoro,2005,Grain maize,78.03,997.75,12.786748686402666,SARDEGNA,1.0,2,2,0,0,complete,False,True
Nuoro,2006,Durum wheat,2460.57,4423.74,1.797851717285019,SARDEGNA,0.9999999999999999,2,2,0,0,complete,False,True
Nuoro,2006,Grain maize,78.03,1000.5999999999999,12.823273100089708,SARDEGNA,1.0,2,2,0,0,complete,False,True
Nuoro,2007,Durum wheat,2410.41,4772.06,1.979771076289926,SARDEGNA,0.9999999999999999,2,2,0,0,complete,False,True
Nuoro,2007,Grain maize,78.72,797.67,10.133003048780488,SARDEGNA,1.0,2,2,0,0,complete,False,True
Nuoro,2008,Durum wheat,1639.0,3523.8999999999996,2.150030506406345,SARDEGNA,0.9999999999999999,2,2,0,0,complete,False,False
Nuoro,2008,Grain maize,721.0,4290.0,5.950069348127601,SARDEGNA,1.0,2,2,0,0,complete,False,False
Nuoro,2008,Soft wheat,223.0,400.70000000000005,1.7968609865470855,SARDEGNA,1.0,2,2,0,0,complete,False,False
Nuoro,2009,Durum wheat,1613.0,3179.2,1.9709857408555485,SARDEGNA,0.9999999999999999,2,2,0,0,complete,False,False
Nuoro,2009,Grain maize,51.0,353.1,6.923529411764706,SARDEGNA,1.0,2,2,0,0,complete,False,False
Nuoro,2010,Durum wheat,861.0,1642.2,1.9073170731707318,SARDEGNA,0.9999999999999999,2,2,0,0,complete,False,False
Nuoro,2010,Grain maize,194.0,1826.6,9.415463917525773,SARDEGNA,0.7495664885532426,1,2,1,0,missing_source_data,False,False
Nuoro,2011,Durum wheat,1861.0,3732.6,2.0056958624395484,SARDEGNA,0.9999999999999999,2,2,0,0,complete,False,False
Nuoro,2011,Grain maize,215.0,1500.2,6.977674418604652,SARDEGNA,1.0,2,2,0,0,complete,False,False
Nuoro,2012,Durum wheat,2013.0,5420.9,2.692945851962245,SARDEGNA,0.9999999999999999,2,2,0,0,complete,False,False
Nuoro,2012,Grain maize,342.0,2688.5,7.861111111111111,SARDEGNA,1.0,2,2,0,0,complete,False,False
Nuoro,2013,Durum wheat,2092.0,4598.5,2.198135755258126,SARDEGNA,0.9999999999999999,2,2,0,0,complete,True,False
Nuoro,2013,Grain maize,205.0,1526.5,7.446341463414634,SARDEGNA,1.0,2,2,0,0,complete,False,False
Nuoro,2014,Durum wheat,2090.0,6561.200000000001,3.13933014354067,SARDEGNA,0.9999999999999999,2,2,0,0,complete,False,False
Nuoro,2014,Grain maize,85.0,719.0,8.458823529411765,SARDEGNA,1.0,2,2,0,0,complete,False,False
Nuoro,2015,Durum wheat,2068.0,5349.7,2.5868955512572533,SARDEGNA,0.9999999999999999,2,2,0,0,complete,False,False
Nuoro,2015,Grain maize,91.0,769.5,8.456043956043956,SARDEGNA,1.0,2,2,0,0,complete,False,False
Nuoro,2016,Durum wheat,1034.0,2724.3,2.6347195357833657,SARDEGNA,0.9999999999999999,2,2,0,0,complete,False,False
Nuoro,2016,Grain maize,70.0,435.40000000000003,6.220000000000001,SARDEGNA,1.0,2,2,0,0,complete,False,False
Nuoro,2016,Soft wheat,28.0,39.2,1.4000000000000001,SARDEGNA,0.20258260142199916,1,2,1,0,missing_source_data,False,False
Nuoro,2017,Durum wheat,619.0,1329.0,2.147011308562197,SARDEGNA,0.9999999999999999,2,2,0,0,complete,False,False
Nuoro,2017,Grain maize,66.0,491.6,7.448484848484849,SARDEGNA,1.0,2,2,0,0,complete,False,False
Nuoro,2017,Soft wheat,15.0,21.0,1.4,SARDEGNA,0.20258260142199916,1,2,1,0,missing_source_data,False,False
Nuoro,2018,Durum wheat,165.10999999999999,403.15000000000003,2.4417055296469026,SARDEGNA,0.9999999999999999,2,2,0,0,complete,False,False
Nuoro,2018,Grain maize,42.0,307.7,7.326190476190476,SARDEGNA,0.7495664885532426,1,2,1,0,missing_source_data,False,False
Nuoro,2018,Soft wheat,8.0,8.9,1.1125,SARDEGNA,0.20258260142199916,1,2,1,0,missing_source_data,False,False
Nuoro,2019,Durum wheat,136.0,318.2,2.3397058823529413,SARDEGNA,0.7756900892901832,1,1,0,0,complete,False,False
Nuoro,2019,Grain maize,50.0,382.0,7.64,SARDEGNA,0.7495664885532426,1,1,0,0,complete,False,False
Nuoro,2019,Soft wheat,8.0,9.4,1.175,SARDEGNA,0.20258260142199916,1,1,0,0,complete,False,False
Nuoro,2020,Durum wheat,144.0,299.3,2.0784722222222225,SARDEGNA,0.7756900892901832,1,2,1,0,missing_source_data,False,False
Nuoro,2020,Grain maize,47.0,393.0,8.361702127659575,SARDEGNA,0.7495664885532426,1,2,1,0,missing_source_data,False,False
Nuoro,2020,Soft wheat,5.53,4.43,0.8010849909584086,SARDEGNA,1.0,2,2,0,0,complete,False,False
Nuoro,2021,Durum wheat,157.0,359.4,2.2891719745222927,SARDEGNA,0.7756900892901832,1,1,0,0,complete,False,False
Nuoro,2021,Grain maize,48.0,428.0,8.916666666666666,SARDEGNA,0.7495664885532426,1,1,0,0,complete,False,False
Nuoro,2021,Soft wheat,8.0,9.4,1.175,SARDEGNA,0.20258260142199916,1,1,0,0,complete,False,False
Nuoro,2022,Durum wheat,156.0,262.8,1.6846153846153846,SARDEGNA,0.7756900892901832,1,1,0,0,complete,False,False
Nuoro,2022,Grain maize,63.0,578.0,9.174603174603174,SARDEGNA,0.7495664885532426,1,1,0,0,complete,False,False
Nuoro,2022,Soft wheat,12.0,15.6,1.3,SARDEGNA,0.20258260142199916,1,1,0,0,complete,False,False
Oristano,1995,Durum wheat,12525.73,9986.42,0.7972724942977376,SARDEGNA,1.0,1,1,0,0,complete,False,True
Oristano,1995,Grain maize,1195.83,8903.4,7.445372670028348,SARDEGNA,1.0,1,1,0,0,complete,False,True
Oristano,1996,Durum wheat,11786.62,31499.68,2.672494744040276,SARDEGNA,1.0,1,1,0,0,complete,False,True
Oristano,1996,Grain maize,1237.84,11046.4,8.923932010599108,SARDEGNA,1.0,1,1,0,0,complete,False,True
Oristano,1997,Durum wheat,11350.04,10359.77,0.9127518493326895,SARDEGNA,1.0,1,1,0,0,complete,False,True
Oristano,1997,Grain maize,1530.83,14003.26,9.147495149690037,SARDEGNA,1.0,1,1,0,0,complete,False,True
Oristano,1998,Durum wheat,11360.19,28115.6,2.4749233947671647,SARDEGNA,1.0,1,1,0,0,complete,False,True
Oristano,1999,Durum wheat,12465.48,22944.02,1.8406046137011973,SARDEGNA,1.0,1,1,0,0,complete,False,True
Oristano,1999,Grain maize,1246.82,11104.41,8.906185335493495,SARDEGNA,1.0,1,1,0,0,complete,False,True
Oristano,2000,Durum wheat,15363.97,15596.19,1.0151145830146766,SARDEGNA,1.0,1,1,0,0,complete,False,True
Oristano,2000,Grain maize,1207.91,10467.13,8.665488322805507,SARDEGNA,1.0,1,1,0,0,complete,False,True
Oristano,2001,Durum wheat,15382.66,20142.75,1.3094451804824394,SARDEGNA,1.0,1,1,0,0,complete,False,True
Oristano,2001,Grain maize,1011.23,9072.66,8.971905501221284,SARDEGNA,1.0,1,1,0,0,complete,False,True
Oristano,2002,Durum wheat,20382.66,28578.48,1.4020976653685044,SARDEGNA,1.0,1,1,0,0,complete,False,True
Oristano,2002,Grain maize,809.89,7331.48,9.052439220141006,SARDEGNA,1.0,1,1,0,0,complete,False,True
Oristano,2003,Durum wheat,20491.29,30810.5,1.503590061923871,SARDEGNA,1.0,1,1,0,0,complete,False,True
Oristano,2003,Grain maize,777.71,6552.05,8.424798446721786,SARDEGNA,1.0,1,1,0,0,complete,False,True
Oristano,2004,Durum wheat,23053.78,59977.81,2.6016475389285403,SARDEGNA,1.0,1,1,0,0,complete,False,True
Oristano,2004,Grain maize,790.25,6710.5,8.491616577032584,SARDEGNA,1.0,1,1,0,0,complete,False,True
Oristano,2005,Durum wheat,22591.86,42449.27,1.8789630424409498,SARDEGNA,1.0,1,1,0,0,complete,False,True
Oristano,2005,Grain maize,780.07,6611.71,8.475790634173856,SARDEGNA,1.0,1,1,0,0,complete,False,True
Oristano,2006,Durum wheat,18073.42,36390.67,2.0134910824846655,SARDEGNA,1.0,1,1,0,0,complete,False,True
Oristano,2006,Grain maize,785.07,6604.08,8.412090641598837,SARDEGNA,1.0,1,1,0,0,complete,False,True
Oristano,2007,Durum wheat,18060.95,38626.6,2.138680412713617,SARDEGNA,1.0,1,1,0,0,complete,False,True
Oristano,2007,Grain maize,785.16,5289.9,6.737352896224973,SARDEGNA,1.0,1,1,0,0,complete,False,True
Oristano,2008,Durum wheat,16946.0,36433.9,2.15,SARDEGNA,1.0,1,1,0,0,complete,False,False
Oristano,2008,Grain maize,543.0,8938.0,16.460405156537753,SARDEGNA,1.0,1,1,0,0,complete,False,False
Oristano,2008,Soft wheat,2.0,3.6,1.8,SARDEGNA,1.0,1,1,0,0,complete,False,False
Oristano,2009,Durum wheat,6684.0,11745.5,1.757256134051466,SARDEGNA,1.0,1,1,0,0,complete,False,False
Oristano,2009,Grain maize,78.0,767.5,9.83974358974359,SARDEGNA,1.0,1,1,0,0,complete,False,False
Oristano,2010,Durum wheat,5338.0,9867.0,1.8484451105282877,SARDEGNA,1.0,1,1,0,0,complete,False,False
Oristano,2011,Durum wheat,5100.0,9870.0,1.9352941176470588,SARDEGNA,1.0,1,1,0,0,complete,False,False
Oristano,2011,Grain maize,184.0,1730.0,9.402173913043478,SARDEGNA,1.0,1,1,0,0,complete,False,False
Oristano,2012,Durum wheat,5516.0,14213.7,2.5768129079042787,SARDEGNA,1.0,1,1,0,0,complete,False,False
Oristano,2012,Grain maize,293.0,3080.0,10.511945392491468,SARDEGNA,1.0,1,1,0,0,complete,False,False
Oristano,2013,Durum wheat,5318.0,11316.9,2.1280368559608873,SARDEGNA,1.0,1,1,0,0,complete,True,False
Oristano,2013,Grain maize,224.0,2212.2,9.875892857142857,SARDEGNA,1.0,1,1,0,0,complete,False,False
Oristano,2014,Durum wheat,5562.0,11516.7,2.070604099244876,SARDEGNA,1.0,1,1,0,0,complete,False,False
Oristano,2014,Grain maize,402.0,3819.0,9.5,SARDEGNA,1.0,1,1,0,0,complete,False,False
Oristano,2015,Durum wheat,5465.0,12349.1,2.2596706312900277,SARDEGNA,1.0,1,1,0,0,complete,False,False
Oristano,2015,Grain maize,430.0,4085.0,9.5,SARDEGNA,1.0,1,1,0,0,complete,False,False
Oristano,2016,Durum wheat,5957.0,16825.6,2.82450898103072,SARDEGNA,1.0,1,1,0,0,complete,False,False
Oristano,2016,Grain maize,240.0,2115.4,8.814166666666667,SARDEGNA,1.0,1,1,0,0,complete,False,False
Oristano,2016,Soft wheat,8.0,12.0,1.5,SARDEGNA,1.0,1,1,0,0,complete,False,False
Oristano,2017,Durum wheat,2863.0,7578.4,2.6470136220747467,SARDEGNA,1.0,1,1,0,0,complete,False,False
Oristano,2017,Grain maize,1350.0,10800.0,8.0,SARDEGNA,1.0,1,1,0,0,complete,False,False
Oristano,2017,Soft wheat,5.0,7.5,1.5,SARDEGNA,1.0,1,1,0,0,complete,False,False
Oristano,2018,Durum wheat,2214.3,8160.11,3.685187192340694,SARDEGNA,1.0,1,1,0,0,complete,False,False
Oristano,2018,Grain maize,1400.0,10799.6,7.714,SARDEGNA,1.0,1,1,0,0,complete,False,False
Oristano,2018,Soft wheat,19.0,17.5,0.9210526315789473,SARDEGNA,1.0,1,1,0,0,complete,False,False
Oristano,2019,Durum wheat,2054.0,6125.0,2.9819863680623175,SARDEGNA,1.0,1,1,0,0,complete,False,False
Oristano,2019,Grain maize,1800.0,16200.0,9.0,SARDEGNA,1.0,1,1,0,0,complete,False,False
Oristano,2019,Soft wheat,400.0,1000.0,2.5,SARDEGNA,1.0,1,1,0,0,complete,False,False
Oristano,2020,Durum wheat,1566.0,3795.2,2.423499361430396,SARDEGNA,1.0,1,1,0,0,complete,False,False
Oristano,2020,Grain maize,1800.0,16200.0,9.0,SARDEGNA,1.0,1,1,0,0,complete,False,False
Oristano,2020,Soft wheat,303.0,705.4,2.328052805280528,SARDEGNA,1.0,1,1,0,0,complete,False,False
Oristano,2021,Durum wheat,2654.0,9968.8,3.7561416729464954,SARDEGNA,1.0,1,1,0,0,complete,False,False
Oristano,2021,Grain maize,1800.0,16200.0,9.0,SARDEGNA,1.0,1,1,0,0,complete,False,False
Oristano,2021,Soft wheat,200.0,700.0,3.5,SARDEGNA,1.0,1,1,0,0,complete,False,False
Oristano,2022,Durum wheat,5882.0,17106.7,2.9083134988099286,SARDEGNA,1.0,1,1,0,0,complete,False,False
Oristano,2022,Grain maize,1806.0,16253.1,8.999501661129568,SARDEGNA,1.0,1,1,0,0,complete,False,False
Oristano,2022,Soft wheat,218.0,752.3,3.4509174311926603,SARDEGNA,1.0,1,1,0,0,complete,False,False
Padova,1995,Durum wheat,20.0,104.0,5.2,Padova,1.0,1,1,0,0,complete,False,False
Padova,1995,Grain maize,58337.0,437527.5,7.5,Padova,1.0,1,1,0,0,complete,False,False
Padova,1995,Soft wheat,18000.0,105014.0,5.8341111111111115,Padova,1.0,1,1,0,0,complete,False,False
Padova,1996,Durum wheat,20.0,100.0,5.0,Padova,1.0,1,1,0,0,complete,False,False
Padova,1996,Grain maize,64065.0,608617.5,9.5,Padova,1.0,1,1,0,0,complete,False,False
Padova,1996,Soft wheat,14856.0,76792.0,5.169089929994615,Padova,1.0,1,1,0,0,complete,False,False
Padova,1997,Durum wheat,15.0,75.0,5.0,Padova,1.0,1,1,0,0,complete,False,False
Padova,1997,Grain maize,64563.0,546817.5,8.469518145067608,Padova,1.0,1,1,0,0,complete,True,False
Padova,1997,Soft wheat,8460.0,50360.0,5.952718676122932,Padova,1.0,1,1,0,0,complete,False,False
Padova,1998,Durum wheat,15.0,82.5,5.5,Padova,1.0,1,1,0,0,complete,False,False
Padova,1998,Grain maize,64555.0,596400.0,9.238633723181783,Padova,1.0,1,1,0,0,complete,True,False
Padova,1998,Soft wheat,7870.0,46230.0,5.87420584498094,Padova,1.0,1,1,0,0,complete,False,False
Padova,1999,Durum wheat,15.0,82.5,5.5,Padova,1.0,1,1,0,0,complete,False,False
Padova,1999,Grain maize,70400.0,596400.0,8.471590909090908,Padova,1.0,1,1,0,0,complete,False,False
Padova,1999,Soft wheat,8563.0,52044.9,6.077881583557165,Padova,1.0,1,1,0,0,complete,False,False
Padova,2000,Durum wheat,9.0,49.5,5.5,Padova,1.0,1,1,0,0,complete,False,False
Padova,2000,Grain maize,74371.0,630053.5,8.471763187263853,Padova,1.0,1,1,0,0,complete,False,False
Padova,2000,Soft wheat,4355.0,26495.0,6.083811710677383,Padova,1.0,1,1,0,0,complete,False,False
Padova,2001,Durum wheat,9.0,49.5,5.5,Padova,1.0,1,1,0,0,complete,False,False
Padova,2001,Grain maize,69135.0,587217.5,8.493780284949736,Padova,1.0,1,1,0,0,complete,False,False
Padova,2001,Soft wheat,8798.0,55251.4,6.279995453512162,Padova,1.0,1,1,0,0,complete,False,False
Padova,2002,Durum wheat,100.0,550.0,5.5,Padova,1.0,1,1,0,0,complete,False,False
Padova,2002,Grain maize,68146.0,578792.2,8.493414140228333,Padova,1.0,1,1,0,0,complete,False,False
Padova,2002,Soft wheat,15000.0,94226.0,6.281733333333333,Padova,1.0,1,1,0,0,complete,False,False
Padova,2003,Durum wheat,100.0,500.0,5.0,Padova,1.0,1,1,0,0,complete,False,False
Padova,2003,Grain maize,61535.0,365899.7,5.946204599008694,Padova,1.0,1,1,0,0,complete,False,False
Padova,2003,Soft wheat,10000.0,56131.5,5.61315,Padova,1.0,1,1,0,0,complete,False,False
Padova,2004,Durum wheat,107.0,568.1,5.309345794392524,Padova,1.0,1,1,0,0,complete,False,False
Padova,2004,Grain maize,65471.0,675841.9,10.322767332101236,Padova,1.0,1,1,0,0,complete,False,False
Padova,2004,Soft wheat,10905.0,64924.6,5.9536542870243006,Padova,1.0,1,1,0,0,complete,False,False
Padova,2005,Durum wheat,110.0,581.8,5.289090909090909,Padova,1.0,1,1,0,0,complete,False,False
Padova,2005,Grain maize,65468.0,666457.2,10.179892466548543,Padova,1.0,1,1,0,0,complete,False,False
Padova,2005,Soft wheat,10905.0,63599.6,5.832150389729482,Padova,1.0,1,1,0,0,complete,False,False
Padova,2006,Durum wheat,115.0,725.3,6.30695652173913,Padova,1.0,1,1,0,0,complete,False,False
Padova,2006,Grain maize,63935.0,526795.4,8.239546414327052,Padova,1.0,1,1,0,0,complete,False,False
Padova,2006,Soft wheat,11453.0,77915.5,6.803064699205448,Padova,1.0,1,1,0,0,complete,False,False
Padova,2007,Durum wheat,117.0,651.6,5.569230769230769,Padova,1.0,1,1,0,0,complete,False,False
Padova,2007,Grain maize,65300.0,611538.0,9.365053598774885,Padova,1.0,1,1,0,0,complete,False,False
Padova,2007,Soft wheat,11680.0,71188.5,6.094905821917808,Padova,1.0,1,1,0,0,complete,False,False
Padova,2008,Durum wheat,572.0,3332.9,5.826748251748252,Padova,1.0,1,1,0,0,complete,False,False
Padova,2008,Grain maize,49667.0,496223.0,9.991000060402278,Padova,1.0,1,1,0,0,complete,False,False
Padova,2008,Soft wheat,23931.0,150885.0,6.305001880406167,Padova,1.0,1,1,0,0,complete,False,False
Padova,2009,Durum wheat,264.0,1459.6,5.528787878787878,Padova,1.0,1,1,0,0,complete,False,False
Padova,2009,Grain maize,52150.0,480562.2,9.21499904122723,Padova,1.0,1,1,0,0,complete,False,False
Padova,2009,Soft wheat,23197.0,139506.8,6.014001810578954,Padova,1.0,1,1,0,0,complete,False,False
Padova,2010,Durum wheat,602.0,3303.8,5.488039867109634,Padova,1.0,1,1,0,0,complete,False,False
Padova,2010,Grain maize,52095.0,485004.4,9.309999040214992,Padova,1.0,1,1,0,0,complete,False,False
Padova,2010,Soft wheat,21583.0,120562.7,5.586002872631237,Padova,1.0,1,1,0,0,complete,False,False
Padova,2011,Durum wheat,460.0,2550.0,5.543478260869565,Padova,1.0,1,1,0,0,complete,False,False
Padova,2011,Grain maize,54747.0,591858.8,10.810798765229146,Padova,1.0,1,1,0,0,complete,False,False
Padova,2011,Soft wheat,18595.0,114866.1,6.177257327238506,Padova,1.0,1,1,0,0,complete,False,False
Padova,2012,Durum wheat,478.0,3044.9,6.370083682008368,Padova,1.0,1,1,0,0,complete,True,False
Padova,2012,Grain maize,68841.0,291676.4,4.236957626995541,Padova,1.0,1,1,0,0,complete,True,False
Padova,2012,Soft wheat,17054.0,130360.7,7.643995543567491,Padova,1.0,1,1,0,0,complete,True,False
Padova,2013,Durum wheat,335.0,1313.2,3.92,Padova,1.0,1,1,0,0,complete,True,False
Padova,2013,Grain maize,53371.0,469008.3,8.787699312360646,Padova,1.0,1,1,0,0,complete,True,False
Padova,2013,Soft wheat,22672.0,166390.0,7.339008468595624,Padova,1.0,1,1,0,0,complete,True,False
Padova,2014,Durum wheat,346.0,1593.7,4.60606936416185,Padova,1.0,1,1,0,0,complete,False,False
Padova,2014,Grain maize,50840.0,616435.0,12.125,Padova,1.0,1,1,0,0,complete,False,False
Padova,2014,Soft wheat,17642.0,98548.2,5.58599931980501,Padova,1.0,1,1,0,0,complete,False,False
Padova,2015,Durum wheat,1198.0,7610.0,6.352253756260434,Padova,1.0,1,1,0,0,complete,False,False
Padova,2015,Grain maize,41689.0,392251.8,9.408999976012856,Padova,1.0,1,1,0,0,complete,False,False
Padova,2015,Soft wheat,16130.0,108000.0,6.695598264104154,Padova,1.0,1,1,0,0,complete,False,False
Padova,2016,Durum wheat,2520.0,14313.8,5.680079365079365,Padova,1.0,1,1,0,0,complete,False,False
Padova,2016,Grain maize,37460.0,382420.0,10.208756006406833,Padova,1.0,1,1,0,0,complete,False,False
Padova,2016,Soft wheat,19215.0,124827.5,6.4963570127504555,Padova,1.0,1,1,0,0,complete,False,False
Padova,2017,Durum wheat,1570.0,10433.7,6.6456687898089175,Padova,1.0,1,1,0,0,complete,False,False
Padova,2017,Grain maize,36356.0,300631.0,8.269089008691825,Padova,1.0,1,1,0,0,complete,False,False
Padova,2017,Soft wheat,14599.0,104326.0,7.146105897664223,Padova,1.0,1,1,0,0,complete,False,False
Padova,2018,Durum wheat,2002.0,11843.0,5.915584415584416,Padova,1.0,1,1,0,0,complete,False,False
Padova,2018,Grain maize,27847.0,270009.0,9.696161166373397,Padova,1.0,1,1,0,0,complete,False,False
Padova,2018,Soft wheat,21887.0,136075.0,6.217160871750354,Padova,1.0,1,1,0,0,complete,False,False
Padova,2019,Durum wheat,2054.0,9235.0,4.496105160662123,Padova,1.0,1,1,0,0,complete,False,False
Padova,2019,Grain maize,34881.0,304395.0,8.726670680313065,Padova,1.0,1,1,0,0,complete,False,False
Padova,2019,Soft wheat,19550.0,108176.0,5.533299232736573,Padova,1.0,1,1,0,0,complete,False,False
Padova,2020,Durum wheat,1237.0,7133.5,5.76677445432498,Padova,1.0,1,1,0,0,complete,False,False
Padova,2020,Grain maize,32559.0,355479.0,10.917995024417213,Padova,1.0,1,1,0,0,complete,False,False
Padova,2020,Soft wheat,18099.0,113666.3,6.280253052654843,Padova,1.0,1,1,0,0,complete,False,False
Padova,2021,Durum wheat,1690.0,10244.0,6.061538461538461,Padova,1.0,1,1,0,0,complete,False,False
Padova,2021,Grain maize,30438.0,301495.0,9.90521716275708,Padova,1.0,1,1,0,0,complete,False,False
Padova,2021,Soft wheat,21553.0,145019.0,6.728483273790191,Padova,1.0,1,1,0,0,complete,False,False
Padova,2022,Durum wheat,2439.0,13747.0,5.636326363263633,Padova,1.0,1,1,0,0,complete,False,False
Padova,2022,Grain maize,30871.0,207931.5,6.735496096660296,Padova,1.0,1,1,0,0,complete,False,False
Padova,2022,Soft wheat,20668.0,128637.0,6.223969421327657,Padova,1.0,1,1,0,0,complete,False,False
Palermo,1995,Durum wheat,86900.0,229068.4,2.636,Palermo,1.0,1,1,0,0,complete,False,False
Palermo,1995,Grain maize,50.0,250.0,5.0,Palermo,1.0,1,1,0,0,complete,False,False
Palermo,1996,Durum wheat,93685.0,220160.0,2.3500026685168383,Palermo,1.0,1,1,0,0,complete,False,False
Palermo,1996,Grain maize,55.0,302.5,5.5,Palermo,1.0,1,1,0,0,complete,False,False
Palermo,1997,Durum wheat,103075.0,305611.0,2.964938151831191,Palermo,1.0,1,1,0,0,complete,False,False
Palermo,1997,Grain maize,60.0,312.5,5.208333333333333,Palermo,1.0,1,1,0,0,complete,True,False
Palermo,1998,Durum wheat,86615.0,274577.0,3.1700860128153323,Palermo,1.0,1,1,0,0,complete,False,False
Palermo,1998,Grain maize,57.0,180.0,3.1578947368421053,Palermo,1.0,1,1,0,0,complete,True,False
Palermo,1999,Durum wheat,88600.0,141760.0,1.6,Palermo,1.0,1,1,0,0,complete,False,False
Palermo,1999,Grain maize,60.0,180.0,3.0,Palermo,1.0,1,1,0,0,complete,False,False
Palermo,2000,Durum wheat,89000.0,240000.0,2.696629213483146,Palermo,1.0,1,1,0,0,complete,False,False
Palermo,2000,Grain maize,60.0,300.0,5.0,Palermo,1.0,1,1,0,0,complete,False,False
Palermo,2001,Durum wheat,96000.0,239040.0,2.49,Palermo,1.0,1,1,0,0,complete,False,False
Palermo,2001,Grain maize,50.0,225.0,4.5,Palermo,1.0,1,1,0,0,complete,False,False
Palermo,2002,Durum wheat,90000.0,150000.0,1.6666666666666667,Palermo,1.0,1,1,0,0,complete,False,False
Palermo,2002,Grain maize,50.0,300.0,6.0,Palermo,1.0,1,1,0,0,complete,False,False
Palermo,2003,Durum wheat,95000.0,237500.0,2.5,Palermo,1.0,1,1,0,0,complete,False,False
Palermo,2003,Grain maize,70.0,420.0,6.0,Palermo,1.0,1,1,0,0,complete,False,False
Palermo,2004,Durum wheat,90000.0,270000.0,3.0,Palermo,1.0,1,1,0,0,complete,False,False
Palermo,2004,Grain maize,70.0,490.0,7.0,Palermo,1.0,1,1,0,0,complete,False,False
Palermo,2005,Durum wheat,76000.0,190000.0,2.5,Palermo,1.0,1,1,0,0,complete,False,False
Palermo,2005,Grain maize,70.0,490.0,7.0,Palermo,1.0,1,1,0,0,complete,False,False
Palermo,2006,Durum wheat,70000.0,245000.0,3.5,Palermo,1.0,1,1,0,0,complete,False,False
Palermo,2006,Grain maize,65.0,437.5,6.730769230769231,Palermo,1.0,1,1,0,0,complete,False,False
Palermo,2007,Durum wheat,70000.0,245000.0,3.5,Palermo,1.0,1,1,0,0,complete,False,False
Palermo,2007,Grain maize,65.0,437.5,6.730769230769231,Palermo,1.0,1,1,0,0,complete,False,False
Palermo,2008,Durum wheat,100000.0,300000.0,3.0,Palermo,1.0,1,1,0,0,complete,False,False
Palermo,2008,Grain maize,50.0,350.0,7.0,Palermo,1.0,1,1,0,0,complete,False,False
Palermo,2009,Durum wheat,67074.0,211953.8,3.1599994036437367,Palermo,1.0,1,1,0,0,complete,False,False
Palermo,2009,Grain maize,45.0,270.0,6.0,Palermo,1.0,1,1,0,0,complete,False,False
Palermo,2010,Durum wheat,88000.0,255000.0,2.897727272727273,Palermo,1.0,1,1,0,0,complete,False,False
Palermo,2011,Durum wheat,85000.0,245000.0,2.8823529411764706,Palermo,1.0,1,1,0,0,complete,False,False
Palermo,2011,Grain maize,40.0,250.0,6.25,Palermo,1.0,1,1,0,0,complete,False,False
Palermo,2012,Durum wheat,85000.0,245000.0,2.8823529411764706,Palermo,1.0,1,1,0,0,complete,True,False
Palermo,2012,Grain maize,40.0,250.0,6.25,Palermo,1.0,1,1,0,0,complete,False,False
Palermo,2013,Durum wheat,80000.0,195000.0,2.4375,Palermo,1.0,1,1,0,0,complete,True,False
Palermo,2013,Grain maize,40.0,250.0,6.25,Palermo,1.0,1,1,0,0,complete,False,False
Palermo,2014,Durum wheat,80000.0,195000.0,2.4375,Palermo,1.0,1,1,0,0,complete,False,False
Palermo,2014,Grain maize,40.0,250.0,6.25,Palermo,1.0,1,1,0,0,complete,False,False
Palermo,2015,Durum wheat,81000.0,212500.0,2.623456790123457,Palermo,1.0,1,1,0,0,complete,False,False
Palermo,2015,Grain maize,40.0,255.0,6.375,Palermo,1.0,1,1,0,0,complete,False,False
Palermo,2016,Durum wheat,80500.0,215300.0,2.674534161490683,Palermo,1.0,1,1,0,0,complete,False,False
Palermo,2016,Grain maize,38.0,250.0,6.578947368421052,Palermo,1.0,1,1,0,0,complete,False,False
Palermo,2017,Durum wheat,80600.0,215000.0,2.667493796526055,Palermo,1.0,1,1,0,0,complete,False,False
Palermo,2017,Grain maize,38.0,250.0,6.578947368421052,Palermo,1.0,1,1,0,0,complete,False,False
Palermo,2018,Durum wheat,80500.0,210000.0,2.608695652173913,Palermo,1.0,1,1,0,0,complete,False,False
Palermo,2018,Grain maize,38.0,250.0,6.578947368421052,Palermo,1.0,1,1,0,0,complete,False,False
Palermo,2019,Durum wheat,80400.0,209000.0,2.599502487562189,Palermo,1.0,1,1,0,0,complete,False,False
Palermo,2019,Grain maize,40.0,260.0,6.5,Palermo,1.0,1,1,0,0,complete,False,False
Palermo,2020,Durum wheat,80400.0,209000.0,2.599502487562189,Palermo,1.0,1,1,0,0,complete,False,False
Palermo,2020,Grain maize,40.0,255.0,6.375,Palermo,1.0,1,1,0,0,complete,False,False
Palermo,2021,Durum wheat,80400.0,209000.0,2.599502487562189,Palermo,1.0,1,1,0,0,complete,False,False
Palermo,2021,Grain maize,45.0,287.0,6.377777777777778,Palermo,1.0,1,1,0,0,complete,False,False
Palermo,2022,Durum wheat,80400.0,199595.0,2.4825248756218907,Palermo,1.0,1,1,0,0,complete,False,False
Palermo,2022,Grain maize,45.0,287.0,6.377777777777778,Palermo,1.0,1,1,0,0,complete,False,False
Parma,1995,Durum wheat,1070.0,5269.0,4.924299065420561,Parma,1.0,1,1,0,0,complete,False,False
Parma,1995,Grain maize,3740.0,35672.5,9.538101604278076,Parma,1.0,1,1,0,0,complete,False,False
Parma,1995,Soft wheat,27000.0,142620.0,5.282222222222222,Parma,1.0,1,1,0,0,complete,False,False
Parma,1996,Durum wheat,200.0,980.0,4.9,Parma,1.0,1,1,0,0,complete,False,False
Parma,1996,Grain maize,3900.0,38220.0,9.8,Parma,1.0,1,1,0,0,complete,False,False
Parma,1996,Soft wheat,28000.0,148400.0,5.3,Parma,1.0,1,1,0,0,complete,False,False
Parma,1997,Durum wheat,150.0,682.5,4.55,Parma,1.0,1,1,0,0,complete,False,False
Parma,1997,Grain maize,4800.0,40360.0,8.408333333333333,Parma,1.0,1,1,0,0,complete,True,False
Parma,1997,Soft wheat,23000.0,108100.0,4.7,Parma,1.0,1,1,0,0,complete,False,False
Parma,1998,Durum wheat,1420.0,7710.0,5.429577464788732,Parma,1.0,1,1,0,0,complete,False,False
Parma,1998,Grain maize,4000.0,44029.0,11.00725,Parma,1.0,1,1,0,0,complete,True,False
Parma,1998,Soft wheat,22700.0,137100.0,6.039647577092511,Parma,1.0,1,1,0,0,complete,False,False
Parma,1999,Durum wheat,1400.0,6000.0,4.285714285714286,Parma,1.0,1,1,0,0,complete,False,False
Parma,1999,Grain maize,4530.0,44029.0,9.719426048565122,Parma,1.0,1,1,0,0,complete,False,False
Parma,1999,Soft wheat,22200.0,100002.0,4.504594594594595,Parma,1.0,1,1,0,0,complete,False,False
Parma,2000,Durum wheat,1050.0,5670.0,5.4,Parma,1.0,1,1,0,0,complete,False,False
Parma,2000,Grain maize,9380.0,98214.6,10.470639658848615,Parma,1.0,1,1,0,0,complete,False,False
Parma,2000,Soft wheat,20700.0,122190.0,5.902898550724638,Parma,1.0,1,1,0,0,complete,False,False
Parma,2001,Durum wheat,300.0,1385.0,4.616666666666666,Parma,1.0,1,1,0,0,complete,False,False
Parma,2001,Grain maize,5900.0,62923.0,10.664915254237288,Parma,1.0,1,1,0,0,complete,False,False
Parma,2001,Soft wheat,18500.0,88100.0,4.762162162162162,Parma,1.0,1,1,0,0,complete,False,False
Parma,2002,Durum wheat,780.0,3822.0,4.9,Parma,1.0,1,1,0,0,complete,False,False
Parma,2002,Grain maize,4130.0,36760.0,8.900726392251816,Parma,1.0,1,1,0,0,complete,False,False
Parma,2002,Soft wheat,20300.0,107569.0,5.298965517241379,Parma,1.0,1,1,0,0,complete,False,False
Parma,2003,Durum wheat,480.0,2439.0,5.08125,Parma,1.0,1,1,0,0,complete,False,False
Parma,2003,Grain maize,10165.0,87068.0,8.565469749139202,Parma,1.0,1,1,0,0,complete,False,False
Parma,2003,Soft wheat,17500.0,90250.0,5.1571428571428575,Parma,1.0,1,1,0,0,complete,False,False
Parma,2004,Durum wheat,710.0,3773.0,5.314084507042254,Parma,1.0,1,1,0,0,complete,False,False
Parma,2004,Grain maize,8515.0,84000.5,9.865002935995303,Parma,1.0,1,1,0,0,complete,False,False
Parma,2004,Soft wheat,17120.0,105228.0,6.146495327102803,Parma,1.0,1,1,0,0,complete,False,False
Parma,2005,Durum wheat,480.0,2744.0,5.716666666666667,Parma,1.0,1,1,0,0,complete,False,False
Parma,2005,Grain maize,7080.0,68799.0,9.717372881355931,Parma,1.0,1,1,0,0,complete,False,False
Parma,2005,Soft wheat,17400.0,102913.0,5.914540229885057,Parma,1.0,1,1,0,0,complete,False,False
Parma,2006,Durum wheat,2500.0,13420.0,5.368,Parma,1.0,1,1,0,0,complete,False,False
Parma,2006,Grain maize,7230.0,72390.0,10.012448132780083,Parma,1.0,1,1,0,0,complete,False,False
Parma,2006,Soft wheat,15200.0,97757.0,6.431381578947368,Parma,1.0,1,1,0,0,complete,False,False
Parma,2007,Durum wheat,4000.0,17101.0,4.27525,Parma,1.0,1,1,0,0,complete,False,False
Parma,2007,Grain maize,7000.0,70055.0,10.007857142857143,Parma,1.0,1,1,0,0,complete,False,False
Parma,2007,Soft wheat,18500.0,83880.0,4.534054054054054,Parma,1.0,1,1,0,0,complete,False,False
Parma,2008,Durum wheat,7000.0,28878.0,4.1254285714285714,Parma,1.0,1,1,0,0,complete,False,False
Parma,2008,Grain maize,7500.0,75840.0,10.112,Parma,1.0,1,1,0,0,complete,False,False
Parma,2008,Soft wheat,19200.0,86835.0,4.52265625,Parma,1.0,1,1,0,0,complete,False,False
Parma,2009,Durum wheat,3850.0,20050.0,5.207792207792208,Parma,1.0,1,1,0,0,complete,False,False
Parma,2009,Grain maize,7300.0,64356.0,8.815890410958904,Parma,1.0,1,1,0,0,complete,False,False
Parma,2009,Soft wheat,15500.0,77590.0,5.005806451612903,Parma,1.0,1,1,0,0,complete,False,False
Parma,2010,Durum wheat,3300.0,18148.0,5.499393939393939,Parma,1.0,1,1,0,0,complete,False,False
Parma,2010,Grain maize,7100.0,68882.0,9.70169014084507,Parma,1.0,1,1,0,0,complete,False,False
Parma,2010,Soft wheat,12950.0,75360.0,5.819305019305019,Parma,1.0,1,1,0,0,complete,False,False
Parma,2011,Durum wheat,2630.0,12920.0,4.91254752851711,Parma,1.0,1,1,0,0,complete,False,False
Parma,2011,Grain maize,9070.0,108806.0,11.99625137816979,Parma,1.0,1,1,0,0,complete,False,False
Parma,2011,Soft wheat,12150.0,62010.0,5.103703703703704,Parma,1.0,1,1,0,0,complete,False,False
Parma,2012,Durum wheat,2880.0,19260.0,6.6875,Parma,1.0,1,1,0,0,complete,False,False
Parma,2012,Grain maize,8746.0,72811.6,8.32513148868054,Parma,1.0,1,1,0,0,complete,False,False
Parma,2012,Soft wheat,13450.0,91530.0,6.805204460966543,Parma,1.0,1,1,0,0,complete,False,False
Parma,2013,Durum wheat,2850.0,17106.0,6.002105263157895,Parma,1.0,1,1,0,0,complete,True,False
Parma,2013,Grain maize,8164.0,69612.4,8.526751592356687,Parma,1.0,1,1,0,0,complete,False,False
Parma,2013,Soft wheat,12970.0,78977.0,6.089205859676176,Parma,1.0,1,1,0,0,complete,True,False
Parma,2014,Durum wheat,3640.0,21386.0,5.875274725274726,Parma,1.0,1,1,0,0,complete,False,False
Parma,2014,Grain maize,5500.0,47862.0,8.702181818181819,Parma,1.0,1,1,0,0,complete,False,False
Parma,2014,Soft wheat,12160.0,71602.0,5.888322368421052,Parma,1.0,1,1,0,0,complete,False,False
Parma,2015,Durum wheat,6620.0,36753.5,5.5518882175226585,Parma,1.0,1,1,0,0,complete,False,False
Parma,2015,Grain maize,4960.0,38940.0,7.850806451612903,Parma,1.0,1,1,0,0,complete,False,False
Parma,2015,Soft wheat,11310.0,61162.0,5.407780725022104,Parma,1.0,1,1,0,0,complete,False,False
Parma,2016,Durum wheat,8300.0,46480.0,5.6,Parma,1.0,1,1,0,0,complete,False,False
Parma,2016,Grain maize,4560.0,41040.0,9.0,Parma,1.0,1,1,0,0,complete,False,False
Parma,2016,Soft wheat,11400.0,68400.0,6.0,Parma,1.0,1,1,0,0,complete,False,False
Parma,2017,Durum wheat,8500.0,48390.0,5.692941176470589,Parma,1.0,1,1,0,0,complete,False,False
Parma,2017,Grain maize,4300.0,33540.0,7.8,Parma,1.0,1,1,0,0,complete,False,False
Parma,2017,Soft wheat,11300.0,69520.0,6.152212389380531,Parma,1.0,1,1,0,0,complete,False,False
Parma,2018,Durum wheat,8600.0,50351.0,5.854767441860465,Parma,1.0,1,1,0,0,complete,False,False
Parma,2018,Grain maize,4200.0,33600.0,8.0,Parma,1.0,1,1,0,0,complete,False,False
Parma,2018,Soft wheat,11700.0,73218.0,6.257948717948718,Parma,1.0,1,1,0,0,complete,False,False
Parma,2019,Durum wheat,7400.0,38478.0,5.19972972972973,Parma,1.0,1,1,0,0,complete,False,False
Parma,2019,Grain maize,4020.0,30552.0,7.6,Parma,1.0,1,1,0,0,complete,False,False
Parma,2019,Soft wheat,12300.0,65190.0,5.3,Parma,1.0,1,1,0,0,complete,False,False
Parma,2020,Durum wheat,7450.0,37399.0,5.02,Parma,1.0,1,1,0,0,complete,False,False
Parma,2020,Grain maize,3900.0,29250.0,7.5,Parma,1.0,1,1,0,0,complete,False,False
Parma,2020,Soft wheat,12350.0,63232.0,5.12,Parma,1.0,1,1,0,0,complete,False,False
Parma,2021,Durum wheat,6064.0,45480.0,7.5,Parma,1.0,1,1,0,0,complete,False,False
Parma,2021,Grain maize,3476.0,31285.2,9.000345224395858,Parma,1.0,1,1,0,0,complete,False,False
Parma,2021,Soft wheat,11181.0,83857.5,7.5,Parma,1.0,1,1,0,0,complete,False,False
Parma,2022,Durum wheat,7494.0,38218.7,5.0999065919402184,Parma,1.0,1,1,0,0,complete,False,False
Parma,2022,Grain maize,3626.0,18872.0,5.204633204633205,Parma,1.0,1,1,0,0,complete,False,False
Parma,2022,Soft wheat,10868.0,58689.8,5.400239234449761,Parma,1.0,1,1,0,0,complete,False,False
Pavia,1995,Durum wheat,280.0,1506.0,5.378571428571429,Pavia,1.0,1,1,0,0,complete,False,False
Pavia,1995,Grain maize,22550.0,223102.0,9.893658536585367,Pavia,1.0,1,1,0,0,complete,False,False
Pavia,1995,Soft wheat,12403.0,66391.1,5.352825929210676,Pavia,1.0,1,1,0,0,complete,False,False
Pavia,1996,Durum wheat,200.0,1170.0,5.85,Pavia,1.0,1,1,0,0,complete,False,False
Pavia,1996,Grain maize,29550.0,283699.0,9.600642978003384,Pavia,1.0,1,1,0,0,complete,False,False
Pavia,1996,Soft wheat,13650.0,81296.0,5.955750915750916,Pavia,1.0,1,1,0,0,complete,False,False
Pavia,1997,Durum wheat,80.0,400.0,5.0,Pavia,1.0,1,1,0,0,complete,False,False
Pavia,1997,Grain maize,30330.0,281410.0,9.27827233761952,Pavia,1.0,1,1,0,0,complete,True,False
Pavia,1997,Soft wheat,12175.0,63657.0,5.228501026694045,Pavia,1.0,1,1,0,0,complete,False,False
Pavia,1998,Durum wheat,150.0,900.0,6.0,Pavia,1.0,1,1,0,0,complete,False,False
Pavia,1998,Grain maize,28500.0,326580.0,11.458947368421052,Pavia,1.0,1,1,0,0,complete,True,False
Pavia,1998,Soft wheat,13024.0,82904.2,6.365494471744472,Pavia,1.0,1,1,0,0,complete,False,False
Pavia,1999,Durum wheat,100.0,500.0,5.0,Pavia,1.0,1,1,0,0,complete,False,False
Pavia,1999,Grain maize,30650.0,326580.0,10.655138662316476,Pavia,1.0,1,1,0,0,complete,False,False
Pavia,1999,Soft wheat,14200.0,72285.0,5.090492957746479,Pavia,1.0,1,1,0,0,complete,False,False
Pavia,2000,Durum wheat,140.0,700.0,5.0,Pavia,1.0,1,1,0,0,complete,False,False
Pavia,2000,Grain maize,32000.0,336000.0,10.5,Pavia,1.0,1,1,0,0,complete,False,False
Pavia,2000,Soft wheat,12850.0,65353.0,5.085836575875486,Pavia,1.0,1,1,0,0,complete,False,False
Pavia,2001,Durum wheat,100.0,500.0,5.0,Pavia,1.0,1,1,0,0,complete,False,False
Pavia,2001,Grain maize,33170.0,373550.0,11.261682242990654,Pavia,1.0,1,1,0,0,complete,False,False
Pavia,2001,Soft wheat,12025.0,61003.0,5.073014553014553,Pavia,1.0,1,1,0,0,complete,False,False
Pavia,2002,Durum wheat,250.0,1400.0,5.6,Pavia,1.0,1,1,0,0,complete,False,False
Pavia,2002,Grain maize,29075.0,341125.0,11.732588134135856,Pavia,1.0,1,1,0,0,complete,False,False
Pavia,2002,Soft wheat,17800.0,106540.0,5.985393258426966,Pavia,1.0,1,1,0,0,complete,False,False
Pavia,2003,Durum wheat,220.0,1100.0,5.0,Pavia,1.0,1,1,0,0,complete,False,False
Pavia,2003,Grain maize,28335.0,233225.0,8.230986412563967,Pavia,1.0,1,1,0,0,complete,False,False
Pavia,2003,Soft wheat,15650.0,79745.0,5.095527156549521,Pavia,1.0,1,1,0,0,complete,False,False
Pavia,2004,Durum wheat,1300.0,7500.0,5.769230769230769,Pavia,1.0,1,1,0,0,complete,False,False
Pavia,2004,Grain maize,26550.0,272630.0,10.268549905838041,Pavia,1.0,1,1,0,0,complete,False,False
Pavia,2004,Soft wheat,13350.0,83880.0,6.28314606741573,Pavia,1.0,1,1,0,0,complete,False,False
Pavia,2005,Durum wheat,900.0,5400.0,6.0,Pavia,1.0,1,1,0,0,complete,False,False
Pavia,2005,Grain maize,25770.0,271121.0,10.52079937912301,Pavia,1.0,1,1,0,0,complete,False,False
Pavia,2005,Soft wheat,14260.0,90029.0,6.313394109396914,Pavia,1.0,1,1,0,0,complete,False,False
Pavia,2006,Durum wheat,1560.0,10530.0,6.75,Pavia,1.0,1,1,0,0,complete,False,False
Pavia,2006,Grain maize,22250.0,214970.0,9.661573033707866,Pavia,1.0,1,1,0,0,complete,False,False
Pavia,2006,Soft wheat,13200.0,89490.0,6.779545454545454,Pavia,1.0,1,1,0,0,complete,False,False
Pavia,2007,Durum wheat,2000.0,8345.0,4.1725,Pavia,1.0,1,1,0,0,complete,False,False
Pavia,2007,Grain maize,20700.0,184172.5,8.897222222222222,Pavia,1.0,1,1,0,0,complete,False,False
Pavia,2007,Soft wheat,14250.0,62110.0,4.35859649122807,Pavia,1.0,1,1,0,0,complete,False,False
Pavia,2008,Durum wheat,3590.0,15778.0,4.394986072423398,Pavia,1.0,1,1,0,0,complete,False,False
Pavia,2008,Grain maize,26030.0,280860.0,10.789857856319632,Pavia,1.0,1,1,0,0,complete,False,False
Pavia,2008,Soft wheat,15900.0,80350.0,5.053459119496855,Pavia,1.0,1,1,0,0,complete,False,False
Pavia,2009,Durum wheat,2352.0,10560.5,4.49000850340136,Pavia,1.0,1,1,0,0,complete,False,False
Pavia,2009,Grain maize,22550.0,230550.0,10.223946784922395,Pavia,1.0,1,1,0,0,complete,False,False
Pavia,2009,Soft wheat,12663.0,50652.0,4.0,Pavia,1.0,1,1,0,0,complete,False,False
Pavia,2010,Durum wheat,1500.0,7933.0,5.288666666666667,Pavia,1.0,1,1,0,0,complete,False,False
Pavia,2010,Grain maize,19000.0,211300.0,11.121052631578948,Pavia,1.0,1,1,0,0,complete,False,False
Pavia,2010,Soft wheat,11500.0,63660.0,5.535652173913044,Pavia,1.0,1,1,0,0,complete,False,False
Pavia,2011,Durum wheat,1200.0,5400.0,4.5,Pavia,1.0,1,1,0,0,complete,False,False
Pavia,2011,Grain maize,24000.0,278900.0,11.620833333333334,Pavia,1.0,1,1,0,0,complete,False,False
Pavia,2011,Soft wheat,9500.0,42000.0,4.421052631578948,Pavia,1.0,1,1,0,0,complete,False,False
Pavia,2012,Durum wheat,950.0,5212.5,5.4868421052631575,Pavia,1.0,1,1,0,0,complete,False,False
Pavia,2012,Grain maize,23000.0,244080.0,10.612173913043478,Pavia,1.0,1,1,0,0,complete,False,False
Pavia,2012,Soft wheat,11200.0,63014.0,5.62625,Pavia,1.0,1,1,0,0,complete,False,False
Pavia,2013,Durum wheat,850.0,3823.0,4.49764705882353,Pavia,1.0,1,1,0,0,complete,False,False
Pavia,2013,Grain maize,24500.0,183250.0,7.479591836734694,Pavia,1.0,1,1,0,0,complete,False,False
Pavia,2013,Soft wheat,11900.0,55150.0,4.6344537815126055,Pavia,1.0,1,1,0,0,complete,False,False
Pavia,2014,Durum wheat,920.0,4504.0,4.895652173913043,Pavia,1.0,1,1,0,0,complete,False,False
Pavia,2014,Grain maize,22700.0,242900.0,10.700440528634362,Pavia,1.0,1,1,0,0,complete,False,False
Pavia,2014,Soft wheat,11250.0,59725.0,5.308888888888889,Pavia,1.0,1,1,0,0,complete,False,False
Pavia,2015,Durum wheat,1870.0,8425.2,4.505454545454546,Pavia,1.0,1,1,0,0,complete,False,False
Pavia,2015,Grain maize,18000.0,180240.0,10.013333333333334,Pavia,1.0,1,1,0,0,complete,False,False
Pavia,2015,Soft wheat,10350.0,52765.0,5.098067632850242,Pavia,1.0,1,1,0,0,complete,False,False
Pavia,2016,Durum wheat,2820.0,15530.0,5.50709219858156,Pavia,1.0,1,1,0,0,complete,False,False
Pavia,2016,Grain maize,15600.0,169436.0,10.861282051282052,Pavia,1.0,1,1,0,0,complete,False,False
Pavia,2016,Soft wheat,10900.0,63000.0,5.779816513761468,Pavia,1.0,1,1,0,0,complete,False,False
Pavia,2017,Durum wheat,1900.0,10811.0,5.69,Pavia,1.0,1,1,0,0,complete,False,False
Pavia,2017,Grain maize,16600.0,155845.0,9.388253012048192,Pavia,1.0,1,1,0,0,complete,False,False
Pavia,2017,Soft wheat,9900.0,59700.0,6.03030303030303,Pavia,1.0,1,1,0,0,complete,False,False
Pavia,2018,Durum wheat,1800.0,8795.0,4.886111111111111,Pavia,1.0,1,1,0,0,complete,False,False
Pavia,2018,Grain maize,15600.0,174973.0,11.216217948717949,Pavia,1.0,1,1,0,0,complete,False,False
Pavia,2018,Soft wheat,11000.0,57800.0,5.254545454545455,Pavia,1.0,1,1,0,0,complete,False,False
Pavia,2019,Durum wheat,1020.0,5249.0,5.146078431372549,Pavia,1.0,1,1,0,0,complete,False,False
Pavia,2019,Grain maize,15000.0,161713.0,10.780866666666666,Pavia,1.0,1,1,0,0,complete,False,False
Pavia,2019,Soft wheat,10600.0,58880.0,5.554716981132075,Pavia,1.0,1,1,0,0,complete,False,False
Pavia,2020,Durum wheat,1680.0,8767.0,5.218452380952381,Pavia,1.0,1,1,0,0,complete,False,False
Pavia,2020,Grain maize,13800.0,157050.0,11.380434782608695,Pavia,1.0,1,1,0,0,complete,False,False
Pavia,2020,Soft wheat,9100.0,52205.0,5.736813186813187,Pavia,1.0,1,1,0,0,complete,False,False
Pavia,2021,Durum wheat,1520.0,8988.0,5.913157894736842,Pavia,1.0,1,1,0,0,complete,False,False
Pavia,2021,Grain maize,13600.0,144020.0,10.589705882352941,Pavia,1.0,1,1,0,0,complete,False,False
Pavia,2021,Soft wheat,11220.0,73179.0,6.522192513368984,Pavia,1.0,1,1,0,0,complete,False,False
Pavia,2022,Durum wheat,1940.0,9746.0,5.0237113402061855,Pavia,1.0,1,1,0,0,complete,False,False
Pavia,2022,Grain maize,13000.0,95230.0,7.325384615384616,Pavia,1.0,1,1,0,0,complete,False,False
Pavia,2022,Soft wheat,11400.0,62600.0,5.491228070175438,Pavia,1.0,1,1,0,0,complete,False,False
Perugia,1995,Durum wheat,6038.0,25359.6,4.2,Perugia,1.0,1,1,0,0,complete,False,False
Perugia,1995,Grain maize,10785.0,100300.5,9.3,Perugia,1.0,1,1,0,0,complete,False,False
Perugia,1995,Soft wheat,80410.0,353804.0,4.4,Perugia,1.0,1,1,0,0,complete,False,False
Perugia,1996,Durum wheat,6360.0,26246.7,4.126839622641509,Perugia,1.0,1,1,0,0,complete,False,False
Perugia,1996,Grain maize,10000.0,92090.0,9.209,Perugia,1.0,1,1,0,0,complete,False,False
Perugia,1996,Soft wheat,66136.0,325660.4,4.924101850731826,Perugia,1.0,1,1,0,0,complete,False,False
Perugia,1997,Durum wheat,6000.0,22800.0,3.8,Perugia,1.0,1,1,0,0,complete,False,False
Perugia,1997,Grain maize,16200.0,121950.0,7.527777777777778,Perugia,1.0,1,1,0,0,complete,True,False
Perugia,1997,Soft wheat,60000.0,264000.0,4.4,Perugia,1.0,1,1,0,0,complete,False,False
Perugia,1998,Durum wheat,6108.0,21659.0,3.5460052390307792,Perugia,1.0,1,1,0,0,complete,False,False
Perugia,1998,Grain maize,16200.0,161900.0,9.993827160493828,Perugia,1.0,1,1,0,0,complete,True,False
Perugia,1998,Soft wheat,65000.0,268488.0,4.130584615384615,Perugia,1.0,1,1,0,0,complete,False,False
Perugia,1999,Durum wheat,6190.0,24760.0,4.0,Perugia,1.0,1,1,0,0,complete,False,False
Perugia,1999,Grain maize,16190.0,161900.0,10.0,Perugia,1.0,1,1,0,0,complete,False,False
Perugia,1999,Soft wheat,59920.0,269640.0,4.5,Perugia,1.0,1,1,0,0,complete,False,False
Perugia,2000,Durum wheat,6346.0,26922.2,4.242388906397731,Perugia,1.0,1,1,0,0,complete,False,False
Perugia,2000,Grain maize,16056.0,173031.0,10.776718983557549,Perugia,1.0,1,1,0,0,complete,False,False
Perugia,2000,Soft wheat,60262.0,291685.0,4.840280773953736,Perugia,1.0,1,1,0,0,complete,False,False
Perugia,2001,Durum wheat,6315.0,22102.5,3.5,Perugia,1.0,1,1,0,0,complete,False,False
Perugia,2001,Grain maize,14185.0,153525.0,10.823052520267888,Perugia,1.0,1,1,0,0,complete,False,False
Perugia,2001,Soft wheat,60100.0,270450.0,4.5,Perugia,1.0,1,1,0,0,complete,False,False
Perugia,2002,Durum wheat,6232.0,26294.9,4.219335686777921,Perugia,1.0,1,1,0,0,complete,False,False
Perugia,2002,Grain maize,14230.0,153685.0,10.800070274068869,Perugia,1.0,1,1,0,0,complete,False,False
Perugia,2002,Soft wheat,60147.0,260882.0,4.337406686950305,Perugia,1.0,1,1,0,0,complete,False,False
Perugia,2003,Durum wheat,6166.0,19731.2,3.2,Perugia,1.0,1,1,0,0,complete,False,False
Perugia,2003,Grain maize,14300.0,134550.0,9.409090909090908,Perugia,1.0,1,1,0,0,complete,False,False
Perugia,2003,Soft wheat,60140.0,240560.0,4.0,Perugia,1.0,1,1,0,0,complete,False,False
Perugia,2004,Durum wheat,6180.0,33756.0,5.462135922330097,Perugia,1.0,1,1,0,0,complete,False,False
Perugia,2004,Grain maize,14303.0,120145.2,8.4,Perugia,1.0,1,1,0,0,complete,False,False
Perugia,2004,Soft wheat,60200.0,361200.0,6.0,Perugia,1.0,1,1,0,0,complete,False,False
Perugia,2005,Durum wheat,6185.0,34017.5,5.5,Perugia,1.0,1,1,0,0,complete,False,False
Perugia,2005,Grain maize,14297.0,128299.9,8.973903616143247,Perugia,1.0,1,1,0,0,complete,False,False
Perugia,2005,Soft wheat,60210.0,361260.0,6.0,Perugia,1.0,1,1,0,0,complete,False,False
Perugia,2006,Durum wheat,5340.0,29370.0,5.5,Perugia,1.0,1,1,0,0,complete,False,False
Perugia,2006,Grain maize,14400.0,129600.0,9.0,Perugia,1.0,1,1,0,0,complete,False,False
Perugia,2006,Soft wheat,54253.0,325518.0,6.0,Perugia,1.0,1,1,0,0,complete,False,False
Perugia,2007,Durum wheat,6133.0,36184.7,5.8999999999999995,Perugia,1.0,1,1,0,0,complete,False,False
Perugia,2007,Grain maize,14500.0,130500.0,9.0,Perugia,1.0,1,1,0,0,complete,False,False
Perugia,2007,Soft wheat,60300.0,379890.0,6.3,Perugia,1.0,1,1,0,0,complete,False,False
Perugia,2008,Durum wheat,6150.0,36900.0,6.0,Perugia,1.0,1,1,0,0,complete,False,False
Perugia,2008,Grain maize,13600.0,129200.0,9.5,Perugia,1.0,1,1,0,0,complete,False,False
Perugia,2008,Soft wheat,60400.0,392600.0,6.5,Perugia,1.0,1,1,0,0,complete,False,False
Perugia,2009,Durum wheat,6200.0,38440.0,6.2,Perugia,1.0,1,1,0,0,complete,False,False
Perugia,2009,Grain maize,13800.0,149900.0,10.86231884057971,Perugia,1.0,1,1,0,0,complete,False,False
Perugia,2009,Soft wheat,60500.0,393250.0,6.5,Perugia,1.0,1,1,0,0,complete,False,False
Perugia,2010,Durum wheat,12500.0,81250.0,6.5,Perugia,1.0,1,1,0,0,complete,False,False
Perugia,2010,Grain maize,11000.0,115500.0,10.5,Perugia,1.0,1,1,0,0,complete,False,False
Perugia,2010,Soft wheat,50000.0,340000.0,6.8,Perugia,1.0,1,1,0,0,complete,False,False
Perugia,2011,Durum wheat,12600.0,81316.0,6.453650793650794,Perugia,1.0,1,1,0,0,complete,False,False
Perugia,2011,Grain maize,11000.0,110000.0,10.0,Perugia,1.0,1,1,0,0,complete,False,False
Perugia,2011,Soft wheat,52000.0,350000.0,6.730769230769231,Perugia,1.0,1,1,0,0,complete,False,False
Perugia,2012,Durum wheat,12600.0,81900.0,6.5,Perugia,1.0,1,1,0,0,complete,False,False
Perugia,2012,Grain maize,11000.0,88000.0,8.0,Perugia,1.0,1,1,0,0,complete,False,False
Perugia,2012,Soft wheat,55000.0,385000.0,7.0,Perugia,1.0,1,1,0,0,complete,False,False
Perugia,2013,Durum wheat,12600.0,81000.0,6.428571428571429,Perugia,1.0,1,1,0,0,complete,True,False
Perugia,2013,Grain maize,12100.0,121000.0,10.0,Perugia,1.0,1,1,0,0,complete,False,False
Perugia,2013,Soft wheat,55000.0,360000.0,6.545454545454546,Perugia,1.0,1,1,0,0,complete,True,False
Perugia,2014,Durum wheat,12585.0,80300.0,6.380611839491458,Perugia,1.0,1,1,0,0,complete,False,False
Perugia,2014,Grain maize,12200.0,90000.0,7.377049180327869,Perugia,1.0,1,1,0,0,complete,False,False
Perugia,2014,Soft wheat,55100.0,360000.0,6.533575317604356,Perugia,1.0,1,1,0,0,complete,False,False
Perugia,2015,Durum wheat,12720.0,80680.0,6.3427672955974845,Perugia,1.0,1,1,0,0,complete,False,False
Perugia,2015,Grain maize,12300.0,110700.0,9.0,Perugia,1.0,1,1,0,0,complete,False,False
Perugia,2015,Soft wheat,55500.0,384000.0,6.918918918918919,Perugia,1.0,1,1,0,0,complete,False,False
Perugia,2016,Durum wheat,28000.0,140000.0,5.0,Perugia,1.0,1,1,0,0,complete,False,False
Perugia,2016,Grain maize,5000.0,45000.0,9.0,Perugia,1.0,1,1,0,0,complete,False,False
Perugia,2016,Soft wheat,15000.0,80000.0,5.333333333333333,Perugia,1.0,1,1,0,0,complete,False,False
Perugia,2017,Durum wheat,18400.0,83000.0,4.510869565217392,Perugia,1.0,1,1,0,0,complete,False,False
Perugia,2017,Grain maize,5600.0,43000.0,7.678571428571429,Perugia,1.0,1,1,0,0,complete,False,False
Perugia,2017,Soft wheat,19600.0,95000.0,4.846938775510204,Perugia,1.0,1,1,0,0,complete,False,False
Perugia,2018,Durum wheat,18000.0,90000.0,5.0,Perugia,1.0,1,1,0,0,complete,False,False
Perugia,2018,Grain maize,11000.0,100000.0,9.090909090909092,Perugia,1.0,1,1,0,0,complete,False,False
Perugia,2018,Soft wheat,22000.0,120000.0,5.454545454545454,Perugia,1.0,1,1,0,0,complete,False,False
Perugia,2019,Durum wheat,19000.0,90000.0,4.7368421052631575,Perugia,1.0,1,1,0,0,complete,False,False
Perugia,2019,Grain maize,10000.0,120000.0,12.0,Perugia,1.0,1,1,0,0,complete,False,False
Perugia,2019,Soft wheat,23000.0,130000.0,5.6521739130434785,Perugia,1.0,1,1,0,0,complete,False,False
Perugia,2020,Durum wheat,18500.0,83000.0,4.486486486486487,Perugia,1.0,1,1,0,0,complete,False,False
Perugia,2020,Grain maize,9500.0,80000.0,8.421052631578947,Perugia,1.0,1,1,0,0,complete,False,False
Perugia,2020,Soft wheat,19500.0,95000.0,4.871794871794871,Perugia,1.0,1,1,0,0,complete,False,False
Perugia,2021,Durum wheat,18500.0,80000.0,4.324324324324325,Perugia,1.0,1,1,0,0,complete,False,False
Perugia,2021,Grain maize,9600.0,90000.0,9.375,Perugia,1.0,1,1,0,0,complete,False,False
Perugia,2022,Durum wheat,18500.0,73000.0,3.945945945945946,Perugia,1.0,1,1,0,0,complete,False,False
Perugia,2022,Grain maize,6000.0,49000.0,8.166666666666666,Perugia,1.0,1,1,0,0,complete,False,False
Perugia,2022,Soft wheat,22000.0,88000.0,4.0,Perugia,1.0,1,1,0,0,complete,False,False
Pesaro e Urbino,1995,Durum wheat,29088.82,104494.41,3.5922533124409997,MARCHE_FERMO,1.0,1,1,0,0,complete,False,True
Pesaro e Urbino,1995,Grain maize,1524.6,11428.33,7.4959530368621285,MARCHE_FERMO,1.0,1,1,0,0,complete,False,True
Pesaro e Urbino,1995,Soft wheat,13968.75,59573.97,4.264803221476511,MARCHE_FERMO,1.0,1,1,0,0,complete,False,True
Pesaro e Urbino,1996,Durum wheat,30603.24,107664.49,3.518074883574419,MARCHE_FERMO,1.0,1,1,0,0,complete,False,True
Pesaro e Urbino,1996,Grain maize,1538.5,10803.2,7.021904452388691,MARCHE_FERMO,1.0,1,1,0,0,complete,False,True
Pesaro e Urbino,1996,Soft wheat,9231.92,39451.22,4.273349422438669,MARCHE_FERMO,1.0,1,1,0,0,complete,False,True
Pesaro e Urbino,1997,Durum wheat,30598.61,111419.78,3.641334688078968,MARCHE_FERMO,1.0,1,1,0,0,complete,False,True
Pesaro e Urbino,1997,Grain maize,1655.21,10307.85,6.22751795844636,MARCHE_FERMO,1.0,1,1,0,0,complete,True,True
Pesaro e Urbino,1997,Soft wheat,4973.03,19622.1,3.9457031226435393,MARCHE_FERMO,1.0,1,1,0,0,complete,False,True
Pesaro e Urbino,1998,Durum wheat,30598.61,130941.39,4.279324779785749,MARCHE_FERMO,1.0,1,1,0,0,complete,False,True
Pesaro e Urbino,1998,Grain maize,1638.53,10402.69,6.348794346151734,MARCHE_FERMO,1.0,1,1,0,0,complete,False,True
Pesaro e Urbino,1998,Soft wheat,5049.91,23043.57,4.563164492040452,MARCHE_FERMO,1.0,1,1,0,0,complete,False,True
Pesaro e Urbino,1999,Durum wheat,30658.81,111872.62,3.648955063813631,MARCHE_FERMO,1.0,1,1,0,0,complete,False,True
Pesaro e Urbino,1999,Grain maize,1610.75,10402.69,6.458289616638212,MARCHE_FERMO,1.0,1,1,0,0,complete,False,True
Pesaro e Urbino,1999,Soft wheat,3963.42,15688.7,3.958374333277826,MARCHE_FERMO,1.0,1,1,0,0,complete,False,True
Pesaro e Urbino,2000,Durum wheat,30611.58,111920.88,3.6561614918276026,MARCHE_FERMO,1.0,1,1,0,0,complete,False,True
Pesaro e Urbino,2000,Grain maize,1356.03,7963.6,5.872731429245666,MARCHE_FERMO,1.0,1,1,0,0,complete,False,True
Pesaro e Urbino,2000,Soft wheat,3982.87,17135.59,4.302322194799228,MARCHE_FERMO,1.0,1,1,0,0,complete,False,True
Pesaro e Urbino,2001,Durum wheat,30621.76,115207.21,3.7622661140313296,MARCHE_FERMO,1.0,1,1,0,0,complete,False,True
Pesaro e Urbino,2001,Grain maize,1565.36,9861.76,6.299994889354526,MARCHE_FERMO,1.0,1,1,0,0,complete,False,True
Pesaro e Urbino,2001,Soft wheat,4371.89,18307.2,4.187479556896445,MARCHE_FERMO,1.0,1,1,0,0,complete,False,True
Pesaro e Urbino,2002,Durum wheat,30621.76,123271.68,4.0256236088324115,MARCHE_FERMO,1.0,1,1,0,0,complete,False,True
Pesaro e Urbino,2002,Grain maize,1722.82,10209.11,5.925813491833158,MARCHE_FERMO,1.0,1,1,0,0,complete,False,True
Pesaro e Urbino,2002,Soft wheat,4371.89,18673.35,4.271230520438528,MARCHE_FERMO,1.0,1,1,0,0,complete,False,True
Pesaro e Urbino,2003,Durum wheat,30088.25,114924.7,3.819587380455826,MARCHE_FERMO,1.0,1,1,0,0,complete,False,True
Pesaro e Urbino,2003,Grain maize,1583.88,9503.31,6.00001894082885,MARCHE_FERMO,1.0,1,1,0,0,complete,False,True
Pesaro e Urbino,2003,Soft wheat,4307.05,18027.11,4.185488907721062,MARCHE_FERMO,1.0,1,1,0,0,complete,False,True
Pesaro e Urbino,2004,Durum wheat,30491.16,121708.54,3.9916008443102853,MARCHE_FERMO,1.0,1,1,0,0,complete,False,True
Pesaro e Urbino,2004,Grain maize,1623.71,9829.16,6.053519409254116,MARCHE_FERMO,1.0,1,1,0,0,complete,False,True
Pesaro e Urbino,2004,Soft wheat,4345.03,18324.34,4.217310352287557,MARCHE_FERMO,1.0,1,1,0,0,complete,False,True
Pesaro e Urbino,2005,Durum wheat,28860.97,114142.49,3.954908306962656,MARCHE_FERMO,1.0,1,1,0,0,complete,False,True
Pesaro e Urbino,2005,Grain maize,1620.01,9687.63,5.979981605051821,MARCHE_FERMO,1.0,1,1,0,0,complete,False,True
Pesaro e Urbino,2005,Soft wheat,4612.72,20111.44,4.359995837596905,MARCHE_FERMO,1.0,1,1,0,0,complete,False,True
Pesaro e Urbino,2006,Durum wheat,25396.8,101590.53,4.000131118881119,MARCHE_FERMO,1.0,1,1,0,0,complete,False,True
Pesaro e Urbino,2006,Grain maize,1616.3,9711.43,6.008432840438038,MARCHE_FERMO,1.0,1,1,0,0,complete,False,True
Pesaro e Urbino,2006,Soft wheat,4473.78,19163.8,4.283581222143243,MARCHE_FERMO,1.0,1,1,0,0,complete,False,True
Pesaro e Urbino,2007,Durum wheat,25518.14,100173.74,3.925589404243413,MARCHE_FERMO,1.0,1,1,0,0,complete,False,True
Pesaro e Urbino,2007,Grain maize,1618.16,9501.73,5.871934790132001,MARCHE_FERMO,1.0,1,1,0,0,complete,False,True
Pesaro e Urbino,2007,Soft wheat,4479.34,19417.4,4.334879692097497,MARCHE_FERMO,1.0,1,1,0,0,complete,False,True
Pesaro e Urbino,2008,Durum wheat,27314.13,109763.28,4.018553034638115,MARCHE_FERMO,1.0,1,1,0,0,complete,False,True
Pesaro e Urbino,2008,Grain maize,938.29,5563.88,5.9298084813863525,MARCHE_FERMO,1.0,1,1,0,0,complete,False,True
Pesaro e Urbino,2008,Soft wheat,4514.53,19502.53,4.319946926922626,MARCHE_FERMO,1.0,1,1,0,0,complete,False,True
Pesaro e Urbino,2009,Durum wheat,36254.28,130515.4,3.5999997793363985,MARCHE_FERMO,1.0,1,1,0,0,complete,False,True
Pesaro e Urbino,2009,Grain maize,926.25,3612.37,3.8999946018893388,MARCHE_FERMO,1.0,1,1,0,0,complete,False,True
Pesaro e Urbino,2009,Soft wheat,929.95,2789.86,3.0000107532663045,MARCHE_FERMO,1.0,1,1,0,0,complete,False,True
Pesaro e Urbino,2010,Durum wheat,32591.0,120580.0,3.699794421772882,MARCHE_FERMO,1.0,1,1,0,0,complete,False,False
Pesaro e Urbino,2010,Grain maize,1000.0,5200.0,5.2,MARCHE_FERMO,1.0,1,1,0,0,complete,False,False
Pesaro e Urbino,2010,Soft wheat,2124.0,8496.0,4.0,MARCHE_FERMO,1.0,1,1,0,0,complete,False,False
Pesaro e Urbino,2011,Durum wheat,29550.0,115245.0,3.9,MARCHE_FERMO,1.0,1,1,0,0,complete,False,False
Pesaro e Urbino,2011,Grain maize,840.0,4032.0,4.8,MARCHE_FERMO,1.0,1,1,0,0,complete,False,False
Pesaro e Urbino,2011,Soft wheat,1700.0,680.0,0.4,MARCHE_FERMO,1.0,1,1,0,0,complete,False,False
Pesaro e Urbino,2012,Durum wheat,29840.0,113392.0,3.8,MARCHE_FERMO,1.0,1,1,0,0,complete,False,False
Pesaro e Urbino,2012,Grain maize,1200.0,1870.0,1.5583333333333333,MARCHE_FERMO,1.0,1,1,0,0,complete,False,False
Pesaro e Urbino,2012,Soft wheat,2123.0,6369.0,3.0,MARCHE_FERMO,1.0,1,1,0,0,complete,False,False
Pesaro e Urbino,2013,Durum wheat,23350.0,91065.0,3.9,MARCHE_FERMO,1.0,1,1,0,0,complete,True,False
Pesaro e Urbino,2013,Grain maize,1270.0,2994.0,2.35748031496063,MARCHE_FERMO,1.0,1,1,0,0,complete,False,False
Pesaro e Urbino,2013,Soft wheat,1450.0,5805.0,4.003448275862069,MARCHE_FERMO,1.0,1,1,0,0,complete,True,False
Pesaro e Urbino,2014,Durum wheat,21750.0,87425.5,4.019563218390805,MARCHE_FERMO,1.0,1,1,0,0,complete,False,False
Pesaro e Urbino,2014,Grain maize,1300.0,3380.0,2.6,MARCHE_FERMO,1.0,1,1,0,0,complete,False,False
Pesaro e Urbino,2014,Soft wheat,1320.0,4752.0,3.6,MARCHE_FERMO,1.0,1,1,0,0,complete,False,False
Pesaro e Urbino,2015,Durum wheat,10800.0,46440.0,4.3,MARCHE_FERMO,1.0,1,1,0,0,complete,False,False
Pesaro e Urbino,2015,Grain maize,640.0,1360.0,2.125,MARCHE_FERMO,1.0,1,1,0,0,complete,False,False
Pesaro e Urbino,2015,Soft wheat,750.0,3375.0,4.5,MARCHE_FERMO,1.0,1,1,0,0,complete,False,False
Pesaro e Urbino,2016,Durum wheat,12100.0,47020.0,3.8859504132231404,MARCHE_FERMO,1.0,1,1,0,0,complete,False,False
Pesaro e Urbino,2016,Grain maize,610.0,1210.0,1.9836065573770492,MARCHE_FERMO,1.0,1,1,0,0,complete,False,False
Pesaro e Urbino,2016,Soft wheat,760.0,3410.0,4.4868421052631575,MARCHE_FERMO,1.0,1,1,0,0,complete,False,False
Pesaro e Urbino,2017,Durum wheat,11183.0,40005.0,3.5773048377000807,MARCHE_FERMO,1.0,1,1,0,0,complete,False,False
Pesaro e Urbino,2017,Grain maize,577.0,1120.0,1.9410745233968805,MARCHE_FERMO,1.0,1,1,0,0,complete,False,False
Pesaro e Urbino,2017,Soft wheat,725.0,3310.0,4.56551724137931,MARCHE_FERMO,1.0,1,1,0,0,complete,False,False
Pesaro e Urbino,2018,Durum wheat,10188.73,37161.08,3.6472730163621967,MARCHE_FERMO,1.0,1,1,0,0,complete,False,False
Pesaro e Urbino,2018,Grain maize,602.0,1153.0,1.915282392026578,MARCHE_FERMO,1.0,1,1,0,0,complete,False,False
Pesaro e Urbino,2018,Soft wheat,761.0,3420.0,4.494086727989488,MARCHE_FERMO,1.0,1,1,0,0,complete,False,False
Pesaro e Urbino,2019,Durum wheat,10021.0,37284.7,3.720656621095699,MARCHE_FERMO,1.0,1,1,0,0,complete,False,False
Pesaro e Urbino,2019,Grain maize,590.0,1232.7,2.089322033898305,MARCHE_FERMO,1.0,1,1,0,0,complete,False,False
Pesaro e Urbino,2019,Soft wheat,755.0,3412.0,4.519205298013245,MARCHE_FERMO,1.0,1,1,0,0,complete,False,False
Pesaro e Urbino,2020,Durum wheat,10021.0,37284.7,3.720656621095699,MARCHE_FERMO,1.0,1,1,0,0,complete,False,False
Pesaro e Urbino,2020,Grain maize,590.0,1232.7,2.089322033898305,MARCHE_FERMO,1.0,1,1,0,0,complete,False,False
Pesaro e Urbino,2020,Soft wheat,755.0,3412.0,4.519205298013245,MARCHE_FERMO,1.0,1,1,0,0,complete,False,False
Pesaro e Urbino,2021,Durum wheat,10021.0,37284.7,3.720656621095699,MARCHE_FERMO,1.0,1,1,0,0,complete,False,False
Pesaro e Urbino,2021,Grain maize,590.0,1232.7,2.089322033898305,MARCHE_FERMO,1.0,1,1,0,0,complete,False,False
Pesaro e Urbino,2021,Soft wheat,755.0,3412.0,4.519205298013245,MARCHE_FERMO,1.0,1,1,0,0,complete,False,False
Pesaro e Urbino,2022,Durum wheat,22891.0,105298.6,4.6000000000000005,MARCHE_FERMO,1.0,1,1,0,0,complete,False,False
Pesaro e Urbino,2022,Grain maize,293.0,1113.4,3.8000000000000003,MARCHE_FERMO,1.0,1,1,0,0,complete,False,False
Pesaro e Urbino,2022,Soft wheat,5366.0,21600.6,4.025456578456951,MARCHE_FERMO,1.0,1,1,0,0,complete,False,False
Pescara,1995,Durum wheat,5600.0,26880.0,4.8,Pescara,1.0,1,1,0,0,complete,False,False
Pescara,1995,Grain maize,1450.0,11560.0,7.972413793103448,Pescara,1.0,1,1,0,0,complete,False,False
Pescara,1995,Soft wheat,5600.0,19600.0,3.5,Pescara,1.0,1,1,0,0,complete,False,False
Pescara,1996,Durum wheat,7633.0,30226.7,3.9600026202017555,Pescara,1.0,1,1,0,0,complete,False,False
Pescara,1996,Grain maize,1648.0,13886.0,8.425970873786408,Pescara,1.0,1,1,0,0,complete,False,False
Pescara,1996,Soft wheat,3610.0,14620.5,4.05,Pescara,1.0,1,1,0,0,complete,False,False
Pescara,1997,Durum wheat,8125.0,35987.5,4.429230769230769,Pescara,1.0,1,1,0,0,complete,False,False
Pescara,1997,Grain maize,1470.0,12348.0,8.4,Pescara,1.0,1,1,0,0,complete,False,False
Pescara,1997,Soft wheat,3795.0,17177.5,4.52635046113307,Pescara,1.0,1,1,0,0,complete,False,False
Pescara,1998,Durum wheat,7446.0,32854.3,4.412342197152834,Pescara,1.0,1,1,0,0,complete,False,False
Pescara,1998,Grain maize,1470.0,10688.0,7.270748299319728,Pescara,1.0,1,1,0,0,complete,True,False
Pescara,1998,Soft wheat,3294.0,14648.3,4.446964177292046,Pescara,1.0,1,1,0,0,complete,False,False
Pescara,1999,Durum wheat,8055.0,32695.0,4.058969584109249,Pescara,1.0,1,1,0,0,complete,False,False
Pescara,1999,Grain maize,1273.0,10688.0,8.395915161036921,Pescara,1.0,1,1,0,0,complete,False,False
Pescara,1999,Soft wheat,2806.0,11765.0,4.1928011404134,Pescara,1.0,1,1,0,0,complete,False,False
Pescara,2000,Durum wheat,8055.0,31931.2,3.964146492861577,Pescara,1.0,1,1,0,0,complete,False,False
Pescara,2000,Grain maize,1273.0,10276.2,8.072427336999215,Pescara,1.0,1,1,0,0,complete,False,False
Pescara,2000,Soft wheat,2806.0,11676.0,4.161083392729864,Pescara,1.0,1,1,0,0,complete,False,False
Pescara,2001,Durum wheat,6314.0,28040.5,4.441004117833386,Pescara,1.0,1,1,0,0,complete,False,False
Pescara,2001,Grain maize,1282.0,10520.3,8.206162246489859,Pescara,1.0,1,1,0,0,complete,False,False
Pescara,2001,Soft wheat,1887.0,8284.5,4.390302066772655,Pescara,1.0,1,1,0,0,complete,False,False
Pescara,2002,Durum wheat,6422.0,29142.8,4.537963251323575,Pescara,1.0,1,1,0,0,complete,False,False
Pescara,2002,Grain maize,1026.0,8208.0,8.0,Pescara,1.0,1,1,0,0,complete,False,False
Pescara,2002,Soft wheat,1909.0,8647.5,4.529858564693557,Pescara,1.0,1,1,0,0,complete,False,False
Pescara,2003,Durum wheat,6329.0,28686.6,4.532564386158951,Pescara,1.0,1,1,0,0,complete,False,False
Pescara,2003,Grain maize,1278.0,10692.8,8.366823161189357,Pescara,1.0,1,1,0,0,complete,False,False
Pescara,2003,Soft wheat,1851.0,8386.9,4.531010264721772,Pescara,1.0,1,1,0,0,complete,False,False
Pescara,2004,Durum wheat,6355.0,28811.0,4.533595594020456,Pescara,1.0,1,1,0,0,complete,False,False
Pescara,2004,Grain maize,1304.0,10946.5,8.394555214723926,Pescara,1.0,1,1,0,0,complete,False,False
Pescara,2004,Soft wheat,1839.0,8335.5,4.532626427406199,Pescara,1.0,1,1,0,0,complete,False,False
Pescara,2005,Durum wheat,6355.0,28811.0,4.533595594020456,Pescara,1.0,1,1,0,0,complete,False,False
Pescara,2005,Grain maize,1328.0,11138.0,8.387048192771084,Pescara,1.0,1,1,0,0,complete,False,False
Pescara,2005,Soft wheat,1839.0,8335.5,4.532626427406199,Pescara,1.0,1,1,0,0,complete,False,False
Pescara,2006,Durum wheat,6400.0,28996.0,4.530625,Pescara,1.0,1,1,0,0,complete,False,False
Pescara,2006,Grain maize,1346.0,11171.0,8.299405646359585,Pescara,1.0,1,1,0,0,complete,False,False
Pescara,2006,Soft wheat,1799.0,8161.5,4.5366870483602,Pescara,1.0,1,1,0,0,complete,False,False
Pescara,2007,Durum wheat,6430.0,25000.0,3.8880248833592534,Pescara,1.0,1,1,0,0,complete,False,False
Pescara,2007,Grain maize,1372.0,11221.8,8.179154518950437,Pescara,1.0,1,1,0,0,complete,False,False
Pescara,2007,Soft wheat,1780.0,7800.0,4.382022471910112,Pescara,1.0,1,1,0,0,complete,False,False
Pescara,2008,Durum wheat,6345.0,28500.0,4.491725768321513,Pescara,1.0,1,1,0,0,complete,False,False
Pescara,2008,Grain maize,1393.0,11400.0,8.183776022972003,Pescara,1.0,1,1,0,0,complete,False,False
Pescara,2008,Soft wheat,1705.0,7730.0,4.5337243401759535,Pescara,1.0,1,1,0,0,complete,False,False
Pescara,2009,Durum wheat,8106.0,36720.2,4.530002467308166,Pescara,1.0,1,1,0,0,complete,False,False
Pescara,2009,Grain maize,262.0,1968.9,7.514885496183206,Pescara,1.0,1,1,0,0,complete,False,False
Pescara,2009,Soft wheat,603.0,2743.7,4.550082918739635,Pescara,1.0,1,1,0,0,complete,False,False
Pescara,2010,Durum wheat,6280.0,28479.0,4.5348726114649685,Pescara,1.0,1,1,0,0,complete,False,False
Pescara,2010,Grain maize,1520.0,12595.0,8.286184210526315,Pescara,1.0,1,1,0,0,complete,False,False
Pescara,2010,Soft wheat,1510.0,6875.0,4.552980132450331,Pescara,1.0,1,1,0,0,complete,False,False
Pescara,2011,Durum wheat,6110.0,27725.0,4.537643207855973,Pescara,1.0,1,1,0,0,complete,False,False
Pescara,2011,Grain maize,1455.0,11558.3,7.943848797250858,Pescara,1.0,1,1,0,0,complete,False,False
Pescara,2011,Soft wheat,1624.0,7389.0,4.549876847290641,Pescara,1.0,1,1,0,0,complete,False,False
Pescara,2012,Durum wheat,6015.0,27312.0,4.540648379052369,Pescara,1.0,1,1,0,0,complete,False,False
Pescara,2012,Grain maize,1436.0,11620.9,8.092548746518105,Pescara,1.0,1,1,0,0,complete,True,False
Pescara,2012,Soft wheat,1692.0,7697.0,4.549054373522458,Pescara,1.0,1,1,0,0,complete,False,False
Pescara,2013,Durum wheat,5990.0,27084.5,4.521619365609349,Pescara,1.0,1,1,0,0,complete,False,False
Pescara,2013,Grain maize,1407.0,11544.1,8.204761904761906,Pescara,1.0,1,1,0,0,complete,True,False
Pescara,2013,Soft wheat,1706.0,7711.8,4.520398593200469,Pescara,1.0,1,1,0,0,complete,False,False
Pescara,2014,Durum wheat,5974.0,27030.9,4.5247572815533985,Pescara,1.0,1,1,0,0,complete,False,False
Pescara,2014,Grain maize,1390.0,11490.1,8.266258992805756,Pescara,1.0,1,1,0,0,complete,False,False
Pescara,2014,Soft wheat,1722.0,7781.3,4.518757259001162,Pescara,1.0,1,1,0,0,complete,False,False
Pescara,2015,Durum wheat,5971.0,27057.6,4.531502260927818,Pescara,1.0,1,1,0,0,complete,False,False
Pescara,2015,Grain maize,1399.0,11560.2,8.263187991422445,Pescara,1.0,1,1,0,0,complete,False,False
Pescara,2015,Soft wheat,1723.0,7804.4,4.529541497388276,Pescara,1.0,1,1,0,0,complete,False,False
Pescara,2016,Durum wheat,5925.0,26396.7,4.4551392405063295,Pescara,1.0,1,1,0,0,complete,False,False
Pescara,2016,Grain maize,1404.0,11606.9,8.267022792022791,Pescara,1.0,1,1,0,0,complete,False,False
Pescara,2016,Soft wheat,1739.0,7722.4,4.440713053479011,Pescara,1.0,1,1,0,0,complete,False,False
Pescara,2017,Durum wheat,5950.0,27072.5,4.55,Pescara,1.0,1,1,0,0,complete,False,False
Pescara,2017,Grain maize,1410.0,11731.2,8.32,Pescara,1.0,1,1,0,0,complete,False,False
Pescara,2017,Soft wheat,1742.0,7926.1,4.55,Pescara,1.0,1,1,0,0,complete,False,False
Pescara,2018,Durum wheat,5910.0,22513.0,3.8093062605752963,Pescara,1.0,1,1,0,0,complete,False,False
Pescara,2018,Grain maize,1405.0,11689.6,8.32,Pescara,1.0,1,1,0,0,complete,False,False
Pescara,2018,Soft wheat,1745.0,6750.0,3.8681948424068766,Pescara,1.0,1,1,0,0,complete,False,False
Pescara,2019,Durum wheat,5900.0,22479.0,3.81,Pescara,1.0,1,1,0,0,complete,False,False
Pescara,2019,Grain maize,1400.0,11648.0,8.32,Pescara,1.0,1,1,0,0,complete,False,False
Pescara,2019,Soft wheat,1743.0,6750.0,3.87263339070568,Pescara,1.0,1,1,0,0,complete,False,False
Pescara,2020,Durum wheat,5850.0,26325.0,4.5,Pescara,1.0,1,1,0,0,complete,False,False
Pescara,2020,Grain maize,1400.0,11648.0,8.32,Pescara,1.0,1,1,0,0,complete,False,False
Pescara,2020,Soft wheat,1745.0,6805.5,3.9,Pescara,1.0,1,1,0,0,complete,False,False
Pescara,2021,Durum wheat,5850.0,26325.0,4.5,Pescara,1.0,1,1,0,0,complete,False,False
Pescara,2021,Grain maize,1400.0,11648.0,8.32,Pescara,1.0,1,1,0,0,complete,False,False
Pescara,2021,Soft wheat,1745.0,6805.5,3.9,Pescara,1.0,1,1,0,0,complete,False,False
Pescara,2022,Durum wheat,5855.0,19200.0,3.2792485055508114,Pescara,1.0,1,1,0,0,complete,False,False
Pescara,2022,Grain maize,1410.0,11703.0,8.3,Pescara,1.0,1,1,0,0,complete,False,False
Pescara,2022,Soft wheat,1748.0,5800.0,3.3180778032036615,Pescara,1.0,1,1,0,0,complete,False,False
Piacenza,1995,Durum wheat,700.0,3210.0,4.585714285714285,Piacenza,1.0,1,1,0,0,complete,False,False
Piacenza,1995,Grain maize,6000.0,50780.0,8.463333333333333,Piacenza,1.0,1,1,0,0,complete,False,False
Piacenza,1995,Soft wheat,34000.0,174400.0,5.129411764705883,Piacenza,1.0,1,1,0,0,complete,False,False
Piacenza,1996,Durum wheat,350.0,1600.0,4.571428571428571,Piacenza,1.0,1,1,0,0,complete,False,False
Piacenza,1996,Grain maize,7000.0,57670.0,8.23857142857143,Piacenza,1.0,1,1,0,0,complete,False,False
Piacenza,1996,Soft wheat,33000.0,162500.0,4.924242424242424,Piacenza,1.0,1,1,0,0,complete,False,False
Piacenza,1997,Durum wheat,200.0,800.0,4.0,Piacenza,1.0,1,1,0,0,complete,False,False
Piacenza,1997,Grain maize,7000.0,45600.0,6.514285714285714,Piacenza,1.0,1,1,0,0,complete,True,False
Piacenza,1997,Soft wheat,33000.0,146000.0,4.424242424242424,Piacenza,1.0,1,1,0,0,complete,False,False
Piacenza,1998,Durum wheat,1000.0,4450.0,4.45,Piacenza,1.0,1,1,0,0,complete,False,False
Piacenza,1998,Grain maize,5500.0,67080.0,12.196363636363637,Piacenza,1.0,1,1,0,0,complete,True,False
Piacenza,1998,Soft wheat,29000.0,144000.0,4.9655172413793105,Piacenza,1.0,1,1,0,0,complete,False,False
Piacenza,1999,Durum wheat,1400.0,5550.0,3.9642857142857144,Piacenza,1.0,1,1,0,0,complete,False,False
Piacenza,1999,Grain maize,8200.0,67080.0,8.180487804878048,Piacenza,1.0,1,1,0,0,complete,False,False
Piacenza,1999,Soft wheat,30000.0,131960.0,4.398666666666666,Piacenza,1.0,1,1,0,0,complete,False,False
Piacenza,2000,Durum wheat,2000.0,8880.0,4.44,Piacenza,1.0,1,1,0,0,complete,False,False
Piacenza,2000,Grain maize,8500.0,70700.0,8.31764705882353,Piacenza,1.0,1,1,0,0,complete,False,False
Piacenza,2000,Soft wheat,28500.0,135250.0,4.745614035087719,Piacenza,1.0,1,1,0,0,complete,False,False
Piacenza,2001,Durum wheat,2000.0,8590.0,4.295,Piacenza,1.0,1,1,0,0,complete,False,False
Piacenza,2001,Grain maize,11200.0,94620.0,8.448214285714286,Piacenza,1.0,1,1,0,0,complete,False,False
Piacenza,2001,Soft wheat,29000.0,134500.0,4.637931034482759,Piacenza,1.0,1,1,0,0,complete,False,False
Piacenza,2002,Durum wheat,2100.0,7255.0,3.454761904761905,Piacenza,1.0,1,1,0,0,complete,False,False
Piacenza,2002,Grain maize,10500.0,88790.0,8.456190476190477,Piacenza,1.0,1,1,0,0,complete,False,False
Piacenza,2002,Soft wheat,28000.0,139600.0,4.985714285714286,Piacenza,1.0,1,1,0,0,complete,False,False
Piacenza,2003,Durum wheat,1250.0,5637.0,4.5096,Piacenza,1.0,1,1,0,0,complete,False,False
Piacenza,2003,Grain maize,17000.0,129350.0,7.608823529411764,Piacenza,1.0,1,1,0,0,complete,False,False
Piacenza,2003,Soft wheat,26000.0,130350.0,5.013461538461539,Piacenza,1.0,1,1,0,0,complete,False,False
Piacenza,2004,Durum wheat,1500.0,8550.0,5.7,Piacenza,1.0,1,1,0,0,complete,False,False
Piacenza,2004,Grain maize,14000.0,118300.0,8.45,Piacenza,1.0,1,1,0,0,complete,False,False
Piacenza,2004,Soft wheat,26500.0,154250.0,5.820754716981132,Piacenza,1.0,1,1,0,0,complete,False,False
Piacenza,2005,Durum wheat,1600.0,8375.0,5.234375,Piacenza,1.0,1,1,0,0,complete,False,False
Piacenza,2005,Grain maize,12600.0,104400.0,8.285714285714286,Piacenza,1.0,1,1,0,0,complete,False,False
Piacenza,2005,Soft wheat,27000.0,143840.0,5.327407407407407,Piacenza,1.0,1,1,0,0,complete,False,False
Piacenza,2006,Durum wheat,3000.0,15440.0,5.1466666666666665,Piacenza,1.0,1,1,0,0,complete,False,False
Piacenza,2006,Grain maize,13700.0,109650.0,8.003649635036496,Piacenza,1.0,1,1,0,0,complete,False,False
Piacenza,2006,Soft wheat,26000.0,140120.0,5.389230769230769,Piacenza,1.0,1,1,0,0,complete,False,False
Piacenza,2007,Durum wheat,3512.0,16096.0,4.5831435079726655,Piacenza,1.0,1,1,0,0,complete,False,False
Piacenza,2007,Grain maize,11970.0,122125.0,10.202589807852966,Piacenza,1.0,1,1,0,0,complete,False,False
Piacenza,2007,Soft wheat,29000.0,138420.0,4.773103448275862,Piacenza,1.0,1,1,0,0,complete,False,False
Piacenza,2008,Durum wheat,5695.0,25826.5,4.53494293239684,Piacenza,1.0,1,1,0,0,complete,False,False
Piacenza,2008,Grain maize,13150.0,140388.0,10.675893536121674,Piacenza,1.0,1,1,0,0,complete,False,False
Piacenza,2008,Soft wheat,30670.0,169015.0,5.510759700032605,Piacenza,1.0,1,1,0,0,complete,False,False
Piacenza,2009,Durum wheat,3330.0,14970.0,4.495495495495495,Piacenza,1.0,1,1,0,0,complete,False,False
Piacenza,2009,Grain maize,11845.0,126610.0,10.688898269311945,Piacenza,1.0,1,1,0,0,complete,False,False
Piacenza,2009,Soft wheat,24000.0,119300.0,4.970833333333333,Piacenza,1.0,1,1,0,0,complete,False,False
Piacenza,2010,Durum wheat,3250.0,16790.0,5.166153846153846,Piacenza,1.0,1,1,0,0,complete,False,False
Piacenza,2010,Grain maize,12910.0,138180.0,10.703330751355539,Piacenza,1.0,1,1,0,0,complete,False,False
Piacenza,2010,Soft wheat,22000.0,138600.0,6.3,Piacenza,1.0,1,1,0,0,complete,False,False
Piacenza,2011,Durum wheat,2410.0,9640.0,4.0,Piacenza,1.0,1,1,0,0,complete,False,False
Piacenza,2011,Grain maize,15885.0,217995.0,13.723323890462702,Piacenza,1.0,1,1,0,0,complete,False,False
Piacenza,2011,Soft wheat,16600.0,77450.0,4.6656626506024095,Piacenza,1.0,1,1,0,0,complete,False,False
Piacenza,2012,Durum wheat,2770.0,18390.0,6.6389891696750905,Piacenza,1.0,1,1,0,0,complete,False,False
Piacenza,2012,Grain maize,15420.0,150040.0,9.730220492866406,Piacenza,1.0,1,1,0,0,complete,False,False
Piacenza,2012,Soft wheat,20150.0,151350.0,7.511166253101737,Piacenza,1.0,1,1,0,0,complete,False,False
Piacenza,2013,Durum wheat,2113.0,8594.0,4.0672030288689065,Piacenza,1.0,1,1,0,0,complete,True,False
Piacenza,2013,Grain maize,14865.0,96625.0,6.50016818028927,Piacenza,1.0,1,1,0,0,complete,False,False
Piacenza,2013,Soft wheat,20630.0,108445.0,5.2566650508967525,Piacenza,1.0,1,1,0,0,complete,True,False
Piacenza,2014,Durum wheat,2370.0,10190.0,4.29957805907173,Piacenza,1.0,1,1,0,0,complete,False,False
Piacenza,2014,Grain maize,12700.0,169602.0,13.354488188976378,Piacenza,1.0,1,1,0,0,complete,False,False
Piacenza,2014,Soft wheat,17320.0,93740.0,5.412240184757506,Piacenza,1.0,1,1,0,0,complete,False,False
Piacenza,2015,Durum wheat,4153.0,24417.7,5.879532867806406,Piacenza,1.0,1,1,0,0,complete,False,False
Piacenza,2015,Grain maize,12850.0,160898.2,12.521260700389107,Piacenza,1.0,1,1,0,0,complete,False,False
Piacenza,2015,Soft wheat,16098.0,107456.6,6.675152192818984,Piacenza,1.0,1,1,0,0,complete,False,False
Piacenza,2016,Durum wheat,6900.0,45000.0,6.521739130434782,Piacenza,1.0,1,1,0,0,complete,False,False
Piacenza,2016,Grain maize,9060.0,104000.0,11.479028697571744,Piacenza,1.0,1,1,0,0,complete,False,False
Piacenza,2016,Soft wheat,15900.0,111000.0,6.981132075471698,Piacenza,1.0,1,1,0,0,complete,False,False
Piacenza,2017,Durum wheat,6200.0,35960.0,5.8,Piacenza,1.0,1,1,0,0,complete,False,False
Piacenza,2017,Grain maize,8007.0,76005.0,9.492319220681903,Piacenza,1.0,1,1,0,0,complete,False,False
Piacenza,2017,Soft wheat,18500.0,116550.0,6.3,Piacenza,1.0,1,1,0,0,complete,False,False
Piacenza,2018,Durum wheat,6510.0,32580.0,5.0046082949308754,Piacenza,1.0,1,1,0,0,complete,False,False
Piacenza,2018,Grain maize,7847.0,78700.0,10.029310564546961,Piacenza,1.0,1,1,0,0,complete,False,False
Piacenza,2018,Soft wheat,15550.0,85700.0,5.511254019292605,Piacenza,1.0,1,1,0,0,complete,False,False
Piacenza,2019,Durum wheat,4881.0,22650.0,4.640442532267978,Piacenza,1.0,1,1,0,0,complete,False,False
Piacenza,2019,Grain maize,8695.0,83959.2,9.656032202415181,Piacenza,1.0,1,1,0,0,complete,False,False
Piacenza,2019,Soft wheat,16027.0,79608.5,4.967149185749048,Piacenza,1.0,1,1,0,0,complete,False,False
Piacenza,2020,Durum wheat,4622.0,20872.7,4.515945478147988,Piacenza,1.0,1,1,0,0,complete,False,False
Piacenza,2020,Grain maize,8054.0,85537.2,10.620461882294512,Piacenza,1.0,1,1,0,0,complete,False,False
Piacenza,2020,Soft wheat,14294.0,68283.6,4.777081292850148,Piacenza,1.0,1,1,0,0,complete,False,False
Piacenza,2021,Durum wheat,5189.0,36404.8,7.015764116400078,Piacenza,1.0,1,1,0,0,complete,False,False
Piacenza,2021,Grain maize,8738.0,84277.1,9.644895857175555,Piacenza,1.0,1,1,0,0,complete,False,False
Piacenza,2021,Soft wheat,16012.0,121752.0,7.603797152135898,Piacenza,1.0,1,1,0,0,complete,False,False
Piacenza,2022,Durum wheat,6895.0,43138.8,6.25653372008702,Piacenza,1.0,1,1,0,0,complete,False,False
Piacenza,2022,Grain maize,9337.0,66110.6,7.080496947627719,Piacenza,1.0,1,1,0,0,complete,False,False
Piacenza,2022,Soft wheat,15437.0,98033.2,6.350534430264948,Piacenza,1.0,1,1,0,0,complete,False,False
Pisa,1995,Durum wheat,21650.0,67115.0,3.1,Pisa,1.0,1,1,0,0,complete,False,False
Pisa,1995,Grain maize,5300.0,51000.0,9.622641509433961,Pisa,1.0,1,1,0,0,complete,False,False
Pisa,1995,Soft wheat,5500.0,24175.0,4.3954545454545455,Pisa,1.0,1,1,0,0,complete,False,False
Pisa,1996,Durum wheat,19000.0,57000.0,3.0,Pisa,1.0,1,1,0,0,complete,False,False
Pisa,1996,Grain maize,5300.0,47700.0,9.0,Pisa,1.0,1,1,0,0,complete,False,False
Pisa,1996,Soft wheat,6000.0,24000.0,4.0,Pisa,1.0,1,1,0,0,complete,False,False
Pisa,1997,Durum wheat,19000.0,57000.0,3.0,Pisa,1.0,1,1,0,0,complete,False,False
Pisa,1997,Grain maize,5300.0,16000.0,3.018867924528302,Pisa,1.0,1,1,0,0,complete,True,False
Pisa,1997,Soft wheat,5500.0,22000.0,4.0,Pisa,1.0,1,1,0,0,complete,False,False
Pisa,1998,Durum wheat,19500.0,68250.0,3.5,Pisa,1.0,1,1,0,0,complete,False,False
Pisa,1998,Grain maize,2000.0,41400.0,20.7,Pisa,1.0,1,1,0,0,complete,True,False
Pisa,1998,Soft wheat,5300.0,21200.0,4.0,Pisa,1.0,1,1,0,0,complete,False,False
Pisa,1999,Durum wheat,21000.0,73500.0,3.5,Pisa,1.0,1,1,0,0,complete,False,False
Pisa,1999,Grain maize,4600.0,41400.0,9.0,Pisa,1.0,1,1,0,0,complete,False,False
Pisa,1999,Soft wheat,5000.0,20000.0,4.0,Pisa,1.0,1,1,0,0,complete,False,False
Pisa,2000,Durum wheat,22500.0,60750.0,2.7,Pisa,1.0,1,1,0,0,complete,False,False
Pisa,2000,Grain maize,4800.0,38880.0,8.1,Pisa,1.0,1,1,0,0,complete,False,False
Pisa,2000,Soft wheat,4000.0,14400.0,3.6,Pisa,1.0,1,1,0,0,complete,False,False
Pisa,2001,Durum wheat,20000.0,36000.0,1.8,Pisa,1.0,1,1,0,0,complete,False,False
Pisa,2001,Grain maize,5600.0,40320.0,7.2,Pisa,1.0,1,1,0,0,complete,False,False
Pisa,2001,Soft wheat,3500.0,9450.0,2.7,Pisa,1.0,1,1,0,0,complete,False,False
Pisa,2002,Durum wheat,25000.0,74000.0,2.96,Pisa,1.0,1,1,0,0,complete,False,False
Pisa,2002,Grain maize,5400.0,43000.0,7.962962962962963,Pisa,1.0,1,1,0,0,complete,False,False
Pisa,2002,Soft wheat,5000.0,19000.0,3.8,Pisa,1.0,1,1,0,0,complete,False,False
Pisa,2003,Durum wheat,14500.0,27550.0,1.9,Pisa,1.0,1,1,0,0,complete,False,False
Pisa,2003,Grain maize,6000.0,37050.0,6.175,Pisa,1.0,1,1,0,0,complete,False,False
Pisa,2003,Soft wheat,3000.0,7200.0,2.4,Pisa,1.0,1,1,0,0,complete,False,False
Pisa,2004,Durum wheat,32000.0,125400.0,3.91875,Pisa,1.0,1,1,0,0,complete,False,False
Pisa,2004,Grain maize,6500.0,51000.0,7.846153846153846,Pisa,1.0,1,1,0,0,complete,False,False
Pisa,2004,Soft wheat,2600.0,11450.0,4.403846153846154,Pisa,1.0,1,1,0,0,complete,False,False
Pisa,2005,Durum wheat,20700.0,70500.0,3.4057971014492754,Pisa,1.0,1,1,0,0,complete,False,False
Pisa,2005,Grain maize,3500.0,27000.0,7.714285714285714,Pisa,1.0,1,1,0,0,complete,False,False
Pisa,2005,Soft wheat,2500.0,9600.0,3.84,Pisa,1.0,1,1,0,0,complete,False,False
Pisa,2006,Durum wheat,20700.0,70700.0,3.4154589371980677,Pisa,1.0,1,1,0,0,complete,False,False
Pisa,2006,Grain maize,3500.0,27000.0,7.714285714285714,Pisa,1.0,1,1,0,0,complete,False,False
Pisa,2006,Soft wheat,2500.0,9700.0,3.88,Pisa,1.0,1,1,0,0,complete,False,False
Pisa,2007,Durum wheat,20700.0,70700.0,3.4154589371980677,Pisa,1.0,1,1,0,0,complete,False,False
Pisa,2007,Grain maize,3700.0,28700.0,7.756756756756757,Pisa,1.0,1,1,0,0,complete,False,False
Pisa,2007,Soft wheat,2500.0,9700.0,3.88,Pisa,1.0,1,1,0,0,complete,False,False
Pisa,2008,Durum wheat,22500.0,76390.0,3.395111111111111,Pisa,1.0,1,1,0,0,complete,False,False
Pisa,2008,Grain maize,3700.0,28700.0,7.756756756756757,Pisa,1.0,1,1,0,0,complete,False,False
Pisa,2008,Soft wheat,3300.0,12800.0,3.878787878787879,Pisa,1.0,1,1,0,0,complete,False,False
Pisa,2009,Durum wheat,18212.0,60063.1,3.2979958269273006,Pisa,1.0,1,1,0,0,complete,False,False
Pisa,2009,Grain maize,3297.0,10849.8,3.2908098271155595,Pisa,1.0,1,1,0,0,complete,False,False
Pisa,2009,Soft wheat,1201.0,3919.8,3.2637801831806827,Pisa,1.0,1,1,0,0,complete,False,False
Pisa,2010,Durum wheat,15000.0,44000.0,2.933333333333333,Pisa,1.0,1,1,0,0,complete,False,False
Pisa,2010,Grain maize,4200.0,31920.0,7.6,Pisa,1.0,1,1,0,0,complete,False,False
Pisa,2010,Soft wheat,1800.0,6500.0,3.611111111111111,Pisa,1.0,1,1,0,0,complete,False,False
Pisa,2011,Durum wheat,13400.0,42600.0,3.1791044776119404,Pisa,1.0,1,1,0,0,complete,False,False
Pisa,2011,Grain maize,4100.0,34000.0,8.292682926829269,Pisa,1.0,1,1,0,0,complete,False,False
Pisa,2011,Soft wheat,2300.0,8800.0,3.8260869565217392,Pisa,1.0,1,1,0,0,complete,False,False
Pisa,2012,Durum wheat,17000.0,49020.0,2.8835294117647057,Pisa,1.0,1,1,0,0,complete,True,False
Pisa,2012,Grain maize,4100.0,31000.0,7.560975609756097,Pisa,1.0,1,1,0,0,complete,True,False
Pisa,2012,Soft wheat,2000.0,6100.0,3.05,Pisa,1.0,1,1,0,0,complete,True,False
Pisa,2013,Durum wheat,12000.0,35500.0,2.9583333333333335,Pisa,1.0,1,1,0,0,complete,True,False
Pisa,2013,Grain maize,4300.0,38000.0,8.837209302325581,Pisa,1.0,1,1,0,0,complete,False,False
Pisa,2013,Soft wheat,850.0,3800.0,4.470588235294118,Pisa,1.0,1,1,0,0,complete,True,False
Pisa,2014,Durum wheat,14378.0,42297.8,2.9418417026011965,Pisa,1.0,1,1,0,0,complete,False,False
Pisa,2014,Grain maize,4210.0,36500.0,8.669833729216151,Pisa,1.0,1,1,0,0,complete,False,False
Pisa,2014,Soft wheat,1522.0,5377.8,3.533377135348226,Pisa,1.0,1,1,0,0,complete,False,False
Pisa,2015,Durum wheat,14450.0,42310.0,2.9280276816608994,Pisa,1.0,1,1,0,0,complete,False,False
Pisa,2015,Grain maize,4240.0,37030.0,8.733490566037736,Pisa,1.0,1,1,0,0,complete,False,False
Pisa,2015,Soft wheat,1460.0,5215.0,3.5719178082191783,Pisa,1.0,1,1,0,0,complete,False,False
Pisa,2016,Durum wheat,14300.0,42300.0,2.958041958041958,Pisa,1.0,1,1,0,0,complete,False,False
Pisa,2016,Grain maize,2900.0,27500.0,9.482758620689655,Pisa,1.0,1,1,0,0,complete,False,False
Pisa,2016,Soft wheat,3150.0,11000.0,3.492063492063492,Pisa,1.0,1,1,0,0,complete,False,False
Pisa,2017,Durum wheat,18000.0,41000.0,2.2777777777777777,Pisa,1.0,1,1,0,0,complete,False,False
Pisa,2017,Grain maize,2300.0,17000.0,7.391304347826087,Pisa,1.0,1,1,0,0,complete,False,False
Pisa,2017,Soft wheat,6500.0,17500.0,2.6923076923076925,Pisa,1.0,1,1,0,0,complete,False,False
Pisa,2018,Durum wheat,14100.0,36100.0,2.5602836879432624,Pisa,1.0,1,1,0,0,complete,False,False
Pisa,2018,Grain maize,1800.0,16200.0,9.0,Pisa,1.0,1,1,0,0,complete,False,False
Pisa,2018,Soft wheat,6000.0,20000.0,3.3333333333333335,Pisa,1.0,1,1,0,0,complete,False,False
Pisa,2019,Durum wheat,13612.0,35150.0,2.582280340875698,Pisa,1.0,1,1,0,0,complete,False,False
Pisa,2019,Grain maize,1600.0,14800.0,9.25,Pisa,1.0,1,1,0,0,complete,False,False
Pisa,2019,Soft wheat,6102.0,18620.0,3.051458538184202,Pisa,1.0,1,1,0,0,complete,False,False
Pisa,2020,Durum wheat,13611.0,54700.0,4.018808316802586,Pisa,1.0,1,1,0,0,complete,False,False
Pisa,2020,Grain maize,1572.0,10000.0,6.361323155216285,Pisa,1.0,1,1,0,0,complete,False,False
Pisa,2020,Soft wheat,6101.0,27360.0,4.484510735944927,Pisa,1.0,1,1,0,0,complete,False,False
Pisa,2021,Durum wheat,13039.0,45600.0,3.497200705575581,Pisa,1.0,1,1,0,0,complete,False,False
Pisa,2021,Grain maize,1948.0,13500.0,6.930184804928132,Pisa,1.0,1,1,0,0,complete,False,False
Pisa,2021,Soft wheat,3116.0,11530.0,3.7002567394094994,Pisa,1.0,1,1,0,0,complete,False,False
Pisa,2022,Durum wheat,11902.0,47500.0,3.9909258948075954,Pisa,1.0,1,1,0,0,complete,False,False
Pisa,2022,Grain maize,889.0,6200.0,6.974128233970753,Pisa,1.0,1,1,0,0,complete,False,False
Pisa,2022,Soft wheat,5727.0,2850.0,0.49764274489261395,Pisa,1.0,1,1,0,0,complete,False,False
Pistoia,1995,Durum wheat,30.0,87.0,2.9,Pistoia,1.0,1,1,0,0,complete,False,False
Pistoia,1995,Grain maize,2200.0,18000.0,8.181818181818182,Pistoia,1.0,1,1,0,0,complete,False,False
Pistoia,1995,Soft wheat,340.0,1319.5,3.8808823529411764,Pistoia,1.0,1,1,0,0,complete,False,False
Pistoia,1996,Durum wheat,35.0,105.9,3.025714285714286,Pistoia,1.0,1,1,0,0,complete,False,False
Pistoia,1996,Grain maize,2350.0,18095.0,7.7,Pistoia,1.0,1,1,0,0,complete,False,False
Pistoia,1996,Soft wheat,330.0,1287.0,3.9,Pistoia,1.0,1,1,0,0,complete,False,False
Pistoia,1997,Durum wheat,30.0,96.0,3.2,Pistoia,1.0,1,1,0,0,complete,False,False
Pistoia,1997,Grain maize,2700.0,17040.0,6.311111111111111,Pistoia,1.0,1,1,0,0,complete,True,False
Pistoia,1997,Soft wheat,210.0,777.0,3.7,Pistoia,1.0,1,1,0,0,complete,False,False
Pistoia,1998,Durum wheat,30.0,96.0,3.2,Pistoia,1.0,1,1,0,0,complete,False,False
Pistoia,1998,Grain maize,2400.0,17300.0,7.208333333333333,Pistoia,1.0,1,1,0,0,complete,True,False
Pistoia,1998,Soft wheat,210.0,756.0,3.6,Pistoia,1.0,1,1,0,0,complete,False,False
Pistoia,1999,Durum wheat,30.0,96.0,3.2,Pistoia,1.0,1,1,0,0,complete,False,False
Pistoia,1999,Grain maize,2380.0,17300.0,7.26890756302521,Pistoia,1.0,1,1,0,0,complete,False,False
Pistoia,1999,Soft wheat,210.0,735.0,3.5,Pistoia,1.0,1,1,0,0,complete,False,False
Pistoia,2000,Durum wheat,30.0,91.0,3.033333333333333,Pistoia,1.0,1,1,0,0,complete,False,False
Pistoia,2000,Grain maize,2370.0,15820.0,6.675105485232067,Pistoia,1.0,1,1,0,0,complete,False,False
Pistoia,2000,Soft wheat,205.0,690.0,3.3658536585365852,Pistoia,1.0,1,1,0,0,complete,False,False
Pistoia,2001,Durum wheat,30.0,91.2,3.04,Pistoia,1.0,1,1,0,0,complete,False,False
Pistoia,2001,Grain maize,2350.0,15620.0,6.646808510638298,Pistoia,1.0,1,1,0,0,complete,False,False
Pistoia,2001,Soft wheat,200.0,686.0,3.43,Pistoia,1.0,1,1,0,0,complete,False,False
Pistoia,2002,Durum wheat,30.0,97.0,3.2333333333333334,Pistoia,1.0,1,1,0,0,complete,False,False
Pistoia,2002,Grain maize,2320.0,15428.0,6.65,Pistoia,1.0,1,1,0,0,complete,False,False
Pistoia,2002,Soft wheat,200.0,693.0,3.465,Pistoia,1.0,1,1,0,0,complete,False,False
Pistoia,2003,Durum wheat,30.0,97.0,3.2333333333333334,Pistoia,1.0,1,1,0,0,complete,False,False
Pistoia,2003,Grain maize,2320.0,2000.0,0.8620689655172413,Pistoia,1.0,1,1,0,0,complete,False,False
Pistoia,2003,Soft wheat,200.0,690.0,3.45,Pistoia,1.0,1,1,0,0,complete,False,False
Pistoia,2004,Durum wheat,30.0,98.0,3.2666666666666666,Pistoia,1.0,1,1,0,0,complete,False,False
Pistoia,2004,Grain maize,2320.0,15428.0,6.65,Pistoia,1.0,1,1,0,0,complete,False,False
Pistoia,2004,Soft wheat,200.0,630.0,3.15,Pistoia,1.0,1,1,0,0,complete,False,False
Pistoia,2005,Durum wheat,30.0,97.0,3.2333333333333334,Pistoia,1.0,1,1,0,0,complete,False,False
Pistoia,2005,Grain maize,2320.0,15428.0,6.65,Pistoia,1.0,1,1,0,0,complete,False,False
Pistoia,2005,Soft wheat,200.0,693.0,3.465,Pistoia,1.0,1,1,0,0,complete,False,False
Pistoia,2006,Durum wheat,30.0,91.0,3.033333333333333,Pistoia,1.0,1,1,0,0,complete,False,False
Pistoia,2006,Grain maize,2300.0,16850.0,7.326086956521739,Pistoia,1.0,1,1,0,0,complete,False,False
Pistoia,2006,Soft wheat,200.0,693.0,3.465,Pistoia,1.0,1,1,0,0,complete,False,False
Pistoia,2007,Durum wheat,30.0,91.0,3.033333333333333,Pistoia,1.0,1,1,0,0,complete,False,False
Pistoia,2007,Grain maize,2250.0,15715.0,6.984444444444445,Pistoia,1.0,1,1,0,0,complete,False,False
Pistoia,2007,Soft wheat,190.0,660.0,3.473684210526316,Pistoia,1.0,1,1,0,0,complete,False,False
Pistoia,2008,Durum wheat,25.0,70.0,2.8,Pistoia,1.0,1,1,0,0,complete,False,False
Pistoia,2008,Grain maize,2100.0,14870.0,7.080952380952381,Pistoia,1.0,1,1,0,0,complete,False,False
Pistoia,2008,Soft wheat,200.0,580.0,2.9,Pistoia,1.0,1,1,0,0,complete,False,False
Pistoia,2009,Durum wheat,27.0,81.0,3.0,Pistoia,1.0,1,1,0,0,complete,False,False
Pistoia,2009,Grain maize,2012.0,14342.8,7.128628230616302,Pistoia,1.0,1,1,0,0,complete,False,False
Pistoia,2009,Soft wheat,90.0,299.6,3.3288888888888892,Pistoia,1.0,1,1,0,0,complete,False,False
Pistoia,2010,Durum wheat,30.0,80.0,2.6666666666666665,Pistoia,1.0,1,1,0,0,complete,False,False
Pistoia,2010,Grain maize,2100.0,14870.0,7.080952380952381,Pistoia,1.0,1,1,0,0,complete,False,False
Pistoia,2010,Soft wheat,200.0,570.0,2.85,Pistoia,1.0,1,1,0,0,complete,False,False
Pistoia,2011,Durum wheat,30.0,82.0,2.7333333333333334,Pistoia,1.0,1,1,0,0,complete,False,False
Pistoia,2011,Grain maize,2000.0,14000.0,7.0,Pistoia,1.0,1,1,0,0,complete,False,False
Pistoia,2011,Soft wheat,200.0,580.0,2.9,Pistoia,1.0,1,1,0,0,complete,False,False
Pistoia,2012,Durum wheat,30.0,86.0,2.8666666666666667,Pistoia,1.0,1,1,0,0,complete,True,False
Pistoia,2012,Grain maize,2000.0,13800.0,6.9,Pistoia,1.0,1,1,0,0,complete,True,False
Pistoia,2012,Soft wheat,180.0,530.0,2.9444444444444446,Pistoia,1.0,1,1,0,0,complete,True,False
Pistoia,2013,Durum wheat,25.0,70.0,2.8,Pistoia,1.0,1,1,0,0,complete,True,False
Pistoia,2013,Grain maize,1800.0,13900.0,7.722222222222222,Pistoia,1.0,1,1,0,0,complete,False,False
Pistoia,2013,Soft wheat,150.0,440.0,2.933333333333333,Pistoia,1.0,1,1,0,0,complete,False,False
Pistoia,2014,Durum wheat,28.0,78.4,2.8000000000000003,Pistoia,1.0,1,1,0,0,complete,False,False
Pistoia,2014,Grain maize,1911.0,13872.0,7.259026687598116,Pistoia,1.0,1,1,0,0,complete,False,False
Pistoia,2014,Soft wheat,169.0,495.6,2.932544378698225,Pistoia,1.0,1,1,0,0,complete,False,False
Pistoia,2015,Durum wheat,27.0,75.5,2.7962962962962963,Pistoia,1.0,1,1,0,0,complete,False,False
Pistoia,2015,Grain maize,1916.0,14022.0,7.318371607515657,Pistoia,1.0,1,1,0,0,complete,False,False
Pistoia,2015,Soft wheat,170.0,515.0,3.0294117647058822,Pistoia,1.0,1,1,0,0,complete,False,False
Pistoia,2016,Durum wheat,28.0,79.0,2.8214285714285716,Pistoia,1.0,1,1,0,0,complete,False,False
Pistoia,2016,Grain maize,1915.0,14017.8,7.319999999999999,Pistoia,1.0,1,1,0,0,complete,False,False
Pistoia,2016,Soft wheat,171.0,517.0,3.0233918128654973,Pistoia,1.0,1,1,0,0,complete,False,False
Pistoia,2017,Durum wheat,28.0,78.4,2.8000000000000003,Pistoia,1.0,1,1,0,0,complete,False,False
Pistoia,2017,Grain maize,1915.0,13932.8,7.275613577023498,Pistoia,1.0,1,1,0,0,complete,False,False
Pistoia,2017,Soft wheat,172.0,521.0,3.0290697674418605,Pistoia,1.0,1,1,0,0,complete,False,False
Pistoia,2018,Durum wheat,29.0,84.6,2.9172413793103447,Pistoia,1.0,1,1,0,0,complete,False,False
Pistoia,2018,Grain maize,1918.0,14120.0,7.361835245046924,Pistoia,1.0,1,1,0,0,complete,False,False
Pistoia,2018,Soft wheat,172.0,532.5,3.0959302325581395,Pistoia,1.0,1,1,0,0,complete,False,False
Pistoia,2019,Durum wheat,31.0,95.6,3.083870967741935,Pistoia,1.0,1,1,0,0,complete,False,False
Pistoia,2019,Grain maize,1919.0,14315.0,7.459614382490881,Pistoia,1.0,1,1,0,0,complete,False,False
Pistoia,2019,Soft wheat,173.0,537.5,3.106936416184971,Pistoia,1.0,1,1,0,0,complete,False,False
Pistoia,2020,Durum wheat,33.0,105.6,3.1999999999999997,Pistoia,1.0,1,1,0,0,complete,False,False
Pistoia,2020,Grain maize,1919.0,14315.0,7.459614382490881,Pistoia,1.0,1,1,0,0,complete,False,False
Pistoia,2020,Soft wheat,172.0,528.5,3.072674418604651,Pistoia,1.0,1,1,0,0,complete,False,False
Pistoia,2021,Durum wheat,31.0,99.8,3.2193548387096773,Pistoia,1.0,1,1,0,0,complete,False,False
Pistoia,2021,Grain maize,1920.0,14409.0,7.5046875,Pistoia,1.0,1,1,0,0,complete,False,False
Pistoia,2022,Durum wheat,32.0,105.6,3.3,Pistoia,1.0,1,1,0,0,complete,False,False
Pistoia,2022,Grain maize,1921.0,14418.0,7.50546590317543,Pistoia,1.0,1,1,0,0,complete,False,False
Pordenone,1995,Durum wheat,200.0,900.0,4.5,Pordenone,1.0,1,1,0,0,complete,False,False
Pordenone,1995,Grain maize,34000.0,290000.0,8.529411764705882,Pordenone,1.0,1,1,0,0,complete,False,False
Pordenone,1995,Soft wheat,1000.0,4965.0,4.965,Pordenone,1.0,1,1,0,0,complete,False,False
Pordenone,1996,Durum wheat,50.0,190.0,3.8,Pordenone,1.0,1,1,0,0,complete,False,False
Pordenone,1996,Grain maize,32000.0,287808.0,8.994,Pordenone,1.0,1,1,0,0,complete,False,False
Pordenone,1996,Soft wheat,1000.0,4200.0,4.2,Pordenone,1.0,1,1,0,0,complete,False,False
Pordenone,1997,Durum wheat,30.0,135.0,4.5,Pordenone,1.0,1,1,0,0,complete,False,False
Pordenone,1997,Grain maize,30000.0,234000.0,7.8,Pordenone,1.0,1,1,0,0,complete,True,False
Pordenone,1997,Soft wheat,400.0,1920.0,4.8,Pordenone,1.0,1,1,0,0,complete,False,False
Pordenone,1998,Durum wheat,20.0,90.0,4.5,Pordenone,1.0,1,1,0,0,complete,False,False
Pordenone,1998,Grain maize,30000.0,297600.0,9.92,Pordenone,1.0,1,1,0,0,complete,True,False
Pordenone,1998,Soft wheat,800.0,4400.0,5.5,Pordenone,1.0,1,1,0,0,complete,False,False
Pordenone,1999,Durum wheat,2.0,9.0,4.5,Pordenone,1.0,1,1,0,0,complete,False,False
Pordenone,1999,Grain maize,32000.0,297600.0,9.3,Pordenone,1.0,1,1,0,0,complete,False,False
Pordenone,1999,Soft wheat,800.0,4000.0,5.0,Pordenone,1.0,1,1,0,0,complete,False,False
Pordenone,2000,Grain maize,32500.0,266175.0,8.19,Pordenone,1.0,1,1,0,0,complete,False,False
Pordenone,2000,Soft wheat,800.0,4000.0,5.0,Pordenone,1.0,1,1,0,0,complete,False,False
Pordenone,2001,Durum wheat,250.0,1000.0,4.0,Pordenone,1.0,1,1,0,0,complete,False,False
Pordenone,2001,Grain maize,34000.0,258400.0,7.6,Pordenone,1.0,1,1,0,0,complete,False,False
Pordenone,2001,Soft wheat,250.0,1000.0,4.0,Pordenone,1.0,1,1,0,0,complete,False,False
Pordenone,2002,Grain maize,33500.0,249240.0,7.44,Pordenone,1.0,1,1,0,0,complete,False,False
Pordenone,2002,Soft wheat,400.0,2000.0,5.0,Pordenone,1.0,1,1,0,0,complete,False,False
Pordenone,2003,Grain maize,31000.0,223200.0,7.2,Pordenone,1.0,1,1,0,0,complete,False,False
Pordenone,2003,Soft wheat,700.0,3150.0,4.5,Pordenone,1.0,1,1,0,0,complete,False,False
Pordenone,2004,Grain maize,31000.0,244125.0,7.875,Pordenone,1.0,1,1,0,0,complete,False,False
Pordenone,2004,Soft wheat,700.0,3500.0,5.0,Pordenone,1.0,1,1,0,0,complete,False,False
Pordenone,2005,Grain maize,30500.0,305000.0,10.0,Pordenone,1.0,1,1,0,0,complete,False,False
Pordenone,2005,Soft wheat,750.0,4125.0,5.5,Pordenone,1.0,1,1,0,0,complete,False,False
Pordenone,2006,Grain maize,30000.0,270000.0,9.0,Pordenone,1.0,1,1,0,0,complete,False,False
Pordenone,2006,Soft wheat,800.0,4000.0,5.0,Pordenone,1.0,1,1,0,0,complete,False,False
Pordenone,2007,Durum wheat,200.0,800.0,4.0,Pordenone,1.0,1,1,0,0,complete,False,False
Pordenone,2007,Grain maize,33000.0,330000.0,10.0,Pordenone,1.0,1,1,0,0,complete,False,False
Pordenone,2007,Soft wheat,2000.0,10000.0,5.0,Pordenone,1.0,1,1,0,0,complete,False,False
Pordenone,2008,Durum wheat,200.0,800.0,4.0,Pordenone,1.0,1,1,0,0,complete,False,False
Pordenone,2008,Grain maize,27500.0,275000.0,10.0,Pordenone,1.0,1,1,0,0,complete,False,False
Pordenone,2008,Soft wheat,3084.0,15000.0,4.863813229571984,Pordenone,1.0,1,1,0,0,complete,False,False
Pordenone,2009,Grain maize,19610.0,193158.5,9.85,Pordenone,1.0,1,1,0,0,complete,False,False
Pordenone,2009,Soft wheat,1942.0,9535.2,4.9099897013388265,Pordenone,1.0,1,1,0,0,complete,False,False
Pordenone,2010,Grain maize,30659.0,289850.5,9.454010241690858,Pordenone,1.0,1,1,0,0,complete,False,False
Pordenone,2010,Soft wheat,2306.0,3219.3,1.3960537727666957,Pordenone,1.0,1,1,0,0,complete,False,False
Pordenone,2011,Durum wheat,133.0,533.3,4.009774436090225,Pordenone,1.0,1,1,0,0,complete,False,False
Pordenone,2011,Grain maize,28438.0,272351.8,9.577037766368942,Pordenone,1.0,1,1,0,0,complete,False,False
Pordenone,2011,Soft wheat,2167.0,9154.0,4.224273188740193,Pordenone,1.0,1,1,0,0,complete,False,False
Pordenone,2012,Durum wheat,111.0,444.4,4.003603603603604,Pordenone,1.0,1,1,0,0,complete,False,False
Pordenone,2012,Grain maize,28511.0,279865.1,9.816039423380449,Pordenone,1.0,1,1,0,0,complete,False,False
Pordenone,2012,Soft wheat,2685.0,16365.4,6.09512104283054,Pordenone,1.0,1,1,0,0,complete,False,False
Pordenone,2013,Durum wheat,122.0,488.9,4.007377049180327,Pordenone,1.0,1,1,0,0,complete,False,False
Pordenone,2013,Grain maize,29203.0,275689.1,9.440437626271272,Pordenone,1.0,1,1,0,0,complete,False,False
Pordenone,2013,Soft wheat,2386.0,13163.1,5.516806370494551,Pordenone,1.0,1,1,0,0,complete,True,False
Pordenone,2014,Durum wheat,119.0,475.3,3.9941176470588236,Pordenone,1.0,1,1,0,0,complete,False,False
Pordenone,2014,Grain maize,28810.0,282510.0,9.805970149253731,Pordenone,1.0,1,1,0,0,complete,False,False
Pordenone,2014,Soft wheat,2495.0,14140.9,5.667695390781563,Pordenone,1.0,1,1,0,0,complete,False,False
Pordenone,2015,Durum wheat,40.0,200.0,5.0,Pordenone,1.0,1,1,0,0,complete,False,False
Pordenone,2015,Grain maize,17681.0,212174.3,12.000130083140093,Pordenone,1.0,1,1,0,0,complete,False,False
Pordenone,2015,Soft wheat,1882.0,11106.5,5.901434643995749,Pordenone,1.0,1,1,0,0,complete,False,False
Pordenone,2016,Durum wheat,208.0,1102.1,5.298557692307692,Pordenone,1.0,1,1,0,0,complete,False,False
Pordenone,2016,Grain maize,35552.0,391072.0,11.0,Pordenone,1.0,1,1,0,0,complete,False,False
Pordenone,2016,Soft wheat,7100.0,35500.0,5.0,Pordenone,1.0,1,1,0,0,complete,False,False
Pordenone,2017,Durum wheat,157.0,808.7,5.150955414012739,Pordenone,1.0,1,1,0,0,complete,False,False
Pordenone,2017,Grain maize,16084.0,193015.7,12.00047873663268,Pordenone,1.0,1,1,0,0,complete,False,False
Pordenone,2017,Soft wheat,3278.0,15898.3,4.85,Pordenone,1.0,1,1,0,0,complete,False,False
Pordenone,2018,Durum wheat,156.0,737.1,4.7250000000000005,Pordenone,1.0,1,1,0,0,complete,False,False
Pordenone,2018,Grain maize,16499.0,194354.7,11.779786653736592,Pordenone,1.0,1,1,0,0,complete,False,False
Pordenone,2018,Soft wheat,3615.0,16343.4,4.520995850622406,Pordenone,1.0,1,1,0,0,complete,False,False
Pordenone,2019,Durum wheat,136.0,544.6,4.004411764705883,Pordenone,1.0,1,1,0,0,complete,False,False
Pordenone,2019,Grain maize,16898.0,193851.1,11.471836903775595,Pordenone,1.0,1,1,0,0,complete,False,False
Pordenone,2019,Soft wheat,3651.0,15323.6,4.1970966858394965,Pordenone,1.0,1,1,0,0,complete,False,False
Pordenone,2020,Durum wheat,8.0,28.8,3.6,Pordenone,1.0,1,1,0,0,complete,False,False
Pordenone,2020,Grain maize,11618.0,138021.8,11.87999655706662,Pordenone,1.0,1,1,0,0,complete,False,False
Pordenone,2020,Soft wheat,2340.0,9731.6,4.158803418803419,Pordenone,1.0,1,1,0,0,complete,False,False
Pordenone,2021,Durum wheat,11.0,43.6,3.963636363636364,Pordenone,1.0,1,1,0,0,complete,False,False
Pordenone,2021,Grain maize,12894.0,127650.6,9.9,Pordenone,1.0,1,1,0,0,complete,False,False
Pordenone,2021,Soft wheat,18.0,44.6,2.477777777777778,Pordenone,1.0,1,1,0,0,complete,False,False
Pordenone,2022,Durum wheat,7.0,25.0,3.5714285714285716,Pordenone,1.0,1,1,0,0,complete,False,False
Pordenone,2022,Grain maize,11924.0,102698.8,8.612780945991279,Pordenone,1.0,1,1,0,0,complete,False,False
Pordenone,2022,Soft wheat,4098.0,20285.1,4.949999999999999,Pordenone,1.0,1,1,0,0,complete,False,False
Potenza,1995,Durum wheat,108000.0,248400.0,2.3,Potenza,1.0,1,1,0,0,complete,False,False
Potenza,1995,Grain maize,2200.0,14400.0,6.545454545454546,Potenza,1.0,1,1,0,0,complete,False,False
Potenza,1995,Soft wheat,8000.0,20000.0,2.5,Potenza,1.0,1,1,0,0,complete,False,False
Potenza,1996,Durum wheat,107000.0,221490.0,2.07,Potenza,1.0,1,1,0,0,complete,False,False
Potenza,1996,Grain maize,1800.0,15300.0,8.5,Potenza,1.0,1,1,0,0,complete,False,False
Potenza,1996,Soft wheat,7000.0,15400.0,2.2,Potenza,1.0,1,1,0,0,complete,False,False
Potenza,1997,Durum wheat,114000.0,159600.0,1.4,Potenza,1.0,1,1,0,0,complete,False,False
Potenza,1997,Grain maize,1800.0,12800.0,7.111111111111111,Potenza,1.0,1,1,0,0,complete,True,False
Potenza,1997,Soft wheat,8000.0,12800.0,1.6,Potenza,1.0,1,1,0,0,complete,False,False
Potenza,1998,Durum wheat,120000.0,276000.0,2.3,Potenza,1.0,1,1,0,0,complete,False,False
Potenza,1998,Grain maize,1600.0,12750.0,7.96875,Potenza,1.0,1,1,0,0,complete,False,False
Potenza,1998,Soft wheat,7000.0,14000.0,2.0,Potenza,1.0,1,1,0,0,complete,False,False
Potenza,1999,Durum wheat,116000.0,290000.0,2.5,Potenza,1.0,1,1,0,0,complete,False,False
Potenza,1999,Grain maize,1700.0,12750.0,7.5,Potenza,1.0,1,1,0,0,complete,False,False
Potenza,1999,Soft wheat,6450.0,16125.0,2.5,Potenza,1.0,1,1,0,0,complete,False,False
Potenza,2000,Durum wheat,110000.0,198000.0,1.8,Potenza,1.0,1,1,0,0,complete,False,False
Potenza,2000,Grain maize,1600.0,12000.0,7.5,Potenza,1.0,1,1,0,0,complete,False,False
Potenza,2000,Soft wheat,6000.0,12000.0,2.0,Potenza,1.0,1,1,0,0,complete,False,False
Potenza,2001,Durum wheat,90000.0,162000.0,1.8,Potenza,1.0,1,1,0,0,complete,False,False
Potenza,2001,Grain maize,1500.0,10050.0,6.7,Potenza,1.0,1,1,0,0,complete,False,False
Potenza,2001,Soft wheat,3500.0,7000.0,2.0,Potenza,1.0,1,1,0,0,complete,False,False
Potenza,2002,Durum wheat,95000.0,171000.0,1.8,Potenza,1.0,1,1,0,0,complete,False,False
Potenza,2002,Grain maize,1500.0,6750.0,4.5,Potenza,1.0,1,1,0,0,complete,False,False
Potenza,2002,Soft wheat,5000.0,9000.0,1.8,Potenza,1.0,1,1,0,0,complete,False,False
Potenza,2003,Durum wheat,96000.0,153600.0,1.6,Potenza,1.0,1,1,0,0,complete,False,False
Potenza,2003,Grain maize,1500.0,7500.0,5.0,Potenza,1.0,1,1,0,0,complete,False,False
Potenza,2003,Soft wheat,4000.0,6400.0,1.6,Potenza,1.0,1,1,0,0,complete,False,False
Potenza,2004,Durum wheat,98600.0,251150.0,2.547160243407708,Potenza,1.0,1,1,0,0,complete,False,False
Potenza,2004,Grain maize,1503.0,8000.0,5.322687957418497,Potenza,1.0,1,1,0,0,complete,False,False
Potenza,2004,Soft wheat,5500.0,7500.0,1.3636363636363635,Potenza,1.0,1,1,0,0,complete,False,False
Potenza,2005,Durum wheat,87300.0,261900.0,3.0,Potenza,1.0,1,1,0,0,complete,False,False
Potenza,2005,Grain maize,1500.0,7500.0,5.0,Potenza,1.0,1,1,0,0,complete,False,False
Potenza,2005,Soft wheat,4000.0,12000.0,3.0,Potenza,1.0,1,1,0,0,complete,False,False
Potenza,2006,Durum wheat,69840.0,195552.0,2.8,Potenza,1.0,1,1,0,0,complete,False,False
Potenza,2006,Grain maize,1501.0,7627.5,5.081612258494337,Potenza,1.0,1,1,0,0,complete,False,False
Potenza,2006,Soft wheat,4000.0,11230.0,2.8075,Potenza,1.0,1,1,0,0,complete,False,False
Potenza,2007,Durum wheat,83008.0,206622.4,2.4891865844255974,Potenza,1.0,1,1,0,0,complete,False,False
Potenza,2007,Grain maize,1501.0,7313.3,4.872285143237842,Potenza,1.0,1,1,0,0,complete,False,False
Potenza,2007,Soft wheat,4316.0,9826.0,2.2766450417052826,Potenza,1.0,1,1,0,0,complete,False,False
Potenza,2008,Durum wheat,76424.0,201087.2,2.631204857112949,Potenza,1.0,1,1,0,0,complete,False,False
Potenza,2008,Grain maize,1500.0,7310.0,4.873333333333333,Potenza,1.0,1,1,0,0,complete,False,False
Potenza,2008,Soft wheat,4158.0,10528.0,2.531986531986532,Potenza,1.0,1,1,0,0,complete,False,False
Potenza,2009,Durum wheat,59407.0,125589.8,2.1140572659787567,Potenza,1.0,1,1,0,0,complete,False,False
Potenza,2009,Grain maize,904.0,4465.8,4.940044247787611,Potenza,1.0,1,1,0,0,complete,False,False
Potenza,2009,Soft wheat,4494.0,9907.7,2.204650645304851,Potenza,1.0,1,1,0,0,complete,False,False
Potenza,2010,Durum wheat,60564.0,172124.9,2.8420332210554125,Potenza,1.0,1,1,0,0,complete,False,False
Potenza,2010,Grain maize,560.0,2863.0,5.1125,Potenza,1.0,1,1,0,0,complete,False,False
Potenza,2010,Soft wheat,3858.0,8052.0,2.087091757387247,Potenza,1.0,1,1,0,0,complete,False,False
Potenza,2011,Durum wheat,61150.0,180029.0,2.944055600981194,Potenza,1.0,1,1,0,0,complete,False,False
Potenza,2011,Grain maize,560.0,2870.0,5.125,Potenza,1.0,1,1,0,0,complete,False,False
Potenza,2011,Soft wheat,4194.0,10547.2,2.5148307105388654,Potenza,1.0,1,1,0,0,complete,False,False
Potenza,2012,Durum wheat,62508.0,174678.3,2.7944951046266078,Potenza,1.0,1,1,0,0,complete,False,False
Potenza,2012,Soft wheat,5993.0,15560.4,2.596429167361922,Potenza,1.0,1,1,0,0,complete,False,False
Potenza,2013,Durum wheat,63366.0,183761.4,2.9,Potenza,1.0,1,1,0,0,complete,False,False
Potenza,2013,Grain maize,604.0,3044.2,5.040066225165563,Potenza,1.0,1,1,0,0,complete,False,False
Potenza,2013,Soft wheat,5823.0,14674.0,2.5200068693113513,Potenza,1.0,1,1,0,0,complete,True,False
Potenza,2014,Durum wheat,62350.0,179309.8,2.875858861267041,Potenza,1.0,1,1,0,0,complete,False,False
Potenza,2014,Grain maize,600.0,3010.0,5.016666666666667,Potenza,1.0,1,1,0,0,complete,False,False
Potenza,2014,Soft wheat,5718.0,14609.4,2.55498426023085,Potenza,1.0,1,1,0,0,complete,False,False
Potenza,2015,Durum wheat,62819.0,180773.7,2.877691462774002,Potenza,1.0,1,1,0,0,complete,False,False
Potenza,2015,Grain maize,602.0,3022.1,5.020099667774086,Potenza,1.0,1,1,0,0,complete,False,False
Potenza,2015,Soft wheat,5795.0,14743.8,2.544227782571182,Potenza,1.0,1,1,0,0,complete,False,False
Potenza,2016,Durum wheat,62812.0,180810.0,2.8785900783289815,Potenza,1.0,1,1,0,0,complete,False,False
Potenza,2016,Grain maize,604.0,3038.7,5.030960264900662,Potenza,1.0,1,1,0,0,complete,False,False
Potenza,2016,Soft wheat,5873.0,15221.6,2.591792950791759,Potenza,1.0,1,1,0,0,complete,False,False
Potenza,2017,Durum wheat,61800.0,164670.0,2.6645631067961166,Potenza,1.0,1,1,0,0,complete,False,False
Potenza,2017,Grain maize,600.0,3010.0,5.016666666666667,Potenza,1.0,1,1,0,0,complete,False,False
Potenza,2017,Soft wheat,5800.0,14860.0,2.5620689655172413,Potenza,1.0,1,1,0,0,complete,False,False
Potenza,2018,Durum wheat,62407.0,170652.9,2.7345153588539746,Potenza,1.0,1,1,0,0,complete,False,False
Potenza,2018,Grain maize,580.0,2999.1,5.170862068965517,Potenza,1.0,1,1,0,0,complete,False,False
Potenza,2018,Soft wheat,5790.0,14529.2,2.5093609671848016,Potenza,1.0,1,1,0,0,complete,False,False
Potenza,2019,Durum wheat,62112.0,169189.4,2.723940623390005,Potenza,1.0,1,1,0,0,complete,False,False
Potenza,2019,Grain maize,577.0,2980.0,5.164644714038128,Potenza,1.0,1,1,0,0,complete,False,False
Potenza,2019,Soft wheat,5752.0,14822.8,2.576981919332406,Potenza,1.0,1,1,0,0,complete,False,False
Potenza,2020,Durum wheat,62112.0,169189.4,2.723940623390005,Potenza,1.0,1,1,0,0,complete,False,False
Potenza,2020,Grain maize,577.0,2980.0,5.164644714038128,Potenza,1.0,1,1,0,0,complete,False,False
Potenza,2020,Soft wheat,5752.0,14822.8,2.576981919332406,Potenza,1.0,1,1,0,0,complete,False,False
Potenza,2021,Durum wheat,62112.0,169189.4,2.723940623390005,Potenza,1.0,1,1,0,0,complete,False,False
Potenza,2021,Grain maize,577.0,2980.0,5.164644714038128,Potenza,1.0,1,1,0,0,complete,False,False
Potenza,2021,Soft wheat,5752.0,14822.8,2.576981919332406,Potenza,1.0,1,1,0,0,complete,False,False
Potenza,2022,Durum wheat,62112.0,155280.0,2.5,Potenza,1.0,1,1,0,0,complete,False,False
Potenza,2022,Grain maize,577.0,2980.0,5.164644714038128,Potenza,1.0,1,1,0,0,complete,False,False
Potenza,2022,Soft wheat,5752.0,17256.0,3.0,Potenza,1.0,1,1,0,0,complete,False,False
Prato,1996,Durum wheat,230.0,749.5,3.258695652173913,Prato,1.0,1,1,0,0,complete,False,False
Prato,1997,Durum wheat,230.0,805.0,3.5,Prato,1.0,1,1,0,0,complete,False,False
Prato,1998,Durum wheat,230.0,690.0,3.0,Prato,1.0,1,1,0,0,complete,False,False
Prato,1999,Durum wheat,240.0,840.0,3.5,Prato,1.0,1,1,0,0,complete,False,False
Prato,1999,Grain maize,200.0,1500.0,7.5,Prato,1.0,1,1,0,0,complete,False,False
Prato,1999,Soft wheat,400.0,2200.0,5.5,Prato,1.0,1,1,0,0,complete,False,False
Prato,2000,Durum wheat,247.0,864.5,3.5,Prato,1.0,1,1,0,0,complete,False,False
Prato,2000,Grain maize,300.0,2790.0,9.3,Prato,1.0,1,1,0,0,complete,False,False
Prato,2000,Soft wheat,393.0,2094.7,5.330025445292621,Prato,1.0,1,1,0,0,complete,False,False
Prato,2001,Durum wheat,230.0,874.0,3.8,Prato,1.0,1,1,0,0,complete,False,False
Prato,2001,Grain maize,220.0,2420.0,11.0,Prato,1.0,1,1,0,0,complete,False,False
Prato,2001,Soft wheat,380.0,1520.0,4.0,Prato,1.0,1,1,0,0,complete,False,False
Prato,2002,Durum wheat,590.0,2242.0,3.8,Prato,1.0,1,1,0,0,complete,False,False
Prato,2002,Grain maize,325.0,3250.0,10.0,Prato,1.0,1,1,0,0,complete,False,False
Prato,2002,Soft wheat,125.0,500.0,4.0,Prato,1.0,1,1,0,0,complete,False,False
Prato,2003,Durum wheat,590.0,1888.0,3.2,Prato,1.0,1,1,0,0,complete,False,False
Prato,2003,Grain maize,325.0,812.5,2.5,Prato,1.0,1,1,0,0,complete,False,False
Prato,2003,Soft wheat,125.0,437.5,3.5,Prato,1.0,1,1,0,0,complete,False,False
Prato,2004,Durum wheat,625.0,2500.0,4.0,Prato,1.0,1,1,0,0,complete,False,False
Prato,2004,Grain maize,355.0,1775.0,5.0,Prato,1.0,1,1,0,0,complete,False,False
Prato,2004,Soft wheat,120.0,600.0,5.0,Prato,1.0,1,1,0,0,complete,False,False
Prato,2005,Durum wheat,290.0,1320.7,4.554137931034483,Prato,1.0,1,1,0,0,complete,False,False
Prato,2005,Grain maize,242.0,1200.0,4.958677685950414,Prato,1.0,1,1,0,0,complete,False,False
Prato,2005,Soft wheat,354.0,1682.2,4.751977401129944,Prato,1.0,1,1,0,0,complete,False,False
Prato,2006,Durum wheat,334.0,1335.0,3.997005988023952,Prato,1.0,1,1,0,0,complete,False,False
Prato,2006,Grain maize,272.0,1345.0,4.944852941176471,Prato,1.0,1,1,0,0,complete,False,False
Prato,2006,Soft wheat,230.0,854.0,3.7130434782608694,Prato,1.0,1,1,0,0,complete,False,False
Prato,2007,Durum wheat,284.0,1335.0,4.700704225352113,Prato,1.0,1,1,0,0,complete,False,False
Prato,2007,Grain maize,234.0,1045.0,4.465811965811966,Prato,1.0,1,1,0,0,complete,False,False
Prato,2007,Soft wheat,280.0,1034.0,3.692857142857143,Prato,1.0,1,1,0,0,complete,False,False
Prato,2008,Durum wheat,334.0,1336.0,4.0,Prato,1.0,1,1,0,0,complete,False,False
Prato,2008,Grain maize,245.0,1470.0,6.0,Prato,1.0,1,1,0,0,complete,False,False
Prato,2008,Soft wheat,320.0,1444.0,4.5125,Prato,1.0,1,1,0,0,complete,False,False
Prato,2009,Durum wheat,261.0,1044.0,4.0,Prato,1.0,1,1,0,0,complete,False,False
Prato,2009,Grain maize,227.0,1169.0,5.149779735682819,Prato,1.0,1,1,0,0,complete,False,False
Prato,2009,Soft wheat,109.0,490.5,4.5,Prato,1.0,1,1,0,0,complete,False,False
Prato,2010,Durum wheat,300.0,1350.0,4.5,Prato,1.0,1,1,0,0,complete,False,False
Prato,2010,Grain maize,160.0,1200.0,7.5,Prato,1.0,1,1,0,0,complete,False,False
Prato,2010,Soft wheat,220.0,880.0,4.0,Prato,1.0,1,1,0,0,complete,False,False
Prato,2011,Durum wheat,250.0,806.0,3.224,Prato,1.0,1,1,0,0,complete,False,False
Prato,2011,Grain maize,200.0,1399.5,6.9975,Prato,1.0,1,1,0,0,complete,False,False
Prato,2011,Soft wheat,120.0,480.0,4.0,Prato,1.0,1,1,0,0,complete,False,False
Prato,2012,Durum wheat,240.0,1200.0,5.0,Prato,1.0,1,1,0,0,complete,False,False
Prato,2012,Grain maize,150.0,420.0,2.8,Prato,1.0,1,1,0,0,complete,True,False
Prato,2012,Soft wheat,270.0,1566.0,5.8,Prato,1.0,1,1,0,0,complete,False,False
Prato,2013,Durum wheat,280.0,1550.0,5.535714285714286,Prato,1.0,1,1,0,0,complete,False,False
Prato,2013,Grain maize,250.0,2000.0,8.0,Prato,1.0,1,1,0,0,complete,False,False
Prato,2013,Soft wheat,120.0,850.0,7.083333333333333,Prato,1.0,1,1,0,0,complete,False,False
Prato,2014,Durum wheat,130.0,519.5,3.996153846153846,Prato,1.0,1,1,0,0,complete,False,False
Prato,2014,Grain maize,215.0,1680.0,7.813953488372093,Prato,1.0,1,1,0,0,complete,False,False
Prato,2014,Soft wheat,260.0,1169.0,4.496153846153846,Prato,1.0,1,1,0,0,complete,False,False
Prato,2015,Durum wheat,125.0,509.5,4.076,Prato,1.0,1,1,0,0,complete,False,False
Prato,2015,Grain maize,227.0,1791.7,7.892951541850221,Prato,1.0,1,1,0,0,complete,False,False
Prato,2015,Soft wheat,255.0,1159.0,4.545098039215686,Prato,1.0,1,1,0,0,complete,False,False
Prato,2016,Durum wheat,235.0,1151.5,4.9,Prato,1.0,1,1,0,0,complete,False,False
Prato,2016,Grain maize,160.0,1009.0,6.30625,Prato,1.0,1,1,0,0,complete,False,False
Prato,2016,Soft wheat,210.0,1010.0,4.809523809523809,Prato,1.0,1,1,0,0,complete,False,False
Prato,2017,Durum wheat,220.0,946.0,4.3,Prato,1.0,1,1,0,0,complete,False,False
Prato,2017,Grain maize,159.0,1272.0,8.0,Prato,1.0,1,1,0,0,complete,False,False
Prato,2017,Soft wheat,270.0,1350.0,5.0,Prato,1.0,1,1,0,0,complete,False,False
Prato,2018,Durum wheat,119.0,397.0,3.3361344537815127,Prato,1.0,1,1,0,0,complete,False,False
Prato,2018,Grain maize,159.0,1272.0,8.0,Prato,1.0,1,1,0,0,complete,False,False
Prato,2018,Soft wheat,184.0,795.0,4.320652173913044,Prato,1.0,1,1,0,0,complete,False,False
Prato,2019,Durum wheat,81.0,434.5,5.364197530864198,Prato,1.0,1,1,0,0,complete,False,False
Prato,2019,Grain maize,145.0,868.0,5.9862068965517246,Prato,1.0,1,1,0,0,complete,False,False
Prato,2019,Soft wheat,221.0,1312.0,5.9366515837104075,Prato,1.0,1,1,0,0,complete,False,False
Prato,2020,Durum wheat,70.0,238.0,3.4,Prato,1.0,1,1,0,0,complete,False,False
Prato,2020,Grain maize,190.0,1380.0,7.2631578947368425,Prato,1.0,1,1,0,0,complete,False,False
Prato,2020,Soft wheat,230.0,1104.0,4.8,Prato,1.0,1,1,0,0,complete,False,False
Prato,2021,Durum wheat,127.0,462.6,3.64251968503937,Prato,1.0,1,1,0,0,complete,False,False
Prato,2021,Grain maize,194.0,1020.0,5.257731958762887,Prato,1.0,1,1,0,0,complete,False,False
Prato,2021,Soft wheat,412.0,1985.1,4.818203883495145,Prato,1.0,1,1,0,0,complete,False,False
Prato,2022,Durum wheat,108.0,324.0,3.0,Prato,1.0,1,1,0,0,complete,False,False
Prato,2022,Grain maize,195.0,888.0,4.553846153846154,Prato,1.0,1,1,0,0,complete,False,False
Prato,2022,Soft wheat,191.0,828.0,4.335078534031414,Prato,1.0,1,1,0,0,complete,False,False
Provincia Autonoma di Bolzano / Autonome Provinz Bozen,1995,Grain maize,7.0,42.2,6.028571428571429,Provincia Autonoma di Bolzano / Autonome Provinz Bozen,1.0,1,1,0,0,complete,False,False
Provincia Autonoma di Bolzano / Autonome Provinz Bozen,1995,Soft wheat,106.0,387.6,3.656603773584906,Provincia Autonoma di Bolzano / Autonome Provinz Bozen,1.0,1,1,0,0,complete,False,False
Provincia Autonoma di Bolzano / Autonome Provinz Bozen,1996,Grain maize,6.0,36.0,6.0,Provincia Autonoma di Bolzano / Autonome Provinz Bozen,1.0,1,1,0,0,complete,False,False
Provincia Autonoma di Bolzano / Autonome Provinz Bozen,1996,Soft wheat,101.0,373.7,3.6999999999999997,Provincia Autonoma di Bolzano / Autonome Provinz Bozen,1.0,1,1,0,0,complete,False,False
Provincia Autonoma di Bolzano / Autonome Provinz Bozen,1997,Grain maize,5.0,24.0,4.8,Provincia Autonoma di Bolzano / Autonome Provinz Bozen,1.0,1,1,0,0,complete,True,False
Provincia Autonoma di Bolzano / Autonome Provinz Bozen,1997,Soft wheat,100.0,344.6,3.446,Provincia Autonoma di Bolzano / Autonome Provinz Bozen,1.0,1,1,0,0,complete,False,False
Provincia Autonoma di Bolzano / Autonome Provinz Bozen,1998,Grain maize,4.0,26.0,6.5,Provincia Autonoma di Bolzano / Autonome Provinz Bozen,1.0,1,1,0,0,complete,True,False
Provincia Autonoma di Bolzano / Autonome Provinz Bozen,1998,Soft wheat,96.0,326.0,3.3958333333333335,Provincia Autonoma di Bolzano / Autonome Provinz Bozen,1.0,1,1,0,0,complete,False,False
Provincia Autonoma di Bolzano / Autonome Provinz Bozen,1999,Grain maize,4.0,26.0,6.5,Provincia Autonoma di Bolzano / Autonome Provinz Bozen,1.0,1,1,0,0,complete,False,False
Provincia Autonoma di Bolzano / Autonome Provinz Bozen,1999,Soft wheat,91.0,331.1,3.638461538461539,Provincia Autonoma di Bolzano / Autonome Provinz Bozen,1.0,1,1,0,0,complete,False,False
Provincia Autonoma di Bolzano / Autonome Provinz Bozen,2000,Grain maize,2.0,13.4,6.7,Provincia Autonoma di Bolzano / Autonome Provinz Bozen,1.0,1,1,0,0,complete,False,False
Provincia Autonoma di Bolzano / Autonome Provinz Bozen,2000,Soft wheat,65.0,223.0,3.4307692307692306,Provincia Autonoma di Bolzano / Autonome Provinz Bozen,1.0,1,1,0,0,complete,False,False
Provincia Autonoma di Bolzano / Autonome Provinz Bozen,2001,Grain maize,3.0,19.3,6.433333333333334,Provincia Autonoma di Bolzano / Autonome Provinz Bozen,1.0,1,1,0,0,complete,False,False
Provincia Autonoma di Bolzano / Autonome Provinz Bozen,2001,Soft wheat,59.0,202.3,3.428813559322034,Provincia Autonoma di Bolzano / Autonome Provinz Bozen,1.0,1,1,0,0,complete,False,False
Provincia Autonoma di Bolzano / Autonome Provinz Bozen,2002,Grain maize,3.0,20.8,6.933333333333334,Provincia Autonoma di Bolzano / Autonome Provinz Bozen,1.0,1,1,0,0,complete,False,False
Provincia Autonoma di Bolzano / Autonome Provinz Bozen,2002,Soft wheat,58.0,199.0,3.4310344827586206,Provincia Autonoma di Bolzano / Autonome Provinz Bozen,1.0,1,1,0,0,complete,False,False
Provincia Autonoma di Bolzano / Autonome Provinz Bozen,2003,Grain maize,3.0,19.3,6.433333333333334,Provincia Autonoma di Bolzano / Autonome Provinz Bozen,1.0,1,1,0,0,complete,False,False
Provincia Autonoma di Bolzano / Autonome Provinz Bozen,2003,Soft wheat,55.0,172.5,3.1363636363636362,Provincia Autonoma di Bolzano / Autonome Provinz Bozen,1.0,1,1,0,0,complete,False,False
Provincia Autonoma di Bolzano / Autonome Provinz Bozen,2004,Grain maize,3.0,19.3,6.433333333333334,Provincia Autonoma di Bolzano / Autonome Provinz Bozen,1.0,1,1,0,0,complete,False,False
Provincia Autonoma di Bolzano / Autonome Provinz Bozen,2004,Soft wheat,50.0,171.5,3.43,Provincia Autonoma di Bolzano / Autonome Provinz Bozen,1.0,1,1,0,0,complete,False,False
Provincia Autonoma di Bolzano / Autonome Provinz Bozen,2005,Grain maize,3.0,19.3,6.433333333333334,Provincia Autonoma di Bolzano / Autonome Provinz Bozen,1.0,1,1,0,0,complete,False,False
Provincia Autonoma di Bolzano / Autonome Provinz Bozen,2005,Soft wheat,50.0,157.0,3.14,Provincia Autonoma di Bolzano / Autonome Provinz Bozen,1.0,1,1,0,0,complete,False,False
Provincia Autonoma di Bolzano / Autonome Provinz Bozen,2006,Grain maize,3.0,19.3,6.433333333333334,Provincia Autonoma di Bolzano / Autonome Provinz Bozen,1.0,1,1,0,0,complete,False,False
Provincia Autonoma di Bolzano / Autonome Provinz Bozen,2006,Soft wheat,45.0,154.5,3.433333333333333,Provincia Autonoma di Bolzano / Autonome Provinz Bozen,1.0,1,1,0,0,complete,False,False
Provincia Autonoma di Bolzano / Autonome Provinz Bozen,2007,Grain maize,3.0,19.3,6.433333333333334,Provincia Autonoma di Bolzano / Autonome Provinz Bozen,1.0,1,1,0,0,complete,False,False
Provincia Autonoma di Bolzano / Autonome Provinz Bozen,2007,Soft wheat,40.0,138.0,3.45,Provincia Autonoma di Bolzano / Autonome Provinz Bozen,1.0,1,1,0,0,complete,False,False
Provincia Autonoma di Bolzano / Autonome Provinz Bozen,2008,Grain maize,3.0,19.5,6.5,Provincia Autonoma di Bolzano / Autonome Provinz Bozen,1.0,1,1,0,0,complete,False,False
Provincia Autonoma di Bolzano / Autonome Provinz Bozen,2008,Soft wheat,35.0,120.0,3.4285714285714284,Provincia Autonoma di Bolzano / Autonome Provinz Bozen,1.0,1,1,0,0,complete,False,False
Provincia Autonoma di Bolzano / Autonome Provinz Bozen,2009,Grain maize,3.0,19.3,6.433333333333334,Provincia Autonoma di Bolzano / Autonome Provinz Bozen,1.0,1,1,0,0,complete,False,False
Provincia Autonoma di Bolzano / Autonome Provinz Bozen,2010,Grain maize,3.0,19.3,6.433333333333334,Provincia Autonoma di Bolzano / Autonome Provinz Bozen,1.0,1,1,0,0,complete,False,False
Provincia Autonoma di Bolzano / Autonome Provinz Bozen,2010,Soft wheat,32.0,126.0,3.9375,Provincia Autonoma di Bolzano / Autonome Provinz Bozen,1.0,1,1,0,0,complete,False,False
Provincia Autonoma di Bolzano / Autonome Provinz Bozen,2011,Grain maize,3.0,19.3,6.433333333333334,Provincia Autonoma di Bolzano / Autonome Provinz Bozen,1.0,1,1,0,0,complete,False,False
Provincia Autonoma di Bolzano / Autonome Provinz Bozen,2011,Soft wheat,20.0,78.0,3.9,Provincia Autonoma di Bolzano / Autonome Provinz Bozen,1.0,1,1,0,0,complete,False,False
Provincia Autonoma di Bolzano / Autonome Provinz Bozen,2012,Grain maize,5.0,31.5,6.3,Provincia Autonoma di Bolzano / Autonome Provinz Bozen,1.0,1,1,0,0,complete,True,False
Provincia Autonoma di Bolzano / Autonome Provinz Bozen,2012,Soft wheat,30.0,116.0,3.8666666666666667,Provincia Autonoma di Bolzano / Autonome Provinz Bozen,1.0,1,1,0,0,complete,True,False
Provincia Autonoma di Bolzano / Autonome Provinz Bozen,2013,Grain maize,5.0,31.5,6.3,Provincia Autonoma di Bolzano / Autonome Provinz Bozen,1.0,1,1,0,0,complete,True,False
Provincia Autonoma di Bolzano / Autonome Provinz Bozen,2013,Soft wheat,30.0,116.0,3.8666666666666667,Provincia Autonoma di Bolzano / Autonome Provinz Bozen,1.0,1,1,0,0,complete,True,False
Provincia Autonoma di Bolzano / Autonome Provinz Bozen,2014,Grain maize,5.0,32.5,6.5,Provincia Autonoma di Bolzano / Autonome Provinz Bozen,1.0,1,1,0,0,complete,False,False
Provincia Autonoma di Bolzano / Autonome Provinz Bozen,2014,Soft wheat,35.0,136.0,3.8857142857142857,Provincia Autonoma di Bolzano / Autonome Provinz Bozen,1.0,1,1,0,0,complete,False,False
Provincia Autonoma di Bolzano / Autonome Provinz Bozen,2015,Grain maize,5.0,32.5,6.5,Provincia Autonoma di Bolzano / Autonome Provinz Bozen,1.0,1,1,0,0,complete,False,False
Provincia Autonoma di Bolzano / Autonome Provinz Bozen,2015,Soft wheat,40.0,160.0,4.0,Provincia Autonoma di Bolzano / Autonome Provinz Bozen,1.0,1,1,0,0,complete,False,False
Provincia Autonoma di Bolzano / Autonome Provinz Bozen,2016,Grain maize,5.0,32.5,6.5,Provincia Autonoma di Bolzano / Autonome Provinz Bozen,1.0,1,1,0,0,complete,False,False
Provincia Autonoma di Bolzano / Autonome Provinz Bozen,2016,Soft wheat,40.0,160.0,4.0,Provincia Autonoma di Bolzano / Autonome Provinz Bozen,1.0,1,1,0,0,complete,False,False
Provincia Autonoma di Bolzano / Autonome Provinz Bozen,2017,Grain maize,5.0,32.5,6.5,Provincia Autonoma di Bolzano / Autonome Provinz Bozen,1.0,1,1,0,0,complete,False,False
Provincia Autonoma di Bolzano / Autonome Provinz Bozen,2017,Soft wheat,40.0,160.0,4.0,Provincia Autonoma di Bolzano / Autonome Provinz Bozen,1.0,1,1,0,0,complete,False,False
Provincia Autonoma di Bolzano / Autonome Provinz Bozen,2018,Grain maize,5.0,32.5,6.5,Provincia Autonoma di Bolzano / Autonome Provinz Bozen,1.0,1,1,0,0,complete,False,False
Provincia Autonoma di Bolzano / Autonome Provinz Bozen,2018,Soft wheat,40.0,160.0,4.0,Provincia Autonoma di Bolzano / Autonome Provinz Bozen,1.0,1,1,0,0,complete,False,False
Provincia Autonoma di Bolzano / Autonome Provinz Bozen,2021,Grain maize,4.0,24.0,6.0,Provincia Autonoma di Bolzano / Autonome Provinz Bozen,1.0,1,1,0,0,complete,False,False
Provincia Autonoma di Bolzano / Autonome Provinz Bozen,2021,Soft wheat,35.0,300.0,8.571428571428571,Provincia Autonoma di Bolzano / Autonome Provinz Bozen,1.0,1,1,0,0,complete,False,False
Provincia Autonoma di Bolzano / Autonome Provinz Bozen,2022,Grain maize,4.0,26.0,6.5,Provincia Autonoma di Bolzano / Autonome Provinz Bozen,1.0,1,1,0,0,complete,False,False
Provincia Autonoma di Bolzano / Autonome Provinz Bozen,2022,Soft wheat,35.0,122.5,3.5,Provincia Autonoma di Bolzano / Autonome Provinz Bozen,1.0,1,1,0,0,complete,False,False
Ragusa,1995,Durum wheat,15150.0,35245.0,2.3264026402640265,Ragusa,1.0,1,1,0,0,complete,False,False
Ragusa,1996,Durum wheat,15320.0,24512.0,1.6,Ragusa,1.0,1,1,0,0,complete,False,False
Ragusa,1997,Durum wheat,15500.0,35650.0,2.3,Ragusa,1.0,1,1,0,0,complete,False,False
Ragusa,1998,Durum wheat,15700.0,40820.0,2.6,Ragusa,1.0,1,1,0,0,complete,False,False
Ragusa,1999,Durum wheat,16000.0,24000.0,1.5,Ragusa,1.0,1,1,0,0,complete,False,False
Ragusa,2000,Durum wheat,16000.0,40000.0,2.5,Ragusa,1.0,1,1,0,0,complete,False,False
Ragusa,2001,Durum wheat,16500.0,29700.0,1.8,Ragusa,1.0,1,1,0,0,complete,False,False
Ragusa,2002,Durum wheat,17000.0,18700.0,1.1,Ragusa,1.0,1,1,0,0,complete,False,False
Ragusa,2003,Durum wheat,17000.0,33558.0,1.974,Ragusa,1.0,1,1,0,0,complete,False,False
Ragusa,2004,Durum wheat,17000.0,37400.0,2.2,Ragusa,1.0,1,1,0,0,complete,False,False
Ragusa,2005,Durum wheat,17000.0,44155.5,2.5973823529411764,Ragusa,1.0,1,1,0,0,complete,False,False
Ragusa,2006,Durum wheat,16000.0,36800.0,2.3,Ragusa,1.0,1,1,0,0,complete,False,False
Ragusa,2007,Durum wheat,15000.0,37500.0,2.5,Ragusa,1.0,1,1,0,0,complete,False,False
Ragusa,2008,Durum wheat,14000.0,42000.0,3.0,Ragusa,1.0,1,1,0,0,complete,False,False
Ragusa,2008,Grain maize,115.0,575.0,5.0,Ragusa,1.0,1,1,0,0,complete,False,False
Ragusa,2009,Durum wheat,9885.0,31632.0,3.2,Ragusa,1.0,1,1,0,0,complete,False,False
Ragusa,2009,Grain maize,80.0,400.0,5.0,Ragusa,1.0,1,1,0,0,complete,False,False
Ragusa,2010,Durum wheat,14000.0,42000.0,3.0,Ragusa,1.0,1,1,0,0,complete,False,False
Ragusa,2010,Grain maize,140.0,840.0,6.0,Ragusa,1.0,1,1,0,0,complete,False,False
Ragusa,2011,Durum wheat,14000.0,46200.0,3.3,Ragusa,1.0,1,1,0,0,complete,False,False
Ragusa,2011,Grain maize,50.0,175.0,3.5,Ragusa,1.0,1,1,0,0,complete,False,False
Ragusa,2012,Durum wheat,14000.0,45000.0,3.2142857142857144,Ragusa,1.0,1,1,0,0,complete,False,False
Ragusa,2012,Grain maize,80.0,240.0,3.0,Ragusa,1.0,1,1,0,0,complete,False,False
Ragusa,2013,Durum wheat,13000.0,44000.0,3.3846153846153846,Ragusa,1.0,1,1,0,0,complete,False,False
Ragusa,2014,Durum wheat,13000.0,51000.0,3.923076923076923,Ragusa,1.0,1,1,0,0,complete,False,False
Ragusa,2015,Durum wheat,13000.0,51000.0,3.923076923076923,Ragusa,1.0,1,1,0,0,complete,False,False
Ragusa,2016,Durum wheat,12000.0,31000.0,2.5833333333333335,Ragusa,1.0,1,1,0,0,complete,False,False
Ragusa,2017,Durum wheat,12500.0,36000.0,2.88,Ragusa,1.0,1,1,0,0,complete,False,False
Ragusa,2018,Durum wheat,8000.0,22500.0,2.8125,Ragusa,1.0,1,1,0,0,complete,False,False
Ragusa,2019,Durum wheat,8000.0,25000.0,3.125,Ragusa,1.0,1,1,0,0,complete,False,False
Ragusa,2020,Durum wheat,8000.0,27000.0,3.375,Ragusa,1.0,1,1,0,0,complete,False,False
Ragusa,2021,Durum wheat,8000.0,27500.0,3.4375,Ragusa,1.0,1,1,0,0,complete,False,False
Ragusa,2022,Durum wheat,8000.0,27700.0,3.4625,Ragusa,1.0,1,1,0,0,complete,False,False
Ravenna,1995,Durum wheat,4900.0,20070.0,4.095918367346939,Ravenna,1.0,1,1,0,0,complete,False,False
Ravenna,1995,Grain maize,3250.0,23519.8,7.236861538461539,Ravenna,1.0,1,1,0,0,complete,False,False
Ravenna,1995,Soft wheat,21200.0,114200.0,5.386792452830188,Ravenna,1.0,1,1,0,0,complete,False,False
Ravenna,1996,Durum wheat,4400.0,24200.0,5.5,Ravenna,1.0,1,1,0,0,complete,False,False
Ravenna,1996,Grain maize,4800.0,35188.8,7.331,Ravenna,1.0,1,1,0,0,complete,False,False
Ravenna,1996,Soft wheat,20500.0,116000.0,5.658536585365853,Ravenna,1.0,1,1,0,0,complete,False,False
Ravenna,1997,Durum wheat,2600.0,14000.0,5.384615384615385,Ravenna,1.0,1,1,0,0,complete,False,False
Ravenna,1997,Grain maize,6200.0,26800.0,4.32258064516129,Ravenna,1.0,1,1,0,0,complete,True,False
Ravenna,1997,Soft wheat,19600.0,109800.0,5.6020408163265305,Ravenna,1.0,1,1,0,0,complete,False,False
Ravenna,1998,Durum wheat,4500.0,27000.0,6.0,Ravenna,1.0,1,1,0,0,complete,False,False
Ravenna,1998,Grain maize,4200.0,37620.0,8.957142857142857,Ravenna,1.0,1,1,0,0,complete,True,False
Ravenna,1998,Soft wheat,21800.0,141990.0,6.513302752293578,Ravenna,1.0,1,1,0,0,complete,False,False
Ravenna,1999,Durum wheat,4100.0,21950.0,5.353658536585366,Ravenna,1.0,1,1,0,0,complete,False,False
Ravenna,1999,Grain maize,5100.0,37620.0,7.376470588235295,Ravenna,1.0,1,1,0,0,complete,False,False
Ravenna,1999,Soft wheat,22600.0,136560.0,6.042477876106195,Ravenna,1.0,1,1,0,0,complete,False,False
Ravenna,2000,Durum wheat,4500.0,23850.0,5.3,Ravenna,1.0,1,1,0,0,complete,False,False
Ravenna,2000,Grain maize,5300.0,42400.0,8.0,Ravenna,1.0,1,1,0,0,complete,False,False
Ravenna,2000,Soft wheat,22000.0,123200.0,5.6,Ravenna,1.0,1,1,0,0,complete,False,False
Ravenna,2001,Durum wheat,4400.0,20740.0,4.713636363636364,Ravenna,1.0,1,1,0,0,complete,False,False
Ravenna,2001,Grain maize,5400.0,35100.0,6.5,Ravenna,1.0,1,1,0,0,complete,False,False
Ravenna,2001,Soft wheat,21800.0,111980.0,5.136697247706422,Ravenna,1.0,1,1,0,0,complete,False,False
Ravenna,2002,Durum wheat,4000.0,25200.0,6.3,Ravenna,1.0,1,1,0,0,complete,False,False
Ravenna,2002,Grain maize,6500.0,45500.0,7.0,Ravenna,1.0,1,1,0,0,complete,False,False
Ravenna,2002,Soft wheat,19800.0,130680.0,6.6,Ravenna,1.0,1,1,0,0,complete,False,False
Ravenna,2003,Durum wheat,3600.0,18730.0,5.2027777777777775,Ravenna,1.0,1,1,0,0,complete,False,False
Ravenna,2003,Grain maize,7350.0,43445.0,5.910884353741497,Ravenna,1.0,1,1,0,0,complete,False,False
Ravenna,2003,Soft wheat,19700.0,105230.0,5.341624365482233,Ravenna,1.0,1,1,0,0,complete,False,False
Ravenna,2004,Durum wheat,3715.0,24250.0,6.527590847913863,Ravenna,1.0,1,1,0,0,complete,False,False
Ravenna,2004,Grain maize,7500.0,58500.0,7.8,Ravenna,1.0,1,1,0,0,complete,False,False
Ravenna,2004,Soft wheat,19900.0,136940.0,6.881407035175879,Ravenna,1.0,1,1,0,0,complete,False,False
Ravenna,2005,Durum wheat,2900.0,18850.0,6.5,Ravenna,1.0,1,1,0,0,complete,False,False
Ravenna,2005,Grain maize,5700.0,44700.0,7.842105263157895,Ravenna,1.0,1,1,0,0,complete,False,False
Ravenna,2005,Soft wheat,21000.0,142600.0,6.79047619047619,Ravenna,1.0,1,1,0,0,complete,False,False
Ravenna,2006,Durum wheat,4100.0,25880.0,6.31219512195122,Ravenna,1.0,1,1,0,0,complete,False,False
Ravenna,2006,Grain maize,7500.0,58215.0,7.762,Ravenna,1.0,1,1,0,0,complete,False,False
Ravenna,2006,Soft wheat,18200.0,117720.0,6.468131868131868,Ravenna,1.0,1,1,0,0,complete,False,False
Ravenna,2007,Durum wheat,5100.0,23804.0,4.6674509803921564,Ravenna,1.0,1,1,0,0,complete,False,False
Ravenna,2007,Grain maize,7300.0,52670.0,7.215068493150685,Ravenna,1.0,1,1,0,0,complete,False,False
Ravenna,2007,Soft wheat,23200.0,115320.0,4.970689655172414,Ravenna,1.0,1,1,0,0,complete,False,False
Ravenna,2008,Durum wheat,9800.0,62726.7,6.400683673469388,Ravenna,1.0,1,1,0,0,complete,False,False
Ravenna,2008,Grain maize,7250.0,59615.0,8.222758620689655,Ravenna,1.0,1,1,0,0,complete,False,False
Ravenna,2008,Soft wheat,20400.0,140510.0,6.887745098039216,Ravenna,1.0,1,1,0,0,complete,False,False
Ravenna,2009,Durum wheat,9950.0,61290.0,6.159798994974874,Ravenna,1.0,1,1,0,0,complete,False,False
Ravenna,2009,Grain maize,6101.0,42691.0,6.997377479101787,Ravenna,1.0,1,1,0,0,complete,False,False
Ravenna,2009,Soft wheat,18100.0,114170.0,6.307734806629834,Ravenna,1.0,1,1,0,0,complete,False,False
Ravenna,2010,Durum wheat,11000.0,53270.0,4.842727272727273,Ravenna,1.0,1,1,0,0,complete,False,False
Ravenna,2010,Grain maize,6000.0,44985.0,7.4975,Ravenna,1.0,1,1,0,0,complete,False,False
Ravenna,2010,Soft wheat,14000.0,72972.0,5.212285714285715,Ravenna,1.0,1,1,0,0,complete,False,False
Ravenna,2011,Durum wheat,6650.0,40501.0,6.090375939849624,Ravenna,1.0,1,1,0,0,complete,False,False
Ravenna,2011,Grain maize,8100.0,74600.8,9.209975308641976,Ravenna,1.0,1,1,0,0,complete,False,False
Ravenna,2011,Soft wheat,15150.0,96985.0,6.401650165016502,Ravenna,1.0,1,1,0,0,complete,False,False
Ravenna,2012,Durum wheat,7850.0,51280.5,6.532547770700637,Ravenna,1.0,1,1,0,0,complete,False,False
Ravenna,2012,Grain maize,9158.0,32053.0,3.5,Ravenna,1.0,1,1,0,0,complete,False,False
Ravenna,2012,Soft wheat,17000.0,117455.0,6.909117647058824,Ravenna,1.0,1,1,0,0,complete,False,False
Ravenna,2013,Durum wheat,6650.0,38765.5,5.829398496240602,Ravenna,1.0,1,1,0,0,complete,True,False
Ravenna,2013,Grain maize,6830.0,59431.0,8.701464128843337,Ravenna,1.0,1,1,0,0,complete,False,False
Ravenna,2013,Soft wheat,18600.0,121080.0,6.509677419354839,Ravenna,1.0,1,1,0,0,complete,False,False
Ravenna,2014,Durum wheat,6980.0,39062.8,5.596389684813754,Ravenna,1.0,1,1,0,0,complete,False,False
Ravenna,2014,Grain maize,5820.0,65034.0,11.17422680412371,Ravenna,1.0,1,1,0,0,complete,False,False
Ravenna,2014,Soft wheat,15500.0,93217.0,6.014,Ravenna,1.0,1,1,0,0,complete,False,False
Ravenna,2015,Durum wheat,10650.0,58576.4,5.500131455399061,Ravenna,1.0,1,1,0,0,complete,False,False
Ravenna,2015,Grain maize,4850.0,38854.8,8.011298969072165,Ravenna,1.0,1,1,0,0,complete,False,False
Ravenna,2015,Soft wheat,13050.0,78310.0,6.0007662835249045,Ravenna,1.0,1,1,0,0,complete,False,False
Ravenna,2016,Durum wheat,15550.0,93300.0,6.0,Ravenna,1.0,1,1,0,0,complete,False,False
Ravenna,2016,Grain maize,4320.0,43200.0,10.0,Ravenna,1.0,1,1,0,0,complete,False,False
Ravenna,2016,Soft wheat,10500.0,69300.0,6.6,Ravenna,1.0,1,1,0,0,complete,False,False
Ravenna,2017,Durum wheat,10500.0,71400.0,6.8,Ravenna,1.0,1,1,0,0,complete,False,False
Ravenna,2017,Grain maize,4000.0,32000.0,8.0,Ravenna,1.0,1,1,0,0,complete,False,False
Ravenna,2017,Soft wheat,8500.0,63750.0,7.5,Ravenna,1.0,1,1,0,0,complete,False,False
Ravenna,2018,Durum wheat,12600.0,74340.0,5.9,Ravenna,1.0,1,1,0,0,complete,False,False
Ravenna,2018,Grain maize,3740.0,37400.0,10.0,Ravenna,1.0,1,1,0,0,complete,False,False
Ravenna,2018,Soft wheat,10800.0,68040.0,6.3,Ravenna,1.0,1,1,0,0,complete,False,False
Ravenna,2019,Durum wheat,9790.0,60698.0,6.2,Ravenna,1.0,1,1,0,0,complete,False,False
Ravenna,2019,Grain maize,4235.0,40232.5,9.5,Ravenna,1.0,1,1,0,0,complete,False,False
Ravenna,2019,Soft wheat,13000.0,93600.0,7.2,Ravenna,1.0,1,1,0,0,complete,False,False
Ravenna,2020,Durum wheat,8850.0,60180.0,6.8,Ravenna,1.0,1,1,0,0,complete,False,False
Ravenna,2020,Grain maize,4980.0,44820.0,9.0,Ravenna,1.0,1,1,0,0,complete,False,False
Ravenna,2020,Soft wheat,13600.0,95200.0,7.0,Ravenna,1.0,1,1,0,0,complete,False,False
Ravenna,2021,Durum wheat,11850.0,85320.0,7.2,Ravenna,1.0,1,1,0,0,complete,False,False
Ravenna,2021,Grain maize,4600.0,27600.0,6.0,Ravenna,1.0,1,1,0,0,complete,False,False
Ravenna,2021,Soft wheat,13570.0,111274.0,8.2,Ravenna,1.0,1,1,0,0,complete,False,False
Ravenna,2022,Durum wheat,15190.0,91140.0,6.0,Ravenna,1.0,1,1,0,0,complete,False,False
Ravenna,2022,Grain maize,4310.0,19395.0,4.5,Ravenna,1.0,1,1,0,0,complete,False,False
Ravenna,2022,Soft wheat,12540.0,81510.0,6.5,Ravenna,1.0,1,1,0,0,complete,False,False
Reggio Calabria,1995,Durum wheat,9700.0,17460.0,1.8,Reggio Calabria,1.0,1,1,0,0,complete,False,False
Reggio Calabria,1995,Grain maize,160.0,480.0,3.0,Reggio Calabria,1.0,1,1,0,0,complete,False,False
Reggio Calabria,1995,Soft wheat,2115.0,3663.5,1.7321513002364066,Reggio Calabria,1.0,1,1,0,0,complete,False,False
Reggio Calabria,1996,Durum wheat,2390.0,4116.5,1.7223849372384936,Reggio Calabria,1.0,1,1,0,0,complete,False,False
Reggio Calabria,1996,Grain maize,780.0,1412.0,1.8102564102564103,Reggio Calabria,1.0,1,1,0,0,complete,False,False
Reggio Calabria,1996,Soft wheat,2095.0,3635.0,1.7350835322195703,Reggio Calabria,1.0,1,1,0,0,complete,False,False
Reggio Calabria,1997,Durum wheat,2409.0,4164.5,1.728725612287256,Reggio Calabria,1.0,1,1,0,0,complete,False,False
Reggio Calabria,1997,Grain maize,790.0,1432.0,1.8126582278481012,Reggio Calabria,1.0,1,1,0,0,complete,False,False
Reggio Calabria,1997,Soft wheat,2090.0,3635.5,1.7394736842105263,Reggio Calabria,1.0,1,1,0,0,complete,False,False
Reggio Calabria,1998,Durum wheat,2235.0,3823.5,1.710738255033557,Reggio Calabria,1.0,1,1,0,0,complete,False,False
Reggio Calabria,1998,Grain maize,790.0,1443.6,1.8273417721518985,Reggio Calabria,1.0,1,1,0,0,complete,False,False
Reggio Calabria,1998,Soft wheat,1911.0,3329.9,1.7424908424908425,Reggio Calabria,1.0,1,1,0,0,complete,False,False
Reggio Calabria,1999,Durum wheat,2107.0,3603.0,1.710014238253441,Reggio Calabria,1.0,1,1,0,0,complete,False,False
Reggio Calabria,1999,Grain maize,792.0,1443.6,1.8227272727272725,Reggio Calabria,1.0,1,1,0,0,complete,False,False
Reggio Calabria,1999,Soft wheat,1854.0,3227.5,1.7408306364617043,Reggio Calabria,1.0,1,1,0,0,complete,False,False
Reggio Calabria,2000,Durum wheat,2100.0,3585.9,1.7075714285714285,Reggio Calabria,1.0,1,1,0,0,complete,False,False
Reggio Calabria,2000,Grain maize,792.0,1431.6,1.8075757575757574,Reggio Calabria,1.0,1,1,0,0,complete,False,False
Reggio Calabria,2000,Soft wheat,1850.0,3220.7,1.740918918918919,Reggio Calabria,1.0,1,1,0,0,complete,False,False
Reggio Calabria,2001,Durum wheat,1934.0,3358.6,1.7366080661840744,Reggio Calabria,1.0,1,1,0,0,complete,False,False
Reggio Calabria,2001,Grain maize,770.0,1392.8,1.8088311688311687,Reggio Calabria,1.0,1,1,0,0,complete,False,False
Reggio Calabria,2001,Soft wheat,1825.0,3181.4,1.7432328767123288,Reggio Calabria,1.0,1,1,0,0,complete,False,False
Reggio Calabria,2002,Durum wheat,1934.0,3358.6,1.7366080661840744,Reggio Calabria,1.0,1,1,0,0,complete,False,False
Reggio Calabria,2002,Grain maize,770.0,1392.8,1.8088311688311687,Reggio Calabria,1.0,1,1,0,0,complete,False,False
Reggio Calabria,2002,Soft wheat,1825.0,3181.4,1.7432328767123288,Reggio Calabria,1.0,1,1,0,0,complete,False,False
Reggio Calabria,2003,Durum wheat,1934.0,3358.6,1.7366080661840744,Reggio Calabria,1.0,1,1,0,0,complete,False,False
Reggio Calabria,2003,Grain maize,770.0,1028.2,1.3353246753246755,Reggio Calabria,1.0,1,1,0,0,complete,False,False
Reggio Calabria,2003,Soft wheat,1825.0,2598.4,1.4237808219178083,Reggio Calabria,1.0,1,1,0,0,complete,False,False
Reggio Calabria,2004,Durum wheat,1934.0,2621.3,1.355377456049638,Reggio Calabria,1.0,1,1,0,0,complete,False,False
Reggio Calabria,2004,Grain maize,770.0,1028.2,1.3353246753246755,Reggio Calabria,1.0,1,1,0,0,complete,False,False
Reggio Calabria,2004,Soft wheat,1825.0,2598.4,1.4237808219178083,Reggio Calabria,1.0,1,1,0,0,complete,False,False
Reggio Calabria,2005,Durum wheat,1934.0,2877.6,1.4879007238883144,Reggio Calabria,1.0,1,1,0,0,complete,False,False
Reggio Calabria,2005,Grain maize,770.0,1240.0,1.6103896103896105,Reggio Calabria,1.0,1,1,0,0,complete,False,False
Reggio Calabria,2005,Soft wheat,1825.0,2872.8,1.57413698630137,Reggio Calabria,1.0,1,1,0,0,complete,False,False
Reggio Calabria,2006,Durum wheat,1934.0,2877.6,1.4879007238883144,Reggio Calabria,1.0,1,1,0,0,complete,False,False
Reggio Calabria,2006,Grain maize,770.0,1161.0,1.5077922077922077,Reggio Calabria,1.0,1,1,0,0,complete,False,False
Reggio Calabria,2006,Soft wheat,1825.0,2872.8,1.57413698630137,Reggio Calabria,1.0,1,1,0,0,complete,False,False
Reggio Calabria,2007,Durum wheat,1934.0,2568.4,1.3280248190279214,Reggio Calabria,1.0,1,1,0,0,complete,False,False
Reggio Calabria,2007,Grain maize,770.0,1069.8,1.3893506493506493,Reggio Calabria,1.0,1,1,0,0,complete,False,False
Reggio Calabria,2007,Soft wheat,1825.0,2550.1,1.3973150684931506,Reggio Calabria,1.0,1,1,0,0,complete,False,False
Reggio Calabria,2008,Durum wheat,1934.0,3268.5,1.6900206825232678,Reggio Calabria,1.0,1,1,0,0,complete,False,False
Reggio Calabria,2008,Grain maize,780.0,1070.0,1.3717948717948718,Reggio Calabria,1.0,1,1,0,0,complete,False,False
Reggio Calabria,2008,Soft wheat,1825.0,3741.2,2.049972602739726,Reggio Calabria,1.0,1,1,0,0,complete,False,False
Reggio Calabria,2009,Durum wheat,1006.0,2615.6,2.6,Reggio Calabria,1.0,1,1,0,0,complete,False,False
Reggio Calabria,2009,Grain maize,143.0,203.1,1.4202797202797202,Reggio Calabria,1.0,1,1,0,0,complete,False,False
Reggio Calabria,2009,Soft wheat,307.0,1243.4,4.0501628664495115,Reggio Calabria,1.0,1,1,0,0,complete,False,False
Reggio Calabria,2010,Durum wheat,256.0,865.0,3.37890625,Reggio Calabria,1.0,1,1,0,0,complete,False,False
Reggio Calabria,2010,Grain maize,564.0,781.0,1.3847517730496455,Reggio Calabria,1.0,1,1,0,0,complete,False,False
Reggio Calabria,2010,Soft wheat,307.0,1243.4,4.0501628664495115,Reggio Calabria,1.0,1,1,0,0,complete,False,False
Reggio Calabria,2011,Durum wheat,1288.0,2523.0,1.9588509316770186,Reggio Calabria,1.0,1,1,0,0,complete,False,False
Reggio Calabria,2011,Grain maize,478.0,661.5,1.3838912133891212,Reggio Calabria,1.0,1,1,0,0,complete,False,False
Reggio Calabria,2011,Soft wheat,1066.0,2194.5,2.0586303939962476,Reggio Calabria,1.0,1,1,0,0,complete,False,False
Reggio Calabria,2012,Durum wheat,3957.0,5043.8,1.2746525145312106,Reggio Calabria,1.0,1,1,0,0,complete,False,False
Reggio Calabria,2012,Grain maize,478.0,678.9,1.4202928870292886,Reggio Calabria,1.0,1,1,0,0,complete,False,False
Reggio Calabria,2012,Soft wheat,1237.0,1185.0,0.957962813257882,Reggio Calabria,1.0,1,1,0,0,complete,False,False
Reggio Calabria,2013,Durum wheat,1850.0,4070.0,2.2,Reggio Calabria,1.0,1,1,0,0,complete,False,False
Reggio Calabria,2013,Grain maize,175.0,875.0,5.0,Reggio Calabria,1.0,1,1,0,0,complete,False,False
Reggio Calabria,2013,Soft wheat,900.0,2250.0,2.5,Reggio Calabria,1.0,1,1,0,0,complete,False,False
Reggio Calabria,2014,Durum wheat,1870.0,5236.0,2.8,Reggio Calabria,1.0,1,1,0,0,complete,False,False
Reggio Calabria,2014,Grain maize,350.0,1715.0,4.9,Reggio Calabria,1.0,1,1,0,0,complete,False,False
Reggio Calabria,2014,Soft wheat,990.0,3168.0,3.2,Reggio Calabria,1.0,1,1,0,0,complete,False,False
Reggio Calabria,2015,Durum wheat,1500.0,4200.0,2.8,Reggio Calabria,1.0,1,1,0,0,complete,False,False
Reggio Calabria,2015,Grain maize,388.0,2400.0,6.185567010309279,Reggio Calabria,1.0,1,1,0,0,complete,False,False
Reggio Calabria,2015,Soft wheat,978.0,3129.6,3.1999999999999997,Reggio Calabria,1.0,1,1,0,0,complete,False,False
Reggio Calabria,2016,Durum wheat,1300.0,4140.0,3.1846153846153844,Reggio Calabria,1.0,1,1,0,0,complete,False,False
Reggio Calabria,2016,Grain maize,380.0,1805.0,4.75,Reggio Calabria,1.0,1,1,0,0,complete,False,False
Reggio Calabria,2016,Soft wheat,1021.0,3267.2,3.1999999999999997,Reggio Calabria,1.0,1,1,0,0,complete,False,False
Reggio Calabria,2017,Durum wheat,1300.0,2860.0,2.2,Reggio Calabria,1.0,1,1,0,0,complete,False,False
Reggio Calabria,2017,Grain maize,400.0,2000.0,5.0,Reggio Calabria,1.0,1,1,0,0,complete,False,False
Reggio Calabria,2017,Soft wheat,1015.0,2233.0,2.2,Reggio Calabria,1.0,1,1,0,0,complete,False,False
Reggio Calabria,2018,Durum wheat,1250.0,2750.0,2.2,Reggio Calabria,1.0,1,1,0,0,complete,False,False
Reggio Calabria,2018,Grain maize,400.0,2000.0,5.0,Reggio Calabria,1.0,1,1,0,0,complete,False,False
Reggio Calabria,2018,Soft wheat,1000.0,2500.0,2.5,Reggio Calabria,1.0,1,1,0,0,complete,False,False
Reggio Calabria,2019,Durum wheat,1250.0,2750.0,2.2,Reggio Calabria,1.0,1,1,0,0,complete,False,False
Reggio Calabria,2019,Grain maize,400.0,2000.0,5.0,Reggio Calabria,1.0,1,1,0,0,complete,False,False
Reggio Calabria,2019,Soft wheat,1000.0,2500.0,2.5,Reggio Calabria,1.0,1,1,0,0,complete,False,False
Reggio Calabria,2020,Durum wheat,1250.0,2750.0,2.2,Reggio Calabria,1.0,1,1,0,0,complete,False,False
Reggio Calabria,2020,Grain maize,400.0,2080.0,5.2,Reggio Calabria,1.0,1,1,0,0,complete,False,False
Reggio Calabria,2020,Soft wheat,1000.0,2500.0,2.5,Reggio Calabria,1.0,1,1,0,0,complete,False,False
Reggio Calabria,2021,Durum wheat,1250.0,2750.0,2.2,Reggio Calabria,1.0,1,1,0,0,complete,False,False
Reggio Calabria,2021,Grain maize,400.0,2000.0,5.0,Reggio Calabria,1.0,1,1,0,0,complete,False,False
Reggio Calabria,2022,Durum wheat,1250.0,2750.0,2.2,Reggio Calabria,1.0,1,1,0,0,complete,False,False
Reggio Calabria,2022,Grain maize,400.0,2000.0,5.0,Reggio Calabria,1.0,1,1,0,0,complete,False,False
Reggio nell'Emilia,1995,Durum wheat,100.0,500.1,5.001,Reggio nell'Emilia,1.0,1,1,0,0,complete,False,False
Reggio nell'Emilia,1995,Grain maize,5910.0,52510.0,8.884940778341793,Reggio nell'Emilia,1.0,1,1,0,0,complete,False,False
Reggio nell'Emilia,1995,Soft wheat,16500.0,87445.6,5.299733333333334,Reggio nell'Emilia,1.0,1,1,0,0,complete,False,False
Reggio nell'Emilia,1996,Durum wheat,100.0,550.0,5.5,Reggio nell'Emilia,1.0,1,1,0,0,complete,False,False
Reggio nell'Emilia,1996,Grain maize,6100.0,54900.0,9.0,Reggio nell'Emilia,1.0,1,1,0,0,complete,False,False
Reggio nell'Emilia,1996,Soft wheat,17000.0,95980.0,5.645882352941176,Reggio nell'Emilia,1.0,1,1,0,0,complete,False,False
Reggio nell'Emilia,1997,Durum wheat,110.0,578.0,5.254545454545455,Reggio nell'Emilia,1.0,1,1,0,0,complete,False,False
Reggio nell'Emilia,1997,Grain maize,6600.0,54200.0,8.212121212121213,Reggio nell'Emilia,1.0,1,1,0,0,complete,True,False
Reggio nell'Emilia,1997,Soft wheat,17500.0,91840.0,5.248,Reggio nell'Emilia,1.0,1,1,0,0,complete,False,False
Reggio nell'Emilia,1998,Durum wheat,350.0,1932.0,5.52,Reggio nell'Emilia,1.0,1,1,0,0,complete,False,False
Reggio nell'Emilia,1998,Grain maize,6000.0,79380.0,13.23,Reggio nell'Emilia,1.0,1,1,0,0,complete,True,False
Reggio nell'Emilia,1998,Soft wheat,17750.0,104350.0,5.878873239436619,Reggio nell'Emilia,1.0,1,1,0,0,complete,False,False
Reggio nell'Emilia,1999,Durum wheat,340.0,1845.0,5.426470588235294,Reggio nell'Emilia,1.0,1,1,0,0,complete,False,False
Reggio nell'Emilia,1999,Grain maize,8800.0,79380.0,9.020454545454545,Reggio nell'Emilia,1.0,1,1,0,0,complete,False,False
Reggio nell'Emilia,1999,Soft wheat,17800.0,105080.0,5.903370786516854,Reggio nell'Emilia,1.0,1,1,0,0,complete,False,False
Reggio nell'Emilia,2000,Durum wheat,250.0,1400.0,5.6,Reggio nell'Emilia,1.0,1,1,0,0,complete,False,False
Reggio nell'Emilia,2000,Grain maize,8300.0,74700.0,9.0,Reggio nell'Emilia,1.0,1,1,0,0,complete,False,False
Reggio nell'Emilia,2000,Soft wheat,17900.0,103820.0,5.8,Reggio nell'Emilia,1.0,1,1,0,0,complete,False,False
Reggio nell'Emilia,2001,Durum wheat,200.0,1180.0,5.9,Reggio nell'Emilia,1.0,1,1,0,0,complete,False,False
Reggio nell'Emilia,2001,Grain maize,8800.0,81310.0,9.239772727272728,Reggio nell'Emilia,1.0,1,1,0,0,complete,False,False
Reggio nell'Emilia,2001,Soft wheat,13800.0,81340.0,5.894202898550724,Reggio nell'Emilia,1.0,1,1,0,0,complete,False,False
Reggio nell'Emilia,2002,Durum wheat,400.0,2320.0,5.8,Reggio nell'Emilia,1.0,1,1,0,0,complete,False,False
Reggio nell'Emilia,2002,Grain maize,9300.0,86250.0,9.274193548387096,Reggio nell'Emilia,1.0,1,1,0,0,complete,False,False
Reggio nell'Emilia,2002,Soft wheat,10500.0,61350.0,5.8428571428571425,Reggio nell'Emilia,1.0,1,1,0,0,complete,False,False
Reggio nell'Emilia,2003,Grain maize,10400.0,86400.0,8.307692307692308,Reggio nell'Emilia,1.0,1,1,0,0,complete,False,False
Reggio nell'Emilia,2003,Soft wheat,9800.0,54340.0,5.544897959183674,Reggio nell'Emilia,1.0,1,1,0,0,complete,False,False
Reggio nell'Emilia,2004,Grain maize,10600.0,97350.0,9.183962264150944,Reggio nell'Emilia,1.0,1,1,0,0,complete,False,False
Reggio nell'Emilia,2004,Soft wheat,9200.0,56360.0,6.126086956521739,Reggio nell'Emilia,1.0,1,1,0,0,complete,False,False
Reggio nell'Emilia,2005,Grain maize,9800.0,87400.0,8.918367346938776,Reggio nell'Emilia,1.0,1,1,0,0,complete,False,False
Reggio nell'Emilia,2005,Soft wheat,9000.0,52710.0,5.8566666666666665,Reggio nell'Emilia,1.0,1,1,0,0,complete,False,False
Reggio nell'Emilia,2006,Durum wheat,110.0,652.0,5.927272727272728,Reggio nell'Emilia,1.0,1,1,0,0,complete,False,False
Reggio nell'Emilia,2006,Grain maize,10400.0,98000.0,9.423076923076923,Reggio nell'Emilia,1.0,1,1,0,0,complete,False,False
Reggio nell'Emilia,2006,Soft wheat,8400.0,49220.0,5.859523809523809,Reggio nell'Emilia,1.0,1,1,0,0,complete,False,False
Reggio nell'Emilia,2007,Durum wheat,385.0,1982.5,5.14935064935065,Reggio nell'Emilia,1.0,1,1,0,0,complete,False,False
Reggio nell'Emilia,2007,Grain maize,7740.0,72507.0,9.36782945736434,Reggio nell'Emilia,1.0,1,1,0,0,complete,False,False
Reggio nell'Emilia,2007,Soft wheat,10990.0,56068.0,5.101728844404003,Reggio nell'Emilia,1.0,1,1,0,0,complete,False,False
Reggio nell'Emilia,2008,Durum wheat,1470.0,7995.0,5.438775510204081,Reggio nell'Emilia,1.0,1,1,0,0,complete,False,False
Reggio nell'Emilia,2008,Grain maize,8820.0,82884.0,9.397278911564626,Reggio nell'Emilia,1.0,1,1,0,0,complete,False,False
Reggio nell'Emilia,2008,Soft wheat,12300.0,67070.0,5.452845528455285,Reggio nell'Emilia,1.0,1,1,0,0,complete,False,False
Reggio nell'Emilia,2009,Durum wheat,1110.0,6263.0,5.642342342342342,Reggio nell'Emilia,1.0,1,1,0,0,complete,False,False
Reggio nell'Emilia,2009,Grain maize,9000.0,85900.0,9.544444444444444,Reggio nell'Emilia,1.0,1,1,0,0,complete,False,False
Reggio nell'Emilia,2009,Soft wheat,10350.0,56600.0,5.468599033816425,Reggio nell'Emilia,1.0,1,1,0,0,complete,False,False
Reggio nell'Emilia,2010,Durum wheat,1325.0,7745.0,5.845283018867924,Reggio nell'Emilia,1.0,1,1,0,0,complete,False,False
Reggio nell'Emilia,2010,Grain maize,8800.0,83230.0,9.457954545454545,Reggio nell'Emilia,1.0,1,1,0,0,complete,False,False
Reggio nell'Emilia,2010,Soft wheat,10205.0,63443.0,6.2168544830965216,Reggio nell'Emilia,1.0,1,1,0,0,complete,False,False
Reggio nell'Emilia,2011,Durum wheat,550.0,2580.0,4.6909090909090905,Reggio nell'Emilia,1.0,1,1,0,0,complete,False,False
Reggio nell'Emilia,2011,Grain maize,10000.0,97650.0,9.765,Reggio nell'Emilia,1.0,1,1,0,0,complete,False,False
Reggio nell'Emilia,2011,Soft wheat,9100.0,57650.0,6.335164835164835,Reggio nell'Emilia,1.0,1,1,0,0,complete,False,False
Reggio nell'Emilia,2012,Durum wheat,485.0,2619.0,5.4,Reggio nell'Emilia,1.0,1,1,0,0,complete,False,False
Reggio nell'Emilia,2012,Grain maize,8200.0,77060.0,9.397560975609757,Reggio nell'Emilia,1.0,1,1,0,0,complete,False,False
Reggio nell'Emilia,2012,Soft wheat,10500.0,67582.0,6.4363809523809525,Reggio nell'Emilia,1.0,1,1,0,0,complete,False,False
Reggio nell'Emilia,2013,Durum wheat,450.0,2534.0,5.631111111111111,Reggio nell'Emilia,1.0,1,1,0,0,complete,False,False
Reggio nell'Emilia,2013,Grain maize,7850.0,71480.0,9.105732484076434,Reggio nell'Emilia,1.0,1,1,0,0,complete,False,False
Reggio nell'Emilia,2013,Soft wheat,10600.0,68290.0,6.442452830188679,Reggio nell'Emilia,1.0,1,1,0,0,complete,False,False
Reggio nell'Emilia,2014,Durum wheat,325.0,1885.0,5.8,Reggio nell'Emilia,1.0,1,1,0,0,complete,False,False
Reggio nell'Emilia,2014,Grain maize,6500.0,60210.0,9.263076923076923,Reggio nell'Emilia,1.0,1,1,0,0,complete,False,False
Reggio nell'Emilia,2014,Soft wheat,10300.0,64450.0,6.257281553398058,Reggio nell'Emilia,1.0,1,1,0,0,complete,False,False
Reggio nell'Emilia,2015,Durum wheat,805.0,4815.0,5.9813664596273295,Reggio nell'Emilia,1.0,1,1,0,0,complete,False,False
Reggio nell'Emilia,2015,Grain maize,6300.0,59200.0,9.396825396825397,Reggio nell'Emilia,1.0,1,1,0,0,complete,False,False
Reggio nell'Emilia,2015,Soft wheat,10180.0,63024.0,6.190962671905697,Reggio nell'Emilia,1.0,1,1,0,0,complete,False,False
Reggio nell'Emilia,2016,Durum wheat,1250.0,6875.0,5.5,Reggio nell'Emilia,1.0,1,1,0,0,complete,False,False
Reggio nell'Emilia,2016,Grain maize,5900.0,56050.0,9.5,Reggio nell'Emilia,1.0,1,1,0,0,complete,False,False
Reggio nell'Emilia,2016,Soft wheat,10800.0,64800.0,6.0,Reggio nell'Emilia,1.0,1,1,0,0,complete,False,False
Reggio nell'Emilia,2017,Durum wheat,890.0,4760.0,5.348314606741573,Reggio nell'Emilia,1.0,1,1,0,0,complete,False,False
Reggio nell'Emilia,2017,Grain maize,5600.0,44800.0,8.0,Reggio nell'Emilia,1.0,1,1,0,0,complete,False,False
Reggio nell'Emilia,2017,Soft wheat,9700.0,59210.0,6.104123711340206,Reggio nell'Emilia,1.0,1,1,0,0,complete,False,False
Reggio nell'Emilia,2018,Durum wheat,1000.0,5800.0,5.8,Reggio nell'Emilia,1.0,1,1,0,0,complete,False,False
Reggio nell'Emilia,2018,Grain maize,4600.0,41400.0,9.0,Reggio nell'Emilia,1.0,1,1,0,0,complete,False,False
Reggio nell'Emilia,2018,Soft wheat,10500.0,65100.0,6.2,Reggio nell'Emilia,1.0,1,1,0,0,complete,False,False
Reggio nell'Emilia,2019,Durum wheat,710.0,4190.0,5.901408450704225,Reggio nell'Emilia,1.0,1,1,0,0,complete,False,False
Reggio nell'Emilia,2019,Grain maize,5000.0,47500.0,9.5,Reggio nell'Emilia,1.0,1,1,0,0,complete,False,False
Reggio nell'Emilia,2019,Soft wheat,10150.0,63958.0,6.30128078817734,Reggio nell'Emilia,1.0,1,1,0,0,complete,False,False
Reggio nell'Emilia,2020,Durum wheat,570.0,3400.0,5.964912280701754,Reggio nell'Emilia,1.0,1,1,0,0,complete,False,False
Reggio nell'Emilia,2020,Grain maize,5200.0,50700.0,9.75,Reggio nell'Emilia,1.0,1,1,0,0,complete,False,False
Reggio nell'Emilia,2020,Soft wheat,9150.0,56000.0,6.120218579234972,Reggio nell'Emilia,1.0,1,1,0,0,complete,False,False
Reggio nell'Emilia,2021,Durum wheat,566.0,4131.8,7.300000000000001,Reggio nell'Emilia,1.0,1,1,0,0,complete,False,False
Reggio nell'Emilia,2021,Grain maize,5100.0,40800.0,8.0,Reggio nell'Emilia,1.0,1,1,0,0,complete,False,False
Reggio nell'Emilia,2021,Soft wheat,10028.0,70439.8,7.024311926605505,Reggio nell'Emilia,1.0,1,1,0,0,complete,False,False
Reggio nell'Emilia,2022,Durum wheat,820.0,4920.0,6.0,Reggio nell'Emilia,1.0,1,1,0,0,complete,False,False
Reggio nell'Emilia,2022,Grain maize,5250.0,42000.0,8.0,Reggio nell'Emilia,1.0,1,1,0,0,complete,False,False
Reggio nell'Emilia,2022,Soft wheat,9300.0,55800.0,6.0,Reggio nell'Emilia,1.0,1,1,0,0,complete,False,False
Rieti,1995,Durum wheat,1100.0,4070.0,3.7,Rieti,1.0,1,1,0,0,complete,False,False
Rieti,1995,Grain maize,4460.0,26400.0,5.9192825112107625,Rieti,1.0,1,1,0,0,complete,False,False
Rieti,1995,Soft wheat,11320.0,35055.0,3.0967314487632507,Rieti,1.0,1,1,0,0,complete,False,False
Rieti,1996,Durum wheat,900.0,3317.4,3.686,Rieti,1.0,1,1,0,0,complete,False,False
Rieti,1996,Grain maize,4300.0,27090.0,6.3,Rieti,1.0,1,1,0,0,complete,False,False
Rieti,1996,Soft wheat,11020.0,35314.0,3.2045372050816696,Rieti,1.0,1,1,0,0,complete,False,False
Rieti,1997,Durum wheat,950.0,3742.0,3.9389473684210525,Rieti,1.0,1,1,0,0,complete,False,False
Rieti,1997,Grain maize,4030.0,24890.0,6.176178660049628,Rieti,1.0,1,1,0,0,complete,True,False
Rieti,1997,Soft wheat,10700.0,35470.0,3.3149532710280374,Rieti,1.0,1,1,0,0,complete,False,False
Rieti,1998,Durum wheat,1010.0,4175.0,4.133663366336633,Rieti,1.0,1,1,0,0,complete,False,False
Rieti,1998,Grain maize,3870.0,24679.0,6.377002583979328,Rieti,1.0,1,1,0,0,complete,False,False
Rieti,1998,Soft wheat,10180.0,35402.0,3.4776031434184675,Rieti,1.0,1,1,0,0,complete,False,False
Rieti,1999,Durum wheat,1050.0,4241.0,4.039047619047619,Rieti,1.0,1,1,0,0,complete,False,False
Rieti,1999,Grain maize,3760.0,24679.0,6.563563829787234,Rieti,1.0,1,1,0,0,complete,False,False
Rieti,1999,Soft wheat,9870.0,33759.0,3.4203647416413374,Rieti,1.0,1,1,0,0,complete,False,False
Rieti,2000,Durum wheat,1020.0,4097.3,4.016960784313726,Rieti,1.0,1,1,0,0,complete,False,False
Rieti,2000,Grain maize,3580.0,22565.4,6.3031843575419,Rieti,1.0,1,1,0,0,complete,False,False
Rieti,2000,Soft wheat,9670.0,32852.6,3.3973733195449842,Rieti,1.0,1,1,0,0,complete,False,False
Rieti,2001,Durum wheat,1000.0,3905.1,3.9051,Rieti,1.0,1,1,0,0,complete,False,False
Rieti,2001,Grain maize,3330.0,21146.5,6.3503003003003,Rieti,1.0,1,1,0,0,complete,False,False
Rieti,2001,Soft wheat,9360.0,31054.1,3.317745726495726,Rieti,1.0,1,1,0,0,complete,False,False
Rieti,2002,Durum wheat,1950.0,7493.1,3.8426153846153848,Rieti,1.0,1,1,0,0,complete,False,False
Rieti,2002,Grain maize,3120.0,20371.0,6.529166666666667,Rieti,1.0,1,1,0,0,complete,False,False
Rieti,2002,Soft wheat,8170.0,26183.2,3.204798041615667,Rieti,1.0,1,1,0,0,complete,False,False
Rieti,2003,Durum wheat,1915.0,5966.0,3.1154046997389035,Rieti,1.0,1,1,0,0,complete,False,False
Rieti,2003,Grain maize,4180.0,20850.0,4.988038277511961,Rieti,1.0,1,1,0,0,complete,False,False
Rieti,2003,Soft wheat,5350.0,16885.0,3.15607476635514,Rieti,1.0,1,1,0,0,complete,False,False
Rieti,2004,Durum wheat,2600.0,8838.0,3.399230769230769,Rieti,1.0,1,1,0,0,complete,False,False
Rieti,2004,Grain maize,4200.0,29630.0,7.054761904761905,Rieti,1.0,1,1,0,0,complete,False,False
Rieti,2004,Soft wheat,7100.0,24615.0,3.4669014084507044,Rieti,1.0,1,1,0,0,complete,False,False
Rieti,2005,Durum wheat,1600.0,5292.0,3.3075,Rieti,1.0,1,1,0,0,complete,False,False
Rieti,2005,Grain maize,3800.0,26977.5,7.099342105263158,Rieti,1.0,1,1,0,0,complete,False,False
Rieti,2005,Soft wheat,5680.0,19883.2,3.5005633802816902,Rieti,1.0,1,1,0,0,complete,False,False
Rieti,2006,Durum wheat,800.0,2530.0,3.1625,Rieti,1.0,1,1,0,0,complete,False,False
Rieti,2006,Grain maize,4145.0,25666.9,6.192255729794934,Rieti,1.0,1,1,0,0,complete,False,False
Rieti,2006,Soft wheat,3850.0,12745.0,3.31038961038961,Rieti,1.0,1,1,0,0,complete,False,False
Rieti,2007,Durum wheat,1100.0,3930.0,3.5727272727272728,Rieti,1.0,1,1,0,0,complete,False,False
Rieti,2007,Grain maize,4400.0,23865.0,5.423863636363636,Rieti,1.0,1,1,0,0,complete,False,False
Rieti,2007,Soft wheat,5070.0,20860.0,4.11439842209073,Rieti,1.0,1,1,0,0,complete,False,False
Rieti,2008,Durum wheat,1150.0,3490.0,3.034782608695652,Rieti,1.0,1,1,0,0,complete,False,False
Rieti,2008,Grain maize,4000.0,22400.0,5.6,Rieti,1.0,1,1,0,0,complete,False,False
Rieti,2008,Soft wheat,5750.0,21190.0,3.685217391304348,Rieti,1.0,1,1,0,0,complete,False,False
Rieti,2009,Durum wheat,644.0,2419.6,3.757142857142857,Rieti,1.0,1,1,0,0,complete,False,False
Rieti,2009,Grain maize,3200.0,22000.0,6.875,Rieti,1.0,1,1,0,0,complete,False,False
Rieti,2009,Soft wheat,3154.0,12533.0,3.973684210526316,Rieti,1.0,1,1,0,0,complete,False,False
Rieti,2010,Durum wheat,800.0,2380.0,2.975,Rieti,1.0,1,1,0,0,complete,False,False
Rieti,2010,Grain maize,3400.0,23700.0,6.970588235294118,Rieti,1.0,1,1,0,0,complete,False,False
Rieti,2010,Soft wheat,3300.0,8900.0,2.696969696969697,Rieti,1.0,1,1,0,0,complete,False,False
Rieti,2011,Durum wheat,700.0,2640.0,3.7714285714285714,Rieti,1.0,1,1,0,0,complete,False,False
Rieti,2011,Grain maize,3700.0,25000.0,6.756756756756757,Rieti,1.0,1,1,0,0,complete,False,False
Rieti,2011,Soft wheat,2800.0,11300.0,4.035714285714286,Rieti,1.0,1,1,0,0,complete,False,False
Rieti,2012,Durum wheat,700.0,2570.0,3.6714285714285713,Rieti,1.0,1,1,0,0,complete,False,False
Rieti,2012,Grain maize,3700.0,2500.0,0.6756756756756757,Rieti,1.0,1,1,0,0,complete,True,False
Rieti,2012,Soft wheat,2800.0,10900.0,3.892857142857143,Rieti,1.0,1,1,0,0,complete,True,False
Rieti,2013,Durum wheat,700.0,2430.0,3.4714285714285715,Rieti,1.0,1,1,0,0,complete,True,False
Rieti,2013,Grain maize,3500.0,24000.0,6.857142857142857,Rieti,1.0,1,1,0,0,complete,True,False
Rieti,2013,Soft wheat,2750.0,10950.0,3.981818181818182,Rieti,1.0,1,1,0,0,complete,True,False
Rieti,2014,Durum wheat,700.0,2700.0,3.857142857142857,Rieti,1.0,1,1,0,0,complete,False,False
Rieti,2014,Grain maize,3200.0,31000.0,9.6875,Rieti,1.0,1,1,0,0,complete,False,False
Rieti,2014,Soft wheat,2900.0,11800.0,4.068965517241379,Rieti,1.0,1,1,0,0,complete,False,False
Rieti,2015,Durum wheat,800.0,3150.0,3.9375,Rieti,1.0,1,1,0,0,complete,False,False
Rieti,2015,Grain maize,3000.0,28500.0,9.5,Rieti,1.0,1,1,0,0,complete,False,False
Rieti,2015,Soft wheat,2600.0,12800.0,4.923076923076923,Rieti,1.0,1,1,0,0,complete,False,False
Rieti,2016,Durum wheat,900.0,3760.0,4.177777777777778,Rieti,1.0,1,1,0,0,complete,False,False
Rieti,2016,Grain maize,3000.0,31500.0,10.5,Rieti,1.0,1,1,0,0,complete,False,False
Rieti,2016,Soft wheat,2600.0,13400.0,5.153846153846154,Rieti,1.0,1,1,0,0,complete,False,False
Rieti,2017,Durum wheat,1100.0,4400.0,4.0,Rieti,1.0,1,1,0,0,complete,False,False
Rieti,2017,Grain maize,2900.0,24500.0,8.448275862068966,Rieti,1.0,1,1,0,0,complete,False,False
Rieti,2017,Soft wheat,2800.0,13300.0,4.75,Rieti,1.0,1,1,0,0,complete,False,False
Rieti,2018,Durum wheat,1200.0,4400.0,3.6666666666666665,Rieti,1.0,1,1,0,0,complete,False,False
Rieti,2018,Grain maize,3100.0,32000.0,10.32258064516129,Rieti,1.0,1,1,0,0,complete,False,False
Rieti,2018,Soft wheat,2600.0,12300.0,4.730769230769231,Rieti,1.0,1,1,0,0,complete,False,False
Rieti,2019,Durum wheat,1700.0,4400.0,2.588235294117647,Rieti,1.0,1,1,0,0,complete,False,False
Rieti,2019,Grain maize,2700.0,33300.0,12.333333333333334,Rieti,1.0,1,1,0,0,complete,False,False
Rieti,2019,Soft wheat,1500.0,8950.0,5.966666666666667,Rieti,1.0,1,1,0,0,complete,False,False
Rieti,2020,Durum wheat,1700.0,4900.0,2.8823529411764706,Rieti,1.0,1,1,0,0,complete,False,False
Rieti,2020,Grain maize,2750.0,23100.0,8.4,Rieti,1.0,1,1,0,0,complete,False,False
Rieti,2020,Soft wheat,1550.0,8900.0,5.741935483870968,Rieti,1.0,1,1,0,0,complete,False,False
Rieti,2021,Durum wheat,1700.0,4900.0,2.8823529411764706,Rieti,1.0,1,1,0,0,complete,False,False
Rieti,2021,Grain maize,2750.0,20000.0,7.2727272727272725,Rieti,1.0,1,1,0,0,complete,False,False
Rieti,2021,Soft wheat,1550.0,8950.0,5.774193548387097,Rieti,1.0,1,1,0,0,complete,False,False
Rieti,2022,Durum wheat,1700.0,4800.0,2.823529411764706,Rieti,1.0,1,1,0,0,complete,False,False
Rieti,2022,Grain maize,2800.0,20400.0,7.285714285714286,Rieti,1.0,1,1,0,0,complete,False,False
Rieti,2022,Soft wheat,1550.0,6900.0,4.451612903225806,Rieti,1.0,1,1,0,0,complete,False,False
Rimini,1996,Durum wheat,2488.76,8744.71,3.5136815120783034,RIMINI,1.0,1,1,0,0,complete,False,True
Rimini,1996,Soft wheat,6635.09,28039.28,4.225908013305019,RIMINI,1.0,1,1,0,0,complete,False,True
Rimini,1997,Durum wheat,2456.39,8951.72,3.644258444302411,RIMINI,1.0,1,1,0,0,complete,False,True
Rimini,1997,Grain maize,231.8,1487.76,6.418291630716134,RIMINI,1.0,1,1,0,0,complete,False,True
Rimini,1997,Soft wheat,5695.97,25942.4,4.55451837000546,RIMINI,1.0,1,1,0,0,complete,False,True
Rimini,1998,Durum wheat,2511.39,10751.12,4.280944019049213,RIMINI,1.0,1,1,0,0,complete,False,True
Rimini,1998,Grain maize,230.47,1507.61,6.541458758189786,RIMINI,1.0,1,1,0,0,complete,False,True
Rimini,1998,Soft wheat,5202.1,27004.83,5.191140116491417,RIMINI,1.0,1,1,0,0,complete,False,True
Rimini,1999,Durum wheat,2528.19,9278.78,3.6701276407232055,RIMINI,1.0,1,1,0,0,complete,False,True
Rimini,1999,Grain maize,233.25,1507.61,6.463494105037513,RIMINI,1.0,1,1,0,0,complete,False,True
Rimini,1999,Soft wheat,5715.58,26859.2,4.699295609544438,RIMINI,1.0,1,1,0,0,complete,False,True
Rimini,2000,Durum wheat,2537.43,9311.62,3.669705174132883,RIMINI,1.0,1,1,0,0,complete,False,True
Rimini,2000,Grain maize,222.97,1266.6,5.680584832040185,RIMINI,1.0,1,1,0,0,complete,False,True
Rimini,2000,Soft wheat,5717.13,24584.41,4.300131359615751,RIMINI,1.0,1,1,0,0,complete,False,True
Rimini,2001,Durum wheat,2658.24,9921.29,3.732277747682678,RIMINI,1.0,1,1,0,0,complete,False,True
Rimini,2001,Grain maize,324.64,1685.24,5.191103992114343,RIMINI,1.0,1,1,0,0,complete,False,True
Rimini,2001,Soft wheat,6348.11,22457.7,3.537698622109573,RIMINI,1.0,1,1,0,0,complete,False,True
Rimini,2002,Durum wheat,2668.24,10965.42,4.109607831379487,RIMINI,1.0,1,1,0,0,complete,False,True
Rimini,2002,Grain maize,537.18,3412.89,6.353345247403105,RIMINI,1.0,1,1,0,0,complete,False,True
Rimini,2002,Soft wheat,6948.11,37786.85,5.438435776059965,RIMINI,1.0,1,1,0,0,complete,False,True
Rimini,2003,Durum wheat,2579.76,9605.8,3.723524668961453,RIMINI,1.0,1,1,0,0,complete,False,True
Rimini,2003,Grain maize,671.12,2664.19,3.96976695672905,RIMINI,1.0,1,1,0,0,complete,False,True
Rimini,2003,Soft wheat,5492.95,19460.4,3.542795765481208,RIMINI,1.0,1,1,0,0,complete,False,True
Rimini,2004,Durum wheat,2601.84,10647.96,4.092473019094179,RIMINI,1.0,1,1,0,0,complete,False,True
Rimini,2004,Grain maize,481.29,2718.64,5.648652579525857,RIMINI,1.0,1,1,0,0,complete,False,True
Rimini,2004,Soft wheat,5845.97,34459.06,5.894498261195318,RIMINI,1.0,1,1,0,0,complete,False,True
Rimini,2005,Durum wheat,2454.03,9868.51,4.021348557271101,RIMINI,1.0,1,1,0,0,complete,False,True
Rimini,2005,Grain maize,304.99,1651.37,5.4145053936194625,RIMINI,1.0,1,1,0,0,complete,False,True
Rimini,2005,Soft wheat,5867.28,34601.36,5.897342550551533,RIMINI,1.0,1,1,0,0,complete,False,True
Rimini,2006,Durum wheat,2372.2,9839.07,4.147656184132873,RIMINI,1.0,1,1,0,0,complete,False,True
Rimini,2006,Grain maize,628.7,3523.27,5.604055988547796,RIMINI,1.0,1,1,0,0,complete,False,True
Rimini,2006,Soft wheat,3356.22,19525.9,5.817824814821437,RIMINI,1.0,1,1,0,0,complete,False,True
Rimini,2007,Durum wheat,2631.86,10676.26,4.056545560934092,RIMINI,1.0,1,1,0,0,complete,False,True
Rimini,2007,Grain maize,528.84,2556.57,4.834297708191514,RIMINI,1.0,1,1,0,0,complete,False,True
Rimini,2007,Soft wheat,4356.66,20746.1,4.761927715268118,RIMINI,1.0,1,1,0,0,complete,False,True
Rimini,2008,Durum wheat,3374.87,15699.82,4.651977705807927,RIMINI,1.0,1,1,0,0,complete,False,True
Rimini,2008,Grain maize,274.71,1743.02,6.344945578974191,RIMINI,1.0,1,1,0,0,complete,False,True
Rimini,2008,Soft wheat,5159.47,30352.88,5.882945341285055,RIMINI,1.0,1,1,0,0,complete,False,True
Rimini,2009,Durum wheat,4386.72,16842.2,3.839360615676405,RIMINI,1.0,1,1,0,0,complete,False,True
Rimini,2009,Grain maize,173.75,987.63,5.684201438848921,RIMINI,1.0,1,1,0,0,complete,False,True
Rimini,2009,Soft wheat,4674.05,19542.14,4.180986510627828,RIMINI,1.0,1,1,0,0,complete,False,True
Rimini,2010,Durum wheat,1948.0,7731.4,3.968891170431211,RIMINI,1.0,1,1,0,0,complete,False,False
Rimini,2010,Grain maize,80.0,640.0,8.0,RIMINI,1.0,1,1,0,0,complete,False,False
Rimini,2010,Soft wheat,4905.0,20420.0,4.163098878695209,RIMINI,1.0,1,1,0,0,complete,False,False
Rimini,2011,Durum wheat,2060.0,9263.0,4.496601941747572,RIMINI,1.0,1,1,0,0,complete,False,False
Rimini,2011,Grain maize,80.0,656.0,8.2,RIMINI,1.0,1,1,0,0,complete,False,False
Rimini,2011,Soft wheat,5650.0,27400.0,4.849557522123894,RIMINI,1.0,1,1,0,0,complete,False,False
Rimini,2012,Durum wheat,1890.0,9615.0,5.087301587301587,RIMINI,1.0,1,1,0,0,complete,False,False
Rimini,2012,Grain maize,180.0,1044.0,5.8,RIMINI,1.0,1,1,0,0,complete,False,False
Rimini,2012,Soft wheat,6270.0,36080.0,5.754385964912281,RIMINI,1.0,1,1,0,0,complete,False,False
Rimini,2013,Durum wheat,1490.0,5215.0,3.5,RIMINI,1.0,1,1,0,0,complete,True,False
Rimini,2013,Grain maize,70.0,490.0,7.0,RIMINI,1.0,1,1,0,0,complete,False,False
Rimini,2013,Soft wheat,5550.0,22200.0,4.0,RIMINI,1.0,1,1,0,0,complete,True,False
Rimini,2014,Durum wheat,1360.0,4080.0,3.0,RIMINI,1.0,1,1,0,0,complete,False,False
Rimini,2014,Grain maize,180.0,1260.0,7.0,RIMINI,1.0,1,1,0,0,complete,False,False
Rimini,2014,Soft wheat,4950.0,17325.0,3.5,RIMINI,1.0,1,1,0,0,complete,False,False
Rimini,2015,Durum wheat,1950.0,8190.0,4.2,RIMINI,1.0,1,1,0,0,complete,False,False
Rimini,2015,Grain maize,200.0,1200.0,6.0,RIMINI,1.0,1,1,0,0,complete,False,False
Rimini,2015,Soft wheat,4800.0,19200.0,4.0,RIMINI,1.0,1,1,0,0,complete,False,False
Rimini,2016,Durum wheat,2800.0,13440.0,4.8,RIMINI,1.0,1,1,0,0,complete,False,False
Rimini,2016,Grain maize,150.0,1050.0,7.0,RIMINI,1.0,1,1,0,0,complete,False,False
Rimini,2016,Soft wheat,3800.0,19000.0,5.0,RIMINI,1.0,1,1,0,0,complete,False,False
Rimini,2017,Durum wheat,2400.0,13920.0,5.8,RIMINI,1.0,1,1,0,0,complete,False,False
Rimini,2017,Grain maize,130.0,455.0,3.5,RIMINI,1.0,1,1,0,0,complete,False,False
Rimini,2017,Soft wheat,3230.0,19380.0,6.0,RIMINI,1.0,1,1,0,0,complete,False,False
Rimini,2018,Durum wheat,3111.27,13308.92,4.27764867722827,RIMINI,1.0,1,1,0,0,complete,False,False
Rimini,2018,Grain maize,110.0,770.0,7.0,RIMINI,1.0,1,1,0,0,complete,False,False
Rimini,2018,Soft wheat,3600.0,16920.0,4.7,RIMINI,1.0,1,1,0,0,complete,False,False
Rimini,2019,Durum wheat,1900.0,8339.0,4.388947368421053,RIMINI,1.0,1,1,0,0,complete,False,False
Rimini,2019,Grain maize,142.0,994.0,7.0,RIMINI,1.0,1,1,0,0,complete,False,False
Rimini,2019,Soft wheat,3510.0,18126.0,5.164102564102564,RIMINI,1.0,1,1,0,0,complete,False,False
Rimini,2020,Durum wheat,1605.0,7620.7,4.74809968847352,RIMINI,1.0,1,1,0,0,complete,False,False
Rimini,2020,Grain maize,150.0,1050.0,7.0,RIMINI,1.0,1,1,0,0,complete,False,False
Rimini,2020,Soft wheat,4047.0,23259.2,5.747269582406721,RIMINI,1.0,1,1,0,0,complete,False,False
Rimini,2021,Durum wheat,2143.0,11857.7,5.53322445170322,RIMINI,1.0,1,1,0,0,complete,False,False
Rimini,2021,Grain maize,160.0,801.2,5.0075,RIMINI,1.0,1,1,0,0,complete,False,False
Rimini,2021,Soft wheat,4275.0,26975.3,6.310011695906432,RIMINI,1.0,1,1,0,0,complete,False,False
Rimini,2022,Durum wheat,3101.0,13349.2,4.304804901644631,RIMINI,1.0,1,1,0,0,complete,False,False
Rimini,2022,Grain maize,114.0,741.0,6.5,RIMINI,1.0,1,1,0,0,complete,False,False
Rimini,2022,Soft wheat,4144.0,21422.5,5.1695222007722,RIMINI,1.0,1,1,0,0,complete,False,False
Roma,1995,Durum wheat,28150.0,101340.0,3.6,Roma,1.0,1,1,0,0,complete,False,False
Roma,1995,Grain maize,2359.0,19579.7,8.3,Roma,1.0,1,1,0,0,complete,False,False
Roma,1995,Soft wheat,2179.0,8599.1,3.9463515374024785,Roma,1.0,1,1,0,0,complete,False,False
Roma,1996,Durum wheat,26500.0,84376.5,3.1840188679245283,Roma,1.0,1,1,0,0,complete,False,False
Roma,1996,Grain maize,2688.0,22364.0,8.319940476190476,Roma,1.0,1,1,0,0,complete,False,False
Roma,1996,Soft wheat,3250.0,11402.0,3.5083076923076923,Roma,1.0,1,1,0,0,complete,False,False
Roma,1997,Durum wheat,27500.0,79750.0,2.9,Roma,1.0,1,1,0,0,complete,False,False
Roma,1997,Grain maize,2694.0,17868.0,6.632516703786192,Roma,1.0,1,1,0,0,complete,True,False
Roma,1997,Soft wheat,2985.0,9253.5,3.1,Roma,1.0,1,1,0,0,complete,False,False
Roma,1998,Durum wheat,26000.0,72800.0,2.8,Roma,1.0,1,1,0,0,complete,False,False
Roma,1998,Grain maize,2350.0,20313.5,8.64404255319149,Roma,1.0,1,1,0,0,complete,True,False
Roma,1998,Soft wheat,3015.0,9045.0,3.0,Roma,1.0,1,1,0,0,complete,False,False
Roma,1999,Durum wheat,27500.0,100636.5,3.659509090909091,Roma,1.0,1,1,0,0,complete,False,False
Roma,1999,Grain maize,2685.0,20313.5,7.565549348230912,Roma,1.0,1,1,0,0,complete,False,False
Roma,1999,Soft wheat,2856.0,11809.8,4.135084033613445,Roma,1.0,1,1,0,0,complete,False,False
Roma,2000,Durum wheat,28500.0,94027.4,3.2992070175438593,Roma,1.0,1,1,0,0,complete,False,False
Roma,2000,Grain maize,2600.0,19732.0,7.5892307692307694,Roma,1.0,1,1,0,0,complete,False,False
Roma,2000,Soft wheat,2800.0,10074.2,3.5979285714285716,Roma,1.0,1,1,0,0,complete,False,False
Roma,2001,Durum wheat,28500.0,67128.1,2.3553719298245617,Roma,1.0,1,1,0,0,complete,False,False
Roma,2001,Grain maize,2500.0,17531.0,7.0124,Roma,1.0,1,1,0,0,complete,False,False
Roma,2001,Soft wheat,2745.0,7256.5,2.6435336976320585,Roma,1.0,1,1,0,0,complete,False,False
Roma,2002,Durum wheat,29500.0,92787.4,3.145335593220339,Roma,1.0,1,1,0,0,complete,False,False
Roma,2002,Grain maize,2400.0,18088.7,7.536958333333334,Roma,1.0,1,1,0,0,complete,False,False
Roma,2002,Soft wheat,1560.0,5044.1,3.233397435897436,Roma,1.0,1,1,0,0,complete,False,False
Roma,2003,Durum wheat,29500.0,60711.0,2.058,Roma,1.0,1,1,0,0,complete,False,False
Roma,2003,Grain maize,1500.0,8550.0,5.7,Roma,1.0,1,1,0,0,complete,False,False
Roma,2003,Soft wheat,1200.0,2822.4,2.352,Roma,1.0,1,1,0,0,complete,False,False
Roma,2004,Durum wheat,31100.0,91435.0,2.940032154340836,Roma,1.0,1,1,0,0,complete,False,False
Roma,2004,Grain maize,1500.0,12010.0,8.006666666666666,Roma,1.0,1,1,0,0,complete,False,False
Roma,2004,Soft wheat,600.0,1823.0,3.0383333333333336,Roma,1.0,1,1,0,0,complete,False,False
Roma,2005,Durum wheat,16000.0,48640.0,3.04,Roma,1.0,1,1,0,0,complete,False,False
Roma,2005,Grain maize,1750.0,13300.0,7.6,Roma,1.0,1,1,0,0,complete,False,False
Roma,2005,Soft wheat,1100.0,3760.0,3.418181818181818,Roma,1.0,1,1,0,0,complete,False,False
Roma,2006,Durum wheat,12000.0,32928.0,2.744,Roma,1.0,1,1,0,0,complete,False,False
Roma,2006,Grain maize,1800.0,13968.0,7.76,Roma,1.0,1,1,0,0,complete,False,False
Roma,2006,Soft wheat,1000.0,3136.0,3.136,Roma,1.0,1,1,0,0,complete,False,False
Roma,2007,Durum wheat,18500.0,50764.0,2.744,Roma,1.0,1,1,0,0,complete,False,False
Roma,2007,Grain maize,1500.0,11400.0,7.6,Roma,1.0,1,1,0,0,complete,False,False
Roma,2007,Soft wheat,700.0,2195.0,3.1357142857142857,Roma,1.0,1,1,0,0,complete,False,False
Roma,2008,Durum wheat,15250.0,41846.0,2.744,Roma,1.0,1,1,0,0,complete,False,False
Roma,2008,Grain maize,1400.0,10640.0,7.6,Roma,1.0,1,1,0,0,complete,False,False
Roma,2008,Soft wheat,850.0,2665.5,3.1358823529411763,Roma,1.0,1,1,0,0,complete,False,False
Roma,2009,Durum wheat,14000.0,24696.0,1.764,Roma,1.0,1,1,0,0,complete,False,False
Roma,2009,Grain maize,1100.0,9100.0,8.272727272727273,Roma,1.0,1,1,0,0,complete,False,False
Roma,2009,Soft wheat,2000.0,3920.0,1.96,Roma,1.0,1,1,0,0,complete,False,False
Roma,2010,Durum wheat,19254.0,55000.0,2.856549288459541,Roma,1.0,1,1,0,0,complete,False,False
Roma,2010,Grain maize,2684.0,20380.0,7.5931445603576755,Roma,1.0,1,1,0,0,complete,False,False
Roma,2010,Soft wheat,248.0,800.0,3.225806451612903,Roma,1.0,1,1,0,0,complete,False,False
Roma,2011,Durum wheat,15832.0,42613.0,2.6915740272865083,Roma,1.0,1,1,0,0,complete,False,False
Roma,2011,Grain maize,1815.0,14143.9,7.792782369146005,Roma,1.0,1,1,0,0,complete,False,False
Roma,2011,Soft wheat,919.0,2450.6,2.666594124047878,Roma,1.0,1,1,0,0,complete,False,False
Roma,2012,Durum wheat,20000.0,68600.0,3.43,Roma,1.0,1,1,0,0,complete,True,False
Roma,2012,Grain maize,1000.0,5470.0,5.47,Roma,1.0,1,1,0,0,complete,True,False
Roma,2012,Soft wheat,2000.0,10700.0,5.35,Roma,1.0,1,1,0,0,complete,True,False
Roma,2013,Durum wheat,17500.0,43100.0,2.462857142857143,Roma,1.0,1,1,0,0,complete,True,False
Roma,2013,Grain maize,900.0,5670.0,6.3,Roma,1.0,1,1,0,0,complete,True,False
Roma,2013,Soft wheat,2600.0,6800.0,2.6153846153846154,Roma,1.0,1,1,0,0,complete,True,False
Roma,2014,Durum wheat,16500.0,31300.0,1.896969696969697,Roma,1.0,1,1,0,0,complete,False,False
Roma,2014,Grain maize,700.0,5550.0,7.928571428571429,Roma,1.0,1,1,0,0,complete,False,False
Roma,2014,Soft wheat,2450.0,5120.0,2.089795918367347,Roma,1.0,1,1,0,0,complete,False,False
Roma,2015,Durum wheat,14000.0,46550.0,3.325,Roma,1.0,1,1,0,0,complete,False,False
Roma,2015,Grain maize,700.0,5550.0,7.928571428571429,Roma,1.0,1,1,0,0,complete,False,False
Roma,2015,Soft wheat,2000.0,7556.0,3.778,Roma,1.0,1,1,0,0,complete,False,False
Roma,2016,Durum wheat,14000.0,59850.0,4.275,Roma,1.0,1,1,0,0,complete,False,False
Roma,2016,Grain maize,300.0,2210.0,7.366666666666666,Roma,1.0,1,1,0,0,complete,False,False
Roma,2016,Soft wheat,2100.0,10500.0,5.0,Roma,1.0,1,1,0,0,complete,False,False
Roma,2017,Durum wheat,14100.0,34741.0,2.463900709219858,Roma,1.0,1,1,0,0,complete,False,False
Roma,2017,Grain maize,150.0,1200.0,8.0,Roma,1.0,1,1,0,0,complete,False,False
Roma,2017,Soft wheat,2150.0,6838.0,3.18046511627907,Roma,1.0,1,1,0,0,complete,False,False
Roma,2018,Durum wheat,13000.0,3530.0,0.27153846153846156,Roma,1.0,1,1,0,0,complete,False,False
Roma,2018,Grain maize,140.0,1130.0,8.071428571428571,Roma,1.0,1,1,0,0,complete,False,False
Roma,2018,Soft wheat,2050.0,5960.0,2.9073170731707316,Roma,1.0,1,1,0,0,complete,False,False
Roma,2019,Durum wheat,14500.0,4250.0,0.29310344827586204,Roma,1.0,1,1,0,0,complete,False,False
Roma,2019,Grain maize,130.0,990.0,7.615384615384615,Roma,1.0,1,1,0,0,complete,False,False
Roma,2019,Soft wheat,1950.0,6000.0,3.076923076923077,Roma,1.0,1,1,0,0,complete,False,False
Roma,2020,Durum wheat,14000.0,3980.0,0.2842857142857143,Roma,1.0,1,1,0,0,complete,False,False
Roma,2020,Grain maize,120.0,760.0,6.333333333333333,Roma,1.0,1,1,0,0,complete,False,False
Roma,2020,Soft wheat,2000.0,6200.0,3.1,Roma,1.0,1,1,0,0,complete,False,False
Roma,2021,Durum wheat,15000.0,40000.0,2.6666666666666665,Roma,1.0,1,1,0,0,complete,False,False
Roma,2021,Grain maize,110.0,830.0,7.545454545454546,Roma,1.0,1,1,0,0,complete,False,False
Roma,2021,Soft wheat,2100.0,6170.0,2.9380952380952383,Roma,1.0,1,1,0,0,complete,False,False
Roma,2022,Durum wheat,15000.0,40000.0,2.6666666666666665,Roma,1.0,1,1,0,0,complete,False,False
Roma,2022,Grain maize,140.0,1100.0,7.857142857142857,Roma,1.0,1,1,0,0,complete,False,False
Roma,2022,Soft wheat,2100.0,6170.0,2.9380952380952383,Roma,1.0,1,1,0,0,complete,False,False
Rovigo,1995,Durum wheat,1000.0,4685.0,4.685,Rovigo,1.0,1,1,0,0,complete,False,False
Rovigo,1995,Grain maize,52000.0,520000.0,10.0,Rovigo,1.0,1,1,0,0,complete,False,False
Rovigo,1995,Soft wheat,16800.0,91620.0,5.453571428571428,Rovigo,1.0,1,1,0,0,complete,False,False
Rovigo,1996,Durum wheat,860.0,4152.1,4.828023255813954,Rovigo,1.0,1,1,0,0,complete,False,False
Rovigo,1996,Grain maize,52500.0,530390.0,10.102666666666666,Rovigo,1.0,1,1,0,0,complete,False,False
Rovigo,1996,Soft wheat,15700.0,83840.0,5.3401273885350315,Rovigo,1.0,1,1,0,0,complete,False,False
Rovigo,1997,Durum wheat,200.0,1021.0,5.105,Rovigo,1.0,1,1,0,0,complete,False,False
Rovigo,1997,Grain maize,53000.0,494930.0,9.338301886792452,Rovigo,1.0,1,1,0,0,complete,True,False
Rovigo,1997,Soft wheat,10500.0,55380.0,5.274285714285714,Rovigo,1.0,1,1,0,0,complete,False,False
Rovigo,1998,Durum wheat,425.0,2332.5,5.488235294117647,Rovigo,1.0,1,1,0,0,complete,False,False
Rovigo,1998,Grain maize,49400.0,494800.0,10.016194331983806,Rovigo,1.0,1,1,0,0,complete,False,False
Rovigo,1998,Soft wheat,11840.0,100912.0,8.522972972972973,Rovigo,1.0,1,1,0,0,complete,False,False
Rovigo,1999,Durum wheat,426.0,2336.3,5.484272300469484,Rovigo,1.0,1,1,0,0,complete,False,False
Rovigo,1999,Grain maize,49000.0,494800.0,10.097959183673469,Rovigo,1.0,1,1,0,0,complete,False,False
Rovigo,1999,Soft wheat,11520.0,60027.0,5.210677083333334,Rovigo,1.0,1,1,0,0,complete,False,False
Rovigo,2000,Durum wheat,470.0,2626.0,5.587234042553192,Rovigo,1.0,1,1,0,0,complete,False,False
Rovigo,2000,Grain maize,49250.0,482075.0,9.788324873096446,Rovigo,1.0,1,1,0,0,complete,False,False
Rovigo,2000,Soft wheat,11420.0,68342.0,5.984413309982487,Rovigo,1.0,1,1,0,0,complete,False,False
Rovigo,2001,Durum wheat,440.0,2268.9,5.15659090909091,Rovigo,1.0,1,1,0,0,complete,False,False
Rovigo,2001,Grain maize,49070.0,495650.0,10.100876299164458,Rovigo,1.0,1,1,0,0,complete,False,False
Rovigo,2001,Soft wheat,10770.0,61212.0,5.683565459610028,Rovigo,1.0,1,1,0,0,complete,False,False
Rovigo,2002,Durum wheat,850.0,4111.2,4.836705882352941,Rovigo,1.0,1,1,0,0,complete,False,False
Rovigo,2002,Grain maize,55000.0,537800.0,9.778181818181817,Rovigo,1.0,1,1,0,0,complete,False,False
Rovigo,2002,Soft wheat,18000.0,91701.5,5.0945277777777775,Rovigo,1.0,1,1,0,0,complete,False,False
Rovigo,2003,Durum wheat,550.0,2463.0,4.4781818181818185,Rovigo,1.0,1,1,0,0,complete,False,False
Rovigo,2003,Grain maize,63000.0,429500.0,6.817460317460317,Rovigo,1.0,1,1,0,0,complete,False,False
Rovigo,2003,Soft wheat,14900.0,71600.0,4.805369127516778,Rovigo,1.0,1,1,0,0,complete,False,False
Rovigo,2004,Durum wheat,600.0,3525.0,5.875,Rovigo,1.0,1,1,0,0,complete,False,False
Rovigo,2004,Grain maize,74000.0,688000.0,9.297297297297296,Rovigo,1.0,1,1,0,0,complete,False,False
Rovigo,2004,Soft wheat,17000.0,104500.0,6.147058823529412,Rovigo,1.0,1,1,0,0,complete,False,False
Rovigo,2005,Durum wheat,500.0,3480.0,6.96,Rovigo,1.0,1,1,0,0,complete,False,False
Rovigo,2005,Grain maize,61000.0,515000.0,8.442622950819672,Rovigo,1.0,1,1,0,0,complete,False,False
Rovigo,2005,Soft wheat,19000.0,141700.0,7.457894736842105,Rovigo,1.0,1,1,0,0,complete,False,False
Rovigo,2006,Durum wheat,650.0,4500.0,6.923076923076923,Rovigo,1.0,1,1,0,0,complete,False,False
Rovigo,2006,Grain maize,62000.0,546000.0,8.806451612903226,Rovigo,1.0,1,1,0,0,complete,False,False
Rovigo,2006,Soft wheat,19500.0,142500.0,7.3076923076923075,Rovigo,1.0,1,1,0,0,complete,False,False
Rovigo,2007,Durum wheat,985.0,5980.0,6.071065989847716,Rovigo,1.0,1,1,0,0,complete,False,False
Rovigo,2007,Grain maize,61500.0,490000.0,7.967479674796748,Rovigo,1.0,1,1,0,0,complete,False,False
Rovigo,2007,Soft wheat,24950.0,162200.0,6.501002004008016,Rovigo,1.0,1,1,0,0,complete,False,False
Rovigo,2008,Durum wheat,6000.0,37200.0,6.2,Rovigo,1.0,1,1,0,0,complete,False,False
Rovigo,2008,Grain maize,40900.0,373826.0,9.14,Rovigo,1.0,1,1,0,0,complete,False,False
Rovigo,2008,Soft wheat,29500.0,193225.0,6.55,Rovigo,1.0,1,1,0,0,complete,False,False
Rovigo,2009,Durum wheat,3052.0,17091.2,5.6000000000000005,Rovigo,1.0,1,1,0,0,complete,False,False
Rovigo,2009,Grain maize,40090.0,380855.0,9.5,Rovigo,1.0,1,1,0,0,complete,False,False
Rovigo,2009,Soft wheat,27800.0,164020.0,5.9,Rovigo,1.0,1,1,0,0,complete,False,False
Rovigo,2010,Durum wheat,5600.0,33600.0,6.0,Rovigo,1.0,1,1,0,0,complete,False,False
Rovigo,2010,Grain maize,40090.0,380855.0,9.5,Rovigo,1.0,1,1,0,0,complete,False,False
Rovigo,2010,Soft wheat,27180.0,176670.0,6.5,Rovigo,1.0,1,1,0,0,complete,False,False
Rovigo,2011,Durum wheat,5500.0,33000.0,6.0,Rovigo,1.0,1,1,0,0,complete,False,False
Rovigo,2011,Grain maize,43000.0,430000.0,10.0,Rovigo,1.0,1,1,0,0,complete,False,False
Rovigo,2011,Soft wheat,26000.0,176800.0,6.8,Rovigo,1.0,1,1,0,0,complete,False,False
Rovigo,2012,Durum wheat,5500.0,36300.0,6.6,Rovigo,1.0,1,1,0,0,complete,False,False
Rovigo,2012,Grain maize,45200.0,235040.0,5.2,Rovigo,1.0,1,1,0,0,complete,False,False
Rovigo,2012,Soft wheat,26000.0,182000.0,7.0,Rovigo,1.0,1,1,0,0,complete,False,False
Rovigo,2013,Durum wheat,2409.0,13184.5,5.473017849730178,Rovigo,1.0,1,1,0,0,complete,True,False
Rovigo,2013,Grain maize,46864.0,402496.9,8.588615995220213,Rovigo,1.0,1,1,0,0,complete,True,False
Rovigo,2013,Soft wheat,27815.0,163552.2,5.880000000000001,Rovigo,1.0,1,1,0,0,complete,True,False
Rovigo,2014,Durum wheat,2810.0,17348.9,6.173985765124556,Rovigo,1.0,1,1,0,0,complete,False,False
Rovigo,2014,Grain maize,43591.0,486257.6,11.154999885297423,Rovigo,1.0,1,1,0,0,complete,False,False
Rovigo,2014,Soft wheat,24417.0,160322.0,6.56599909898841,Rovigo,1.0,1,1,0,0,complete,False,False
Rovigo,2015,Durum wheat,6870.0,42500.0,6.186317321688501,Rovigo,1.0,1,1,0,0,complete,False,False
Rovigo,2015,Grain maize,34001.0,329809.7,9.700000000000001,Rovigo,1.0,1,1,0,0,complete,False,False
Rovigo,2015,Soft wheat,22777.0,141100.0,6.194845677657286,Rovigo,1.0,1,1,0,0,complete,False,False
Rovigo,2016,Durum wheat,12878.0,72416.8,5.623295542786147,Rovigo,1.0,1,1,0,0,complete,False,False
Rovigo,2016,Grain maize,34480.0,359287.0,10.420156612529002,Rovigo,1.0,1,1,0,0,complete,False,False
Rovigo,2016,Soft wheat,21649.0,138827.2,6.412637997136127,Rovigo,1.0,1,1,0,0,complete,False,False
Rovigo,2017,Durum wheat,9026.0,59892.4,6.635541768225128,Rovigo,1.0,1,1,0,0,complete,False,False
Rovigo,2017,Grain maize,34568.0,295363.0,8.54440523027077,Rovigo,1.0,1,1,0,0,complete,False,False
Rovigo,2017,Soft wheat,18621.0,137323.1,7.37463616347135,Rovigo,1.0,1,1,0,0,complete,False,False
Rovigo,2018,Durum wheat,10187.0,60835.0,5.971826838127025,Rovigo,1.0,1,1,0,0,complete,False,False
Rovigo,2018,Grain maize,27724.0,263989.0,9.52203866685904,Rovigo,1.0,1,1,0,0,complete,False,False
Rovigo,2018,Soft wheat,23362.0,149891.5,6.416038866535399,Rovigo,1.0,1,1,0,0,complete,False,False
Rovigo,2019,Durum wheat,8523.0,38429.0,4.508858383198405,Rovigo,1.0,1,1,0,0,complete,False,False
Rovigo,2019,Grain maize,32234.0,268571.0,8.331916609790904,Rovigo,1.0,1,1,0,0,complete,False,False
Rovigo,2019,Soft wheat,23265.0,131356.0,5.646077799269289,Rovigo,1.0,1,1,0,0,complete,False,False
Rovigo,2020,Durum wheat,6625.0,38575.5,5.822716981132076,Rovigo,1.0,1,1,0,0,complete,False,False
Rovigo,2020,Grain maize,29193.0,315548.0,10.809029561881273,Rovigo,1.0,1,1,0,0,complete,False,False
Rovigo,2020,Soft wheat,23346.0,145479.5,6.231452925554699,Rovigo,1.0,1,1,0,0,complete,False,False
Rovigo,2021,Durum wheat,9716.0,60613.5,6.238524083985179,Rovigo,1.0,1,1,0,0,complete,False,False
Rovigo,2021,Grain maize,27567.0,270312.0,9.805637174883012,Rovigo,1.0,1,1,0,0,complete,False,False
Rovigo,2021,Soft wheat,25107.0,169225.0,6.740152148803123,Rovigo,1.0,1,1,0,0,complete,False,False
Rovigo,2022,Durum wheat,12650.0,71025.0,5.6146245059288535,Rovigo,1.0,1,1,0,0,complete,False,False
Rovigo,2022,Grain maize,26056.0,153302.0,5.88355848940743,Rovigo,1.0,1,1,0,0,complete,False,False
Rovigo,2022,Soft wheat,23820.0,149313.5,6.268408900083963,Rovigo,1.0,1,1,0,0,complete,False,False
Salerno,1995,Durum wheat,7635.0,16012.0,2.097184020956123,Salerno,1.0,1,1,0,0,complete,False,False
Salerno,1995,Grain maize,3570.0,24733.0,6.928011204481793,Salerno,1.0,1,1,0,0,complete,False,False
Salerno,1995,Soft wheat,9510.0,22190.0,2.3333333333333335,Salerno,1.0,1,1,0,0,complete,False,False
Salerno,1996,Durum wheat,7640.0,16184.5,2.118390052356021,Salerno,1.0,1,1,0,0,complete,False,False
Salerno,1996,Grain maize,3980.0,22399.4,5.627989949748744,Salerno,1.0,1,1,0,0,complete,False,False
Salerno,1996,Soft wheat,9120.0,21249.0,2.3299342105263157,Salerno,1.0,1,1,0,0,complete,False,False
Salerno,1997,Durum wheat,7640.0,16184.5,2.118390052356021,Salerno,1.0,1,1,0,0,complete,False,False
Salerno,1997,Grain maize,4030.0,20633.0,5.11985111662531,Salerno,1.0,1,1,0,0,complete,True,False
Salerno,1997,Soft wheat,9060.0,20988.0,2.3165562913907283,Salerno,1.0,1,1,0,0,complete,False,False
Salerno,1998,Durum wheat,7985.0,17044.0,2.1345021916092675,Salerno,1.0,1,1,0,0,complete,False,False
Salerno,1998,Grain maize,2980.0,11639.5,3.9058724832214766,Salerno,1.0,1,1,0,0,complete,True,False
Salerno,1998,Soft wheat,9065.0,21069.5,2.32426916712631,Salerno,1.0,1,1,0,0,complete,False,False
Salerno,1999,Durum wheat,7985.0,17044.0,2.1345021916092675,Salerno,1.0,1,1,0,0,complete,False,False
Salerno,1999,Grain maize,1660.0,11639.5,7.011746987951807,Salerno,1.0,1,1,0,0,complete,False,False
Salerno,1999,Soft wheat,8620.0,20231.0,2.346983758700696,Salerno,1.0,1,1,0,0,complete,False,False
Salerno,2000,Durum wheat,6803.0,19807.5,2.9115831250918713,Salerno,1.0,1,1,0,0,complete,False,False
Salerno,2000,Grain maize,1660.0,12120.0,7.301204819277109,Salerno,1.0,1,1,0,0,complete,False,False
Salerno,2000,Soft wheat,8730.0,23325.0,2.6718213058419242,Salerno,1.0,1,1,0,0,complete,False,False
Salerno,2001,Durum wheat,6850.0,19455.0,2.8401459854014597,Salerno,1.0,1,1,0,0,complete,False,False
Salerno,2001,Grain maize,2000.0,15800.0,7.9,Salerno,1.0,1,1,0,0,complete,False,False
Salerno,2001,Soft wheat,7010.0,18200.0,2.596291012838802,Salerno,1.0,1,1,0,0,complete,False,False
Salerno,2002,Durum wheat,6540.0,18900.0,2.889908256880734,Salerno,1.0,1,1,0,0,complete,False,False
Salerno,2002,Grain maize,2554.0,16281.7,6.374980422866093,Salerno,1.0,1,1,0,0,complete,False,False
Salerno,2002,Soft wheat,5950.0,17500.0,2.9411764705882355,Salerno,1.0,1,1,0,0,complete,False,False
Salerno,2003,Durum wheat,6055.0,13018.3,2.1500082576383153,Salerno,1.0,1,1,0,0,complete,False,False
Salerno,2003,Grain maize,2200.0,14520.0,6.6,Salerno,1.0,1,1,0,0,complete,False,False
Salerno,2003,Soft wheat,5275.0,13609.5,2.58,Salerno,1.0,1,1,0,0,complete,False,False
Salerno,2004,Durum wheat,5460.0,16243.5,2.975,Salerno,1.0,1,1,0,0,complete,False,False
Salerno,2004,Grain maize,2440.0,18300.0,7.5,Salerno,1.0,1,1,0,0,complete,False,False
Salerno,2004,Soft wheat,4345.0,13382.6,3.08,Salerno,1.0,1,1,0,0,complete,False,False
Salerno,2005,Durum wheat,5310.0,16354.8,3.08,Salerno,1.0,1,1,0,0,complete,False,False
Salerno,2005,Grain maize,2300.0,16215.0,7.05,Salerno,1.0,1,1,0,0,complete,False,False
Salerno,2005,Soft wheat,4030.0,12613.9,3.13,Salerno,1.0,1,1,0,0,complete,False,False
Salerno,2006,Durum wheat,4740.0,14599.2,3.08,Salerno,1.0,1,1,0,0,complete,False,False
Salerno,2006,Grain maize,2354.0,15913.0,6.759983007646559,Salerno,1.0,1,1,0,0,complete,False,False
Salerno,2006,Soft wheat,3500.0,12292.0,3.512,Salerno,1.0,1,1,0,0,complete,False,False
Salerno,2007,Durum wheat,4883.0,14307.2,2.9300020479213598,Salerno,1.0,1,1,0,0,complete,False,False
Salerno,2007,Grain maize,2486.0,15661.8,6.3,Salerno,1.0,1,1,0,0,complete,False,False
Salerno,2007,Soft wheat,3625.0,12107.5,3.34,Salerno,1.0,1,1,0,0,complete,False,False
Salerno,2008,Durum wheat,5261.0,16730.0,3.180003801558639,Salerno,1.0,1,1,0,0,complete,False,False
Salerno,2008,Grain maize,2638.0,17489.9,6.629984836997726,Salerno,1.0,1,1,0,0,complete,False,False
Salerno,2008,Soft wheat,4189.0,14745.3,3.5200047744091667,Salerno,1.0,1,1,0,0,complete,False,False
Salerno,2009,Durum wheat,3971.0,11913.0,3.0,Salerno,1.0,1,1,0,0,complete,False,False
Salerno,2009,Grain maize,2526.0,16065.4,6.360015835312748,Salerno,1.0,1,1,0,0,complete,False,False
Salerno,2009,Soft wheat,2068.0,6617.6,3.2,Salerno,1.0,1,1,0,0,complete,False,False
Salerno,2010,Durum wheat,4765.0,14914.5,3.1300104931794333,Salerno,1.0,1,1,0,0,complete,False,False
Salerno,2010,Grain maize,2776.0,18488.2,6.660014409221902,Salerno,1.0,1,1,0,0,complete,False,False
Salerno,2010,Soft wheat,3475.0,11137.4,3.205007194244604,Salerno,1.0,1,1,0,0,complete,False,False
Salerno,2011,Durum wheat,4500.0,15300.0,3.4,Salerno,1.0,1,1,0,0,complete,False,False
Salerno,2011,Grain maize,2500.0,16250.0,6.5,Salerno,1.0,1,1,0,0,complete,False,False
Salerno,2011,Soft wheat,3400.0,11900.0,3.5,Salerno,1.0,1,1,0,0,complete,False,False
Salerno,2012,Durum wheat,4900.0,15200.0,3.1020408163265305,Salerno,1.0,1,1,0,0,complete,False,False
Salerno,2012,Grain maize,2450.0,13900.0,5.673469387755102,Salerno,1.0,1,1,0,0,complete,False,False
Salerno,2012,Soft wheat,3800.0,12900.0,3.3947368421052633,Salerno,1.0,1,1,0,0,complete,False,False
Salerno,2013,Durum wheat,7550.0,22260.0,2.948344370860927,Salerno,1.0,1,1,0,0,complete,True,False
Salerno,2013,Grain maize,4500.0,27400.0,6.088888888888889,Salerno,1.0,1,1,0,0,complete,False,False
Salerno,2013,Soft wheat,5900.0,17960.0,3.0440677966101695,Salerno,1.0,1,1,0,0,complete,False,False
Salerno,2014,Durum wheat,3900.0,11500.0,2.948717948717949,Salerno,1.0,1,1,0,0,complete,False,False
Salerno,2014,Grain maize,1950.0,12800.0,6.564102564102564,Salerno,1.0,1,1,0,0,complete,False,False
Salerno,2014,Soft wheat,3200.0,10200.0,3.1875,Salerno,1.0,1,1,0,0,complete,False,False
Salerno,2015,Durum wheat,4000.0,12160.0,3.04,Salerno,1.0,1,1,0,0,complete,False,False
Salerno,2015,Grain maize,2250.0,16600.0,7.377777777777778,Salerno,1.0,1,1,0,0,complete,False,False
Salerno,2015,Soft wheat,3465.0,11530.0,3.3275613275613276,Salerno,1.0,1,1,0,0,complete,False,False
Salerno,2016,Durum wheat,4350.0,15160.0,3.485057471264368,Salerno,1.0,1,1,0,0,complete,False,False
Salerno,2016,Grain maize,2300.0,14150.0,6.1521739130434785,Salerno,1.0,1,1,0,0,complete,False,False
Salerno,2016,Soft wheat,3350.0,12090.0,3.608955223880597,Salerno,1.0,1,1,0,0,complete,False,False
Salerno,2017,Durum wheat,4500.0,14670.0,3.26,Salerno,1.0,1,1,0,0,complete,False,False
Salerno,2017,Grain maize,2250.0,13200.0,5.866666666666666,Salerno,1.0,1,1,0,0,complete,False,False
Salerno,2017,Soft wheat,3200.0,11150.0,3.484375,Salerno,1.0,1,1,0,0,complete,False,False
Salerno,2018,Durum wheat,4400.0,13200.0,3.0,Salerno,1.0,1,1,0,0,complete,False,False
Salerno,2018,Grain maize,2100.0,13600.0,6.476190476190476,Salerno,1.0,1,1,0,0,complete,False,False
Salerno,2018,Soft wheat,3050.0,10100.0,3.3114754098360657,Salerno,1.0,1,1,0,0,complete,False,False
Salerno,2019,Durum wheat,3800.0,11300.0,2.973684210526316,Salerno,1.0,1,1,0,0,complete,False,False
Salerno,2019,Grain maize,1800.0,11750.0,6.527777777777778,Salerno,1.0,1,1,0,0,complete,False,False
Salerno,2019,Soft wheat,2850.0,8977.5,3.15,Salerno,1.0,1,1,0,0,complete,False,False
Salerno,2020,Durum wheat,3400.0,10600.0,3.1176470588235294,Salerno,1.0,1,1,0,0,complete,False,False
Salerno,2020,Grain maize,1750.0,12000.0,6.857142857142857,Salerno,1.0,1,1,0,0,complete,False,False
Salerno,2020,Soft wheat,2800.0,8900.0,3.1785714285714284,Salerno,1.0,1,1,0,0,complete,False,False
Salerno,2021,Durum wheat,3200.0,9550.0,2.984375,Salerno,1.0,1,1,0,0,complete,False,False
Salerno,2021,Grain maize,1350.0,9050.0,6.703703703703703,Salerno,1.0,1,1,0,0,complete,False,False
Salerno,2021,Soft wheat,2700.0,7984.0,2.957037037037037,Salerno,1.0,1,1,0,0,complete,False,False
Salerno,2022,Durum wheat,2700.0,8870.0,3.285185185185185,Salerno,1.0,1,1,0,0,complete,False,False
Salerno,2022,Grain maize,900.0,5900.0,6.555555555555555,Salerno,1.0,1,1,0,0,complete,False,False
Salerno,2022,Soft wheat,2350.0,8250.0,3.5106382978723403,Salerno,1.0,1,1,0,0,complete,False,False
Sassari,1995,Durum wheat,14674.300000000001,7083.009999999999,0.4826812863305234,SARDEGNA,1.0,2,2,0,0,complete,False,True
Sassari,1995,Grain maize,1613.46,13621.330000000002,8.442310314479442,SARDEGNA,1.0,2,2,0,0,complete,False,True
Sassari,1996,Durum wheat,14074.02,17663.79,1.2550635852443013,SARDEGNA,1.0,2,2,0,0,complete,False,True
Sassari,1996,Grain maize,1931.1100000000001,14329.66,7.420426594031412,SARDEGNA,1.0,2,2,0,0,complete,False,True
Sassari,1997,Durum wheat,15812.74,9523.94,0.6022953643707543,SARDEGNA,1.0,2,2,0,0,complete,False,True
Sassari,1997,Grain maize,2129.05,12147.699999999999,5.70569033136845,SARDEGNA,1.0,2,2,0,0,complete,True,True
Sassari,1998,Durum wheat,15385.720000000001,27672.67,1.7985944109212957,SARDEGNA,1.0,2,2,0,0,complete,False,True
Sassari,1998,Grain maize,1417.1499999999999,13918.689999999999,9.82160674593374,SARDEGNA,1.0,2,2,0,0,complete,True,True
Sassari,1999,Durum wheat,15062.26,20465.34,1.3587164210417295,SARDEGNA,1.0,2,2,0,0,complete,False,True
Sassari,1999,Grain maize,2263.74,13918.689999999999,6.148537376200447,SARDEGNA,1.0,2,2,0,0,complete,False,True
Sassari,2000,Durum wheat,15606.83,11684.970000000001,0.7487087384177313,SARDEGNA,1.0,2,2,0,0,complete,False,True
Sassari,2000,Grain maize,1352.32,9844.7,7.279859796497871,SARDEGNA,1.0,2,2,0,0,complete,False,True
Sassari,2001,Durum wheat,12912.31,22204.65,1.7196496986209286,SARDEGNA,1.0,2,2,0,0,complete,False,True
Sassari,2001,Grain maize,1811.29,11990.74,6.620000110418541,SARDEGNA,1.0,2,2,0,0,complete,False,True
Sassari,2002,Durum wheat,12962.31,20087.28,1.54966823043115,SARDEGNA,1.0,2,2,0,0,complete,False,True
Sassari,2002,Grain maize,1997.8999999999999,14222.990000000002,7.1189699184143365,SARDEGNA,1.0,2,2,0,0,complete,False,True
Sassari,2003,Durum wheat,13907.84,19010.08,1.366860705904008,SARDEGNA,1.0,2,2,0,0,complete,False,True
Sassari,2003,Grain maize,1850.85,13154.26,7.107145365642813,SARDEGNA,1.0,2,2,0,0,complete,False,True
Sassari,2004,Durum wheat,13918.5,36354.05,2.6119229802062005,SARDEGNA,1.0,2,2,0,0,complete,False,True
Sassari,2004,Grain maize,1903.01,13474.98,7.080877136746523,SARDEGNA,1.0,2,2,0,0,complete,False,True
Sassari,2005,Durum wheat,13897.47,25364.85,1.8251415545419418,SARDEGNA,1.0,2,2,0,0,complete,False,True
Sassari,2005,Grain maize,1988.96,14187.77,7.133260598503741,SARDEGNA,1.0,2,2,0,0,complete,False,True
Sassari,2006,Durum wheat,11443.16,21996.59,1.9222478755868135,SARDEGNA,1.0,2,2,0,0,complete,False,True
Sassari,2006,Grain maize,1967.96,14002.890000000001,7.115434256793837,SARDEGNA,1.0,2,2,0,0,complete,False,True
Sassari,2007,Durum wheat,12624.26,26046.379999999997,2.063200536110631,SARDEGNA,1.0,2,2,0,0,complete,False,True
Sassari,2007,Grain maize,1927.98,10970.6,5.690204255230864,SARDEGNA,1.0,2,2,0,0,complete,False,True
Sassari,2008,Durum wheat,15447.0,33211.1,2.1500032368744737,SARDEGNA,1.0,2,2,0,0,complete,False,False
Sassari,2008,Grain maize,1366.0,8127.7,5.95,SARDEGNA,1.0,2,2,0,0,complete,False,False
Sassari,2008,Soft wheat,222.0,352.8,1.5891891891891892,SARDEGNA,1.0,2,2,0,0,complete,False,False
Sassari,2009,Durum wheat,5808.0,10968.800000000001,1.888567493112948,SARDEGNA,1.0,2,2,0,0,complete,False,False
Sassari,2009,Grain maize,199.0,1249.7,6.279899497487437,SARDEGNA,1.0,2,2,0,0,complete,False,False
Sassari,2010,Durum wheat,2706.0,4985.5,1.8423872875092386,SARDEGNA,1.0,2,2,0,0,complete,False,False
Sassari,2010,Grain maize,476.0,3036.2,6.378571428571428,SARDEGNA,1.0,2,2,0,0,complete,False,False
Sassari,2011,Durum wheat,2739.0,5087.6,1.857466228550566,SARDEGNA,1.0,2,2,0,0,complete,False,False
Sassari,2011,Grain maize,262.0,1870.5,7.1393129770992365,SARDEGNA,1.0,2,2,0,0,complete,False,False
Sassari,2012,Durum wheat,2962.0,7326.599999999999,2.473531397704254,SARDEGNA,1.0,2,2,0,0,complete,False,False
Sassari,2012,Grain maize,417.0,3330.2,7.986091127098321,SARDEGNA,1.0,2,2,0,0,complete,False,False
Sassari,2013,Durum wheat,2803.0,5799.9,2.0691758829825186,SARDEGNA,1.0,2,2,0,0,complete,True,False
Sassari,2013,Grain maize,328.0,2536.8999999999996,7.734451219512194,SARDEGNA,1.0,2,2,0,0,complete,False,False
Sassari,2014,Durum wheat,3086.0,7217.7,2.3388528839922227,SARDEGNA,1.0,2,2,0,0,complete,False,False
Sassari,2014,Grain maize,107.0,1024.4,9.573831775700935,SARDEGNA,1.0,2,2,0,0,complete,False,False
Sassari,2015,Durum wheat,6569.0,17061.6,2.5972903029380423,SARDEGNA,1.0,2,2,0,0,complete,False,False
Sassari,2015,Grain maize,117.0,1120.4,9.576068376068378,SARDEGNA,1.0,2,2,0,0,complete,False,False
Sassari,2016,Durum wheat,4583.0,12612.8,2.752083787911848,SARDEGNA,1.0,2,2,0,0,complete,False,False
Sassari,2016,Grain maize,67.0,473.1,7.061194029850746,SARDEGNA,1.0,2,2,0,0,complete,False,False
Sassari,2016,Soft wheat,6.0,9.3,1.55,SARDEGNA,1.0,2,2,0,0,complete,False,False
Sassari,2017,Durum wheat,1655.0,3407.2,2.0587311178247734,SARDEGNA,1.0,2,2,0,0,complete,False,False
Sassari,2017,Grain maize,29.0,215.5,7.431034482758621,SARDEGNA,0.7459758723046711,1,2,1,0,missing_source_data,False,False
Sassari,2017,Soft wheat,5.0,7.8,1.56,SARDEGNA,1.0,2,2,0,0,complete,False,False
Sassari,2018,Durum wheat,1553.26,4335.26,2.7910716814956933,SARDEGNA,1.0,2,2,0,0,complete,False,False
Sassari,2018,Grain maize,35.0,350.0,10.0,SARDEGNA,0.7459758723046711,1,2,1,0,missing_source_data,False,False
Sassari,2018,Soft wheat,9.0,16.2,1.7999999999999998,SARDEGNA,0.4888070006847838,1,2,1,0,missing_source_data,False,False
Sassari,2019,Durum wheat,992.0,236.0,0.23790322580645162,SARDEGNA,0.7893541169779845,1,1,0,0,complete,False,False
Sassari,2019,Grain maize,75.0,730.0,9.733333333333333,SARDEGNA,0.7459758723046711,1,1,0,0,complete,False,False
Sassari,2019,Soft wheat,20.0,76.0,3.8,SARDEGNA,0.4888070006847838,1,1,0,0,complete,False,False
Sassari,2020,Durum wheat,973.0,2099.2,2.1574511819116133,SARDEGNA,0.7893541169779845,1,2,1,0,missing_source_data,False,False
Sassari,2020,Grain maize,35.0,350.0,10.0,SARDEGNA,0.7459758723046711,1,2,1,0,missing_source_data,False,False
Sassari,2020,Soft wheat,86.13,199.13,2.311970277487519,SARDEGNA,1.0,2,2,0,0,complete,False,False
Sassari,2021,Durum wheat,1652.0,2753.3,1.6666464891041164,SARDEGNA,0.7893541169779845,1,1,0,0,complete,False,False
Sassari,2021,Grain maize,85.0,780.0,9.176470588235293,SARDEGNA,0.7459758723046711,1,1,0,0,complete,False,False
Sassari,2021,Soft wheat,70.0,155.0,2.2142857142857144,SARDEGNA,0.4888070006847838,1,1,0,0,complete,False,False
Sassari,2022,Durum wheat,2844.0,5396.6,1.897538677918425,SARDEGNA,0.7893541169779845,1,1,0,0,complete,False,False
Sassari,2022,Grain maize,144.0,873.6,6.066666666666666,SARDEGNA,0.7459758723046711,1,1,0,0,complete,False,False
Sassari,2022,Soft wheat,55.0,110.0,2.0,SARDEGNA,0.4888070006847838,1,1,0,0,complete,False,False
Savona,1995,Grain maize,343.0,1778.4,5.184839650145773,Savona,1.0,1,1,0,0,complete,False,False
Savona,1995,Soft wheat,779.0,2334.4,2.9966623876765084,Savona,1.0,1,1,0,0,complete,False,False
Savona,1996,Grain maize,335.0,1675.0,5.0,Savona,1.0,1,1,0,0,complete,False,False
Savona,1996,Soft wheat,335.0,1675.0,5.0,Savona,1.0,1,1,0,0,complete,False,False
Savona,1997,Grain maize,289.0,1425.0,4.930795847750865,Savona,1.0,1,1,0,0,complete,True,False
Savona,1997,Soft wheat,785.0,1570.0,2.0,Savona,1.0,1,1,0,0,complete,False,False
Savona,1998,Grain maize,285.0,1242.0,4.3578947368421055,Savona,1.0,1,1,0,0,complete,True,False
Savona,1998,Soft wheat,785.0,2355.0,3.0,Savona,1.0,1,1,0,0,complete,False,False
Savona,1999,Grain maize,276.0,1242.0,4.5,Savona,1.0,1,1,0,0,complete,False,False
Savona,1999,Soft wheat,785.0,2512.0,3.2,Savona,1.0,1,1,0,0,complete,False,False
Savona,2000,Grain maize,265.0,1272.0,4.8,Savona,1.0,1,1,0,0,complete,False,False
Savona,2000,Soft wheat,785.0,2500.0,3.1847133757961785,Savona,1.0,1,1,0,0,complete,False,False
Savona,2001,Grain maize,240.0,1152.0,4.8,Savona,1.0,1,1,0,0,complete,False,False
Savona,2001,Soft wheat,720.0,2073.0,2.879166666666667,Savona,1.0,1,1,0,0,complete,False,False
Savona,2002,Grain maize,230.0,1104.0,4.8,Savona,1.0,1,1,0,0,complete,False,False
Savona,2002,Soft wheat,480.0,1536.0,3.2,Savona,1.0,1,1,0,0,complete,False,False
Savona,2003,Grain maize,224.0,313.6,1.4000000000000001,Savona,1.0,1,1,0,0,complete,False,False
Savona,2003,Soft wheat,468.0,1496.9,3.1985042735042737,Savona,1.0,1,1,0,0,complete,False,False
Savona,2004,Grain maize,224.0,1021.4,4.5598214285714285,Savona,1.0,1,1,0,0,complete,False,False
Savona,2004,Soft wheat,291.0,801.7,2.754982817869416,Savona,1.0,1,1,0,0,complete,False,False
Savona,2005,Grain maize,218.0,1015.0,4.655963302752293,Savona,1.0,1,1,0,0,complete,False,False
Savona,2005,Soft wheat,263.0,816.3,3.103802281368821,Savona,1.0,1,1,0,0,complete,False,False
Savona,2006,Grain maize,210.0,835.0,3.9761904761904763,Savona,1.0,1,1,0,0,complete,False,False
Savona,2006,Soft wheat,260.0,814.0,3.1307692307692307,Savona,1.0,1,1,0,0,complete,False,False
Savona,2007,Grain maize,195.0,682.5,3.5,Savona,1.0,1,1,0,0,complete,False,False
Savona,2007,Soft wheat,251.0,627.5,2.5,Savona,1.0,1,1,0,0,complete,False,False
Savona,2008,Grain maize,195.0,624.0,3.2,Savona,1.0,1,1,0,0,complete,False,False
Savona,2008,Soft wheat,245.0,612.5,2.5,Savona,1.0,1,1,0,0,complete,False,False
Savona,2009,Grain maize,190.0,760.0,4.0,Savona,1.0,1,1,0,0,complete,False,False
Savona,2009,Soft wheat,195.0,487.5,2.5,Savona,1.0,1,1,0,0,complete,False,False
Savona,2010,Grain maize,180.0,720.0,4.0,Savona,1.0,1,1,0,0,complete,False,False
Savona,2010,Soft wheat,235.0,587.5,2.5,Savona,1.0,1,1,0,0,complete,False,False
Savona,2011,Grain maize,175.0,668.0,3.817142857142857,Savona,1.0,1,1,0,0,complete,False,False
Savona,2011,Soft wheat,144.0,360.0,2.5,Savona,1.0,1,1,0,0,complete,False,False
Savona,2012,Grain maize,120.0,456.0,3.8,Savona,1.0,1,1,0,0,complete,False,False
Savona,2012,Soft wheat,144.0,331.2,2.3,Savona,1.0,1,1,0,0,complete,False,False
Savona,2013,Grain maize,118.0,472.0,4.0,Savona,1.0,1,1,0,0,complete,False,False
Savona,2013,Soft wheat,140.0,350.0,2.5,Savona,1.0,1,1,0,0,complete,False,False
Savona,2014,Grain maize,110.0,440.0,4.0,Savona,1.0,1,1,0,0,complete,False,False
Savona,2014,Soft wheat,139.0,347.5,2.5,Savona,1.0,1,1,0,0,complete,False,False
Savona,2015,Grain maize,110.0,495.0,4.5,Savona,1.0,1,1,0,0,complete,False,False
Savona,2015,Soft wheat,138.0,345.0,2.5,Savona,1.0,1,1,0,0,complete,False,False
Savona,2016,Grain maize,110.0,495.0,4.5,Savona,1.0,1,1,0,0,complete,False,False
Savona,2016,Soft wheat,131.0,366.8,2.8000000000000003,Savona,1.0,1,1,0,0,complete,False,False
Savona,2017,Grain maize,105.0,325.5,3.1,Savona,1.0,1,1,0,0,complete,False,False
Savona,2017,Soft wheat,129.0,361.2,2.8,Savona,1.0,1,1,0,0,complete,False,False
Savona,2018,Grain maize,100.0,450.0,4.5,Savona,1.0,1,1,0,0,complete,False,False
Savona,2018,Soft wheat,130.0,390.0,3.0,Savona,1.0,1,1,0,0,complete,False,False
Savona,2019,Grain maize,100.0,450.0,4.5,Savona,1.0,1,1,0,0,complete,False,False
Savona,2019,Soft wheat,133.0,399.0,3.0,Savona,1.0,1,1,0,0,complete,False,False
Savona,2020,Grain maize,95.0,427.5,4.5,Savona,1.0,1,1,0,0,complete,False,False
Savona,2020,Soft wheat,130.0,390.0,3.0,Savona,1.0,1,1,0,0,complete,False,False
Savona,2021,Grain maize,100.0,450.0,4.5,Savona,1.0,1,1,0,0,complete,False,False
Savona,2021,Soft wheat,130.0,390.0,3.0,Savona,1.0,1,1,0,0,complete,False,False
Savona,2022,Grain maize,90.0,360.0,4.0,Savona,1.0,1,1,0,0,complete,False,False
Savona,2022,Soft wheat,125.0,312.5,2.5,Savona,1.0,1,1,0,0,complete,False,False
Siena,1995,Durum wheat,22690.0,69658.3,3.0700000000000003,Siena,1.0,1,1,0,0,complete,False,False
Siena,1995,Grain maize,4500.0,41500.0,9.222222222222221,Siena,1.0,1,1,0,0,complete,False,False
Siena,1995,Soft wheat,16380.0,70434.0,4.3,Siena,1.0,1,1,0,0,complete,False,False
Siena,1996,Durum wheat,29000.0,99470.0,3.43,Siena,1.0,1,1,0,0,complete,False,False
Siena,1996,Grain maize,2500.0,24937.5,9.975,Siena,1.0,1,1,0,0,complete,False,False
Siena,1996,Soft wheat,19657.0,75679.5,3.8500025436231367,Siena,1.0,1,1,0,0,complete,False,False
Siena,1997,Durum wheat,50000.0,150000.0,3.0,Siena,1.0,1,1,0,0,complete,False,False
Siena,1997,Grain maize,3000.0,24925.0,8.308333333333334,Siena,1.0,1,1,0,0,complete,True,False
Siena,1997,Soft wheat,15000.0,45000.0,3.0,Siena,1.0,1,1,0,0,complete,False,False
Siena,1998,Durum wheat,40000.0,137200.0,3.43,Siena,1.0,1,1,0,0,complete,False,False
Siena,1998,Grain maize,2500.0,14560.0,5.824,Siena,1.0,1,1,0,0,complete,True,False
Siena,1998,Soft wheat,9500.0,33725.0,3.55,Siena,1.0,1,1,0,0,complete,False,False
Siena,1999,Durum wheat,44583.0,138207.3,3.0999999999999996,Siena,1.0,1,1,0,0,complete,False,False
Siena,1999,Grain maize,2600.0,14560.0,5.6,Siena,1.0,1,1,0,0,complete,False,False
Siena,1999,Soft wheat,10000.0,37000.0,3.7,Siena,1.0,1,1,0,0,complete,False,False
Siena,2000,Durum wheat,40000.0,128000.0,3.2,Siena,1.0,1,1,0,0,complete,False,False
Siena,2000,Grain maize,3500.0,19600.0,5.6,Siena,1.0,1,1,0,0,complete,False,False
Siena,2000,Soft wheat,10000.0,38000.0,3.8,Siena,1.0,1,1,0,0,complete,False,False
Siena,2001,Durum wheat,40000.0,132000.0,3.3,Siena,1.0,1,1,0,0,complete,False,False
Siena,2001,Grain maize,2700.0,19440.0,7.2,Siena,1.0,1,1,0,0,complete,False,False
Siena,2001,Soft wheat,11000.0,41800.0,3.8,Siena,1.0,1,1,0,0,complete,False,False
Siena,2002,Durum wheat,41000.0,128000.0,3.1219512195121952,Siena,1.0,1,1,0,0,complete,False,False
Siena,2002,Grain maize,2700.0,18900.0,7.0,Siena,1.0,1,1,0,0,complete,False,False
Siena,2002,Soft wheat,10000.0,38000.0,3.8,Siena,1.0,1,1,0,0,complete,False,False
Siena,2003,Durum wheat,41000.0,102500.0,2.5,Siena,1.0,1,1,0,0,complete,False,False
Siena,2003,Grain maize,4850.0,29100.0,6.0,Siena,1.0,1,1,0,0,complete,False,False
Siena,2003,Soft wheat,10200.0,30600.0,3.0,Siena,1.0,1,1,0,0,complete,False,False
Siena,2004,Durum wheat,49000.0,171500.0,3.5,Siena,1.0,1,1,0,0,complete,False,False
Siena,2004,Grain maize,3000.0,17820.0,5.94,Siena,1.0,1,1,0,0,complete,False,False
Siena,2004,Soft wheat,9800.0,44100.0,4.5,Siena,1.0,1,1,0,0,complete,False,False
Siena,2005,Durum wheat,33000.0,138600.0,4.2,Siena,1.0,1,1,0,0,complete,False,False
Siena,2005,Grain maize,1600.0,17120.0,10.7,Siena,1.0,1,1,0,0,complete,False,False
Siena,2005,Soft wheat,11600.0,38280.0,3.3,Siena,1.0,1,1,0,0,complete,False,False
Siena,2006,Durum wheat,33500.0,90450.0,2.7,Siena,1.0,1,1,0,0,complete,False,False
Siena,2006,Grain maize,2600.0,18720.0,7.2,Siena,1.0,1,1,0,0,complete,False,False
Siena,2006,Soft wheat,11500.0,33120.0,2.88,Siena,1.0,1,1,0,0,complete,False,False
Siena,2007,Durum wheat,32385.0,113347.0,3.4999845607534352,Siena,1.0,1,1,0,0,complete,False,False
Siena,2007,Grain maize,3279.0,22953.0,7.0,Siena,1.0,1,1,0,0,complete,False,False
Siena,2007,Soft wheat,4454.0,18706.8,4.2,Siena,1.0,1,1,0,0,complete,False,False
Siena,2008,Durum wheat,61680.0,203544.0,3.3,Siena,1.0,1,1,0,0,complete,False,False
Siena,2008,Grain maize,2826.0,19782.0,7.0,Siena,1.0,1,1,0,0,complete,False,False
Siena,2008,Soft wheat,6220.0,24880.0,4.0,Siena,1.0,1,1,0,0,complete,False,False
Siena,2009,Durum wheat,36122.0,119202.6,3.3000000000000003,Siena,1.0,1,1,0,0,complete,False,False
Siena,2009,Grain maize,2633.0,18591.7,7.061033042157235,Siena,1.0,1,1,0,0,complete,False,False
Siena,2009,Soft wheat,3908.0,13678.0,3.5,Siena,1.0,1,1,0,0,complete,False,False
Siena,2010,Durum wheat,31870.0,95610.0,3.0,Siena,1.0,1,1,0,0,complete,False,False
Siena,2010,Grain maize,3437.0,25360.0,7.378527785859761,Siena,1.0,1,1,0,0,complete,False,False
Siena,2010,Soft wheat,2230.0,7805.0,3.5,Siena,1.0,1,1,0,0,complete,False,False
Siena,2011,Durum wheat,22500.0,76500.0,3.4,Siena,1.0,1,1,0,0,complete,False,False
Siena,2011,Grain maize,2107.0,14800.0,7.024205030849549,Siena,1.0,1,1,0,0,complete,False,False
Siena,2011,Soft wheat,3900.0,14820.0,3.8,Siena,1.0,1,1,0,0,complete,False,False
Siena,2012,Durum wheat,29146.0,99096.4,3.4,Siena,1.0,1,1,0,0,complete,False,False
Siena,2012,Grain maize,1899.0,9923.0,5.22538177988415,Siena,1.0,1,1,0,0,complete,True,False
Siena,2012,Soft wheat,5481.0,22472.1,4.1,Siena,1.0,1,1,0,0,complete,False,False
Siena,2013,Durum wheat,18627.0,55881.0,3.0,Siena,1.0,1,1,0,0,complete,True,False
Siena,2013,Grain maize,2123.0,12738.0,6.0,Siena,1.0,1,1,0,0,complete,False,False
Siena,2013,Soft wheat,5065.0,20260.0,4.0,Siena,1.0,1,1,0,0,complete,True,False
Siena,2014,Durum wheat,23424.0,77159.1,3.294018954918033,Siena,1.0,1,1,0,0,complete,False,False
Siena,2014,Grain maize,2188.0,12000.0,5.484460694698354,Siena,1.0,1,1,0,0,complete,False,False
Siena,2014,Soft wheat,4815.0,19184.0,3.9842159916926274,Siena,1.0,1,1,0,0,complete,False,False
Siena,2015,Durum wheat,22452.0,70413.4,3.1361749510065917,Siena,1.0,1,1,0,0,complete,False,False
Siena,2015,Grain maize,2043.0,11000.0,5.384238864415076,Siena,1.0,1,1,0,0,complete,False,False
Siena,2015,Soft wheat,4000.0,18481.3,4.620325,Siena,1.0,1,1,0,0,complete,False,False
Siena,2016,Durum wheat,22500.0,79000.0,3.511111111111111,Siena,1.0,1,1,0,0,complete,False,False
Siena,2016,Grain maize,2043.0,12258.0,6.0,Siena,1.0,1,1,0,0,complete,False,False
Siena,2016,Soft wheat,4250.0,16025.0,3.7705882352941176,Siena,1.0,1,1,0,0,complete,False,False
Siena,2017,Durum wheat,19937.0,41000.0,2.056477905402016,Siena,1.0,1,1,0,0,complete,False,False
Siena,2017,Grain maize,1906.0,11000.0,5.77124868835257,Siena,1.0,1,1,0,0,complete,False,False
Siena,2017,Soft wheat,4357.0,10500.0,2.409915079182924,Siena,1.0,1,1,0,0,complete,False,False
Siena,2018,Durum wheat,18055.0,63192.5,3.5,Siena,1.0,1,1,0,0,complete,False,False
Siena,2018,Grain maize,1681.0,16474.0,9.800118976799524,Siena,1.0,1,1,0,0,complete,False,False
Siena,2018,Soft wheat,6717.0,25520.0,3.799315170463004,Siena,1.0,1,1,0,0,complete,False,False
Siena,2019,Durum wheat,12463.0,44900.0,3.6026638850998958,Siena,1.0,1,1,0,0,complete,False,False
Siena,2019,Grain maize,1786.0,16100.0,9.014557670772676,Siena,1.0,1,1,0,0,complete,False,False
Siena,2019,Soft wheat,7310.0,28000.0,3.830369357045144,Siena,1.0,1,1,0,0,complete,False,False
Siena,2020,Durum wheat,15203.0,57771.4,3.8000000000000003,Siena,1.0,1,1,0,0,complete,False,False
Siena,2020,Grain maize,1939.0,17455.0,9.002062919030427,Siena,1.0,1,1,0,0,complete,False,False
Siena,2020,Soft wheat,5429.0,21716.0,4.0,Siena,1.0,1,1,0,0,complete,False,False
Siena,2021,Durum wheat,15113.0,45339.0,3.0,Siena,1.0,1,1,0,0,complete,False,False
Siena,2021,Grain maize,1362.0,12258.0,9.0,Siena,1.0,1,1,0,0,complete,False,False
Siena,2021,Soft wheat,10435.0,36522.5,3.5,Siena,1.0,1,1,0,0,complete,False,False
Siena,2022,Durum wheat,15861.0,47583.0,3.0,Siena,1.0,1,1,0,0,complete,False,False
Siena,2022,Grain maize,1337.0,13370.0,10.0,Siena,1.0,1,1,0,0,complete,False,False
Siena,2022,Soft wheat,10912.0,38192.0,3.5,Siena,1.0,1,1,0,0,complete,False,False
Siracusa,1995,Durum wheat,14800.0,23532.0,1.59,Siracusa,1.0,1,1,0,0,complete,False,False
Siracusa,1995,Grain maize,80.0,640.0,8.0,Siracusa,1.0,1,1,0,0,complete,False,False
Siracusa,1996,Durum wheat,15000.0,43065.0,2.871,Siracusa,1.0,1,1,0,0,complete,False,False
Siracusa,1996,Grain maize,92.0,793.5,8.625,Siracusa,1.0,1,1,0,0,complete,False,False
Siracusa,1997,Durum wheat,16000.0,48000.0,3.0,Siracusa,1.0,1,1,0,0,complete,False,False
Siracusa,1997,Grain maize,100.0,2400.0,24.0,Siracusa,1.0,1,1,0,0,complete,True,False
Siracusa,1998,Durum wheat,14000.0,35000.0,2.5,Siracusa,1.0,1,1,0,0,complete,False,False
Siracusa,1998,Grain maize,400.0,1200.0,3.0,Siracusa,1.0,1,1,0,0,complete,True,False
Siracusa,1999,Durum wheat,15000.0,15000.0,1.0,Siracusa,1.0,1,1,0,0,complete,False,False
Siracusa,1999,Grain maize,150.0,1200.0,8.0,Siracusa,1.0,1,1,0,0,complete,False,False
Siracusa,2000,Durum wheat,16000.0,25920.0,1.62,Siracusa,1.0,1,1,0,0,complete,False,False
Siracusa,2000,Grain maize,110.0,935.0,8.5,Siracusa,1.0,1,1,0,0,complete,False,False
Siracusa,2001,Durum wheat,16000.0,13904.0,0.869,Siracusa,1.0,1,1,0,0,complete,False,False
Siracusa,2001,Grain maize,160.0,1334.0,8.3375,Siracusa,1.0,1,1,0,0,complete,False,False
Siracusa,2002,Durum wheat,15400.0,15693.6,1.019064935064935,Siracusa,1.0,1,1,0,0,complete,False,False
Siracusa,2002,Grain maize,56.0,489.4,8.739285714285714,Siracusa,1.0,1,1,0,0,complete,False,False
Siracusa,2003,Durum wheat,16150.0,36434.4,2.2560000000000002,Siracusa,1.0,1,1,0,0,complete,False,False
Siracusa,2003,Grain maize,310.0,2972.3,9.588064516129032,Siracusa,1.0,1,1,0,0,complete,False,False
Siracusa,2004,Durum wheat,15800.0,34128.0,2.16,Siracusa,1.0,1,1,0,0,complete,False,False
Siracusa,2004,Grain maize,300.0,3135.0,10.45,Siracusa,1.0,1,1,0,0,complete,False,False
Siracusa,2005,Durum wheat,15930.0,29950.0,1.8801004394224734,Siracusa,1.0,1,1,0,0,complete,False,False
Siracusa,2005,Grain maize,300.0,3192.0,10.64,Siracusa,1.0,1,1,0,0,complete,False,False
Siracusa,2006,Durum wheat,15860.0,32994.0,2.080327868852459,Siracusa,1.0,1,1,0,0,complete,False,False
Siracusa,2006,Grain maize,300.0,3000.0,10.0,Siracusa,1.0,1,1,0,0,complete,False,False
Siracusa,2007,Durum wheat,16200.0,34570.0,2.1339506172839506,Siracusa,1.0,1,1,0,0,complete,False,False
Siracusa,2007,Grain maize,280.0,2660.0,9.5,Siracusa,1.0,1,1,0,0,complete,False,False
Siracusa,2008,Durum wheat,16800.0,37900.0,2.255952380952381,Siracusa,1.0,1,1,0,0,complete,False,False
Siracusa,2008,Grain maize,260.0,2720.0,10.461538461538462,Siracusa,1.0,1,1,0,0,complete,False,False
Siracusa,2009,Durum wheat,11508.0,25014.0,2.173618352450469,Siracusa,1.0,1,1,0,0,complete,False,False
Siracusa,2009,Grain maize,265.0,2950.0,11.132075471698114,Siracusa,1.0,1,1,0,0,complete,False,False
Siracusa,2010,Durum wheat,16200.0,35400.0,2.185185185185185,Siracusa,1.0,1,1,0,0,complete,False,False
Siracusa,2010,Grain maize,340.0,4220.0,12.411764705882353,Siracusa,1.0,1,1,0,0,complete,False,False
Siracusa,2011,Durum wheat,14519.0,33222.9,2.2882361044149047,Siracusa,1.0,1,1,0,0,complete,False,False
Siracusa,2011,Grain maize,246.0,2606.0,10.59349593495935,Siracusa,1.0,1,1,0,0,complete,False,False
Siracusa,2012,Durum wheat,15000.0,40000.0,2.6666666666666665,Siracusa,1.0,1,1,0,0,complete,True,False
Siracusa,2012,Grain maize,259.0,2245.2,8.668725868725868,Siracusa,1.0,1,1,0,0,complete,True,False
Siracusa,2013,Durum wheat,13000.0,33500.0,2.576923076923077,Siracusa,1.0,1,1,0,0,complete,False,False
Siracusa,2013,Grain maize,250.0,2167.2,8.6688,Siracusa,1.0,1,1,0,0,complete,False,False
Siracusa,2014,Durum wheat,13000.0,33000.0,2.5384615384615383,Siracusa,1.0,1,1,0,0,complete,False,False
Siracusa,2015,Durum wheat,13000.0,33000.0,2.5384615384615383,Siracusa,1.0,1,1,0,0,complete,False,False
Siracusa,2015,Grain maize,70.0,590.0,8.428571428571429,Siracusa,1.0,1,1,0,0,complete,False,False
Siracusa,2016,Durum wheat,12850.0,33200.0,2.5836575875486383,Siracusa,1.0,1,1,0,0,complete,False,False
Siracusa,2017,Durum wheat,12800.0,35600.0,2.78125,Siracusa,1.0,1,1,0,0,complete,False,False
Siracusa,2018,Durum wheat,12900.0,34900.0,2.705426356589147,Siracusa,1.0,1,1,0,0,complete,False,False
Siracusa,2018,Grain maize,75.0,550.0,7.333333333333333,Siracusa,1.0,1,1,0,0,complete,False,False
Siracusa,2019,Durum wheat,12900.0,35400.0,2.744186046511628,Siracusa,1.0,1,1,0,0,complete,False,False
Siracusa,2020,Durum wheat,12900.0,35600.0,2.75968992248062,Siracusa,1.0,1,1,0,0,complete,False,False
Siracusa,2021,Durum wheat,12900.0,35600.0,2.75968992248062,Siracusa,1.0,1,1,0,0,complete,False,False
Siracusa,2022,Durum wheat,12900.0,33889.0,2.6270542635658916,Siracusa,1.0,1,1,0,0,complete,False,False
Sondrio,1995,Grain maize,180.0,1290.0,7.166666666666667,Sondrio,1.0,1,1,0,0,complete,False,False
Sondrio,1996,Grain maize,192.0,1333.0,6.942708333333333,Sondrio,1.0,1,1,0,0,complete,False,False
Sondrio,1997,Grain maize,215.0,1070.0,4.976744186046512,Sondrio,1.0,1,1,0,0,complete,True,False
Sondrio,1998,Grain maize,140.0,1550.0,11.071428571428571,Sondrio,1.0,1,1,0,0,complete,True,False
Sondrio,1999,Grain maize,230.0,1550.0,6.739130434782608,Sondrio,1.0,1,1,0,0,complete,False,False
Sondrio,2000,Grain maize,230.0,1685.0,7.326086956521739,Sondrio,1.0,1,1,0,0,complete,False,False
Sondrio,2001,Grain maize,230.0,1780.0,7.739130434782608,Sondrio,1.0,1,1,0,0,complete,False,False
Sondrio,2002,Grain maize,230.0,1780.0,7.739130434782608,Sondrio,1.0,1,1,0,0,complete,False,False
Sondrio,2003,Grain maize,225.0,1510.0,6.711111111111111,Sondrio,1.0,1,1,0,0,complete,False,False
Sondrio,2004,Grain maize,215.0,1660.0,7.72093023255814,Sondrio,1.0,1,1,0,0,complete,False,False
Sondrio,2005,Grain maize,220.0,1700.0,7.7272727272727275,Sondrio,1.0,1,1,0,0,complete,False,False
Sondrio,2006,Grain maize,220.0,1700.0,7.7272727272727275,Sondrio,1.0,1,1,0,0,complete,False,False
Sondrio,2007,Grain maize,117.0,912.0,7.794871794871795,Sondrio,1.0,1,1,0,0,complete,False,False
Sondrio,2008,Grain maize,125.0,778.3,6.2264,Sondrio,1.0,1,1,0,0,complete,False,False
Sondrio,2009,Grain maize,125.0,778.3,6.2264,Sondrio,1.0,1,1,0,0,complete,False,False
Sondrio,2010,Grain maize,125.0,778.3,6.2264,Sondrio,1.0,1,1,0,0,complete,False,False
Sondrio,2011,Grain maize,125.0,778.3,6.2264,Sondrio,1.0,1,1,0,0,complete,False,False
Sondrio,2012,Grain maize,121.0,706.0,5.8347107438016526,Sondrio,1.0,1,1,0,0,complete,False,False
Sondrio,2013,Grain maize,111.0,646.0,5.81981981981982,Sondrio,1.0,1,1,0,0,complete,False,False
Sondrio,2013,Soft wheat,1.0,4.0,4.0,Sondrio,1.0,1,1,0,0,complete,False,False
Sondrio,2014,Grain maize,111.0,646.0,5.81981981981982,Sondrio,1.0,1,1,0,0,complete,False,False
Sondrio,2014,Soft wheat,1.0,3.5,3.5,Sondrio,1.0,1,1,0,0,complete,False,False
Sondrio,2015,Durum wheat,1.0,3.5,3.5,Sondrio,1.0,1,1,0,0,complete,False,False
Sondrio,2015,Grain maize,112.0,588.5,5.254464285714286,Sondrio,1.0,1,1,0,0,complete,False,False
Sondrio,2015,Soft wheat,1.0,3.5,3.5,Sondrio,1.0,1,1,0,0,complete,False,False
Sondrio,2016,Durum wheat,4.0,14.8,3.7,Sondrio,1.0,1,1,0,0,complete,False,False
Sondrio,2016,Grain maize,100.0,545.5,5.455,Sondrio,1.0,1,1,0,0,complete,False,False
Sondrio,2016,Soft wheat,1.0,3.7,3.7,Sondrio,1.0,1,1,0,0,complete,False,False
Sondrio,2017,Durum wheat,4.0,14.8,3.7,Sondrio,1.0,1,1,0,0,complete,False,False
Sondrio,2017,Grain maize,105.0,530.2,5.0495238095238095,Sondrio,1.0,1,1,0,0,complete,False,False
Sondrio,2017,Soft wheat,2.0,7.4,3.7,Sondrio,1.0,1,1,0,0,complete,False,False
Sondrio,2018,Durum wheat,3.0,11.4,3.8000000000000003,Sondrio,1.0,1,1,0,0,complete,False,False
Sondrio,2018,Grain maize,110.0,631.5,5.740909090909091,Sondrio,1.0,1,1,0,0,complete,False,False
Sondrio,2018,Soft wheat,2.0,7.6,3.8,Sondrio,1.0,1,1,0,0,complete,False,False
Sondrio,2019,Durum wheat,3.0,11.7,3.9,Sondrio,1.0,1,1,0,0,complete,False,False
Sondrio,2019,Grain maize,125.0,705.3,5.642399999999999,Sondrio,1.0,1,1,0,0,complete,False,False
Sondrio,2019,Soft wheat,2.0,8.0,4.0,Sondrio,1.0,1,1,0,0,complete,False,False
Sondrio,2020,Durum wheat,4.0,16.0,4.0,Sondrio,1.0,1,1,0,0,complete,False,False
Sondrio,2020,Grain maize,115.0,675.1,5.870434782608696,Sondrio,1.0,1,1,0,0,complete,False,False
Sondrio,2020,Soft wheat,2.0,9.0,4.5,Sondrio,1.0,1,1,0,0,complete,False,False
Sondrio,2021,Durum wheat,3.0,13.5,4.5,Sondrio,1.0,1,1,0,0,complete,False,False
Sondrio,2021,Grain maize,115.0,675.1,5.870434782608696,Sondrio,1.0,1,1,0,0,complete,False,False
Sondrio,2021,Soft wheat,2.0,10.0,5.0,Sondrio,1.0,1,1,0,0,complete,False,False
Sondrio,2022,Durum wheat,3.0,12.0,4.0,Sondrio,1.0,1,1,0,0,complete,False,False
Sondrio,2022,Grain maize,115.0,542.5,4.717391304347826,Sondrio,1.0,1,1,0,0,complete,False,False
Sondrio,2022,Soft wheat,3.0,13.5,4.5,Sondrio,1.0,1,1,0,0,complete,False,False
Taranto,1995,Durum wheat,21505.0,68286.0,3.1753545687049525,Taranto,1.0,1,1,0,0,complete,False,False
Taranto,1995,Grain maize,125.0,1115.0,8.92,Taranto,1.0,1,1,0,0,complete,False,False
Taranto,1995,Soft wheat,675.0,2200.0,3.259259259259259,Taranto,1.0,1,1,0,0,complete,False,False
Taranto,1996,Durum wheat,22350.0,45854.9,2.0516733780760625,Taranto,1.0,1,1,0,0,complete,False,False
Taranto,1996,Grain maize,144.0,1440.0,10.0,Taranto,1.0,1,1,0,0,complete,False,False
Taranto,1996,Soft wheat,150.0,277.0,1.8466666666666667,Taranto,1.0,1,1,0,0,complete,False,False
Taranto,1997,Durum wheat,22529.0,37517.0,1.6652758666607483,Taranto,1.0,1,1,0,0,complete,False,False
Taranto,1997,Grain maize,166.0,1650.0,9.939759036144578,Taranto,1.0,1,1,0,0,complete,False,False
Taranto,1997,Soft wheat,175.0,267.0,1.5257142857142858,Taranto,1.0,1,1,0,0,complete,False,False
Taranto,1998,Durum wheat,21290.0,55625.0,2.6127289807421326,Taranto,1.0,1,1,0,0,complete,False,False
Taranto,1998,Grain maize,165.0,2130.0,12.909090909090908,Taranto,1.0,1,1,0,0,complete,True,False
Taranto,1998,Soft wheat,140.0,280.0,2.0,Taranto,1.0,1,1,0,0,complete,False,False
Taranto,1999,Durum wheat,21635.0,63525.0,2.936214467298359,Taranto,1.0,1,1,0,0,complete,False,False
Taranto,1999,Grain maize,180.0,2130.0,11.833333333333334,Taranto,1.0,1,1,0,0,complete,False,False
Taranto,1999,Soft wheat,130.0,325.0,2.5,Taranto,1.0,1,1,0,0,complete,False,False
Taranto,2000,Durum wheat,21490.0,57609.0,2.680735225686366,Taranto,1.0,1,1,0,0,complete,False,False
Taranto,2000,Grain maize,170.0,1822.0,10.717647058823529,Taranto,1.0,1,1,0,0,complete,False,False
Taranto,2000,Soft wheat,140.0,357.0,2.55,Taranto,1.0,1,1,0,0,complete,False,False
Taranto,2001,Durum wheat,21600.0,68210.0,3.1578703703703703,Taranto,1.0,1,1,0,0,complete,False,False
Taranto,2001,Grain maize,190.0,2034.0,10.705263157894738,Taranto,1.0,1,1,0,0,complete,False,False
Taranto,2001,Soft wheat,135.0,397.0,2.9407407407407407,Taranto,1.0,1,1,0,0,complete,False,False
Taranto,2002,Durum wheat,21440.0,47829.0,2.230830223880597,Taranto,1.0,1,1,0,0,complete,False,False
Taranto,2002,Grain maize,200.0,1901.0,9.505,Taranto,1.0,1,1,0,0,complete,False,False
Taranto,2002,Soft wheat,140.0,274.0,1.957142857142857,Taranto,1.0,1,1,0,0,complete,False,False
Taranto,2003,Durum wheat,21350.0,34280.0,1.6056206088992975,Taranto,1.0,1,1,0,0,complete,False,False
Taranto,2003,Grain maize,180.0,2153.0,11.96111111111111,Taranto,1.0,1,1,0,0,complete,False,False
Taranto,2003,Soft wheat,105.0,159.5,1.519047619047619,Taranto,1.0,1,1,0,0,complete,False,False
Taranto,2004,Durum wheat,26000.0,58750.0,2.2596153846153846,Taranto,1.0,1,1,0,0,complete,False,False
Taranto,2004,Grain maize,150.0,1615.0,10.766666666666667,Taranto,1.0,1,1,0,0,complete,False,False
Taranto,2004,Soft wheat,150.0,293.0,1.9533333333333334,Taranto,1.0,1,1,0,0,complete,False,False
Taranto,2005,Durum wheat,27000.0,64170.0,2.3766666666666665,Taranto,1.0,1,1,0,0,complete,False,False
Taranto,2005,Grain maize,130.0,1350.0,10.384615384615385,Taranto,1.0,1,1,0,0,complete,False,False
Taranto,2005,Soft wheat,90.0,157.0,1.7444444444444445,Taranto,1.0,1,1,0,0,complete,False,False
Taranto,2006,Durum wheat,26800.0,58800.0,2.1940298507462686,Taranto,1.0,1,1,0,0,complete,False,False
Taranto,2006,Grain maize,130.0,1350.0,10.384615384615385,Taranto,1.0,1,1,0,0,complete,False,False
Taranto,2006,Soft wheat,165.0,315.0,1.9090909090909092,Taranto,1.0,1,1,0,0,complete,False,False
Taranto,2007,Durum wheat,28900.0,57222.0,1.98,Taranto,1.0,1,1,0,0,complete,False,False
Taranto,2007,Grain maize,125.0,1237.5,9.9,Taranto,1.0,1,1,0,0,complete,False,False
Taranto,2007,Soft wheat,200.0,324.0,1.62,Taranto,1.0,1,1,0,0,complete,False,False
Taranto,2008,Durum wheat,30200.0,65111.0,2.1559933774834437,Taranto,1.0,1,1,0,0,complete,False,False
Taranto,2008,Grain maize,135.0,1410.7,10.44962962962963,Taranto,1.0,1,1,0,0,complete,False,False
Taranto,2008,Soft wheat,130.0,254.8,1.9600000000000002,Taranto,1.0,1,1,0,0,complete,False,False
Taranto,2009,Durum wheat,29610.0,23688.0,0.8,Taranto,1.0,1,1,0,0,complete,False,False
Taranto,2009,Grain maize,110.0,1000.0,9.090909090909092,Taranto,1.0,1,1,0,0,complete,False,False
Taranto,2009,Soft wheat,57.0,51.3,0.8999999999999999,Taranto,1.0,1,1,0,0,complete,False,False
Taranto,2010,Durum wheat,29570.0,62451.8,2.1119986472776464,Taranto,1.0,1,1,0,0,complete,False,False
Taranto,2010,Grain maize,123.0,1216.1,9.886991869918699,Taranto,1.0,1,1,0,0,complete,False,False
Taranto,2010,Soft wheat,129.0,309.6,2.4000000000000004,Taranto,1.0,1,1,0,0,complete,False,False
Taranto,2011,Durum wheat,23650.0,70960.0,3.0004228329809726,Taranto,1.0,1,1,0,0,complete,False,False
Taranto,2011,Grain maize,30.0,230.0,7.666666666666667,Taranto,1.0,1,1,0,0,complete,False,False
Taranto,2011,Soft wheat,200.0,700.0,3.5,Taranto,1.0,1,1,0,0,complete,False,False
Taranto,2012,Durum wheat,17300.0,36330.0,2.1,Taranto,1.0,1,1,0,0,complete,False,False
Taranto,2012,Soft wheat,1600.0,3520.0,2.2,Taranto,1.0,1,1,0,0,complete,False,False
Taranto,2013,Durum wheat,15000.0,37500.0,2.5,Taranto,1.0,1,1,0,0,complete,False,False
Taranto,2013,Soft wheat,1000.0,2600.0,2.6,Taranto,1.0,1,1,0,0,complete,True,False
Taranto,2014,Durum wheat,14000.0,30800.0,2.2,Taranto,1.0,1,1,0,0,complete,False,False
Taranto,2014,Soft wheat,1000.0,2500.0,2.5,Taranto,1.0,1,1,0,0,complete,False,False
Taranto,2015,Durum wheat,13000.0,32500.0,2.5,Taranto,1.0,1,1,0,0,complete,False,False
Taranto,2015,Soft wheat,1500.0,3750.0,2.5,Taranto,1.0,1,1,0,0,complete,False,False
Taranto,2016,Durum wheat,12200.0,42700.0,3.5,Taranto,1.0,1,1,0,0,complete,False,False
Taranto,2016,Soft wheat,2000.0,7000.0,3.5,Taranto,1.0,1,1,0,0,complete,False,False
Taranto,2017,Durum wheat,10000.0,24000.0,2.4,Taranto,1.0,1,1,0,0,complete,False,False
Taranto,2017,Soft wheat,2000.0,5000.0,2.5,Taranto,1.0,1,1,0,0,complete,False,False
Taranto,2018,Durum wheat,10000.0,25000.0,2.5,Taranto,1.0,1,1,0,0,complete,False,False
Taranto,2018,Soft wheat,2000.0,6000.0,3.0,Taranto,1.0,1,1,0,0,complete,False,False
Taranto,2019,Durum wheat,10000.0,30000.0,3.0,Taranto,1.0,1,1,0,0,complete,False,False
Taranto,2019,Soft wheat,2000.0,7000.0,3.5,Taranto,1.0,1,1,0,0,complete,False,False
Taranto,2020,Durum wheat,10000.0,30000.0,3.0,Taranto,1.0,1,1,0,0,complete,False,False
Taranto,2020,Soft wheat,2000.0,7000.0,3.5,Taranto,1.0,1,1,0,0,complete,False,False
Taranto,2021,Durum wheat,10000.0,30000.0,3.0,Taranto,1.0,1,1,0,0,complete,False,False
Taranto,2021,Soft wheat,2000.0,7000.0,3.5,Taranto,1.0,1,1,0,0,complete,False,False
Taranto,2022,Durum wheat,10000.0,30000.0,3.0,Taranto,1.0,1,1,0,0,complete,False,False
Taranto,2022,Soft wheat,2000.0,7000.0,3.5,Taranto,1.0,1,1,0,0,complete,False,False
Teramo,1995,Durum wheat,5500.0,22550.0,4.1,Teramo,1.0,1,1,0,0,complete,False,False
Teramo,1995,Grain maize,3600.0,22000.0,6.111111111111111,Teramo,1.0,1,1,0,0,complete,False,False
Teramo,1995,Soft wheat,17200.0,68800.0,4.0,Teramo,1.0,1,1,0,0,complete,False,False
Teramo,1996,Durum wheat,7480.0,22888.8,3.06,Teramo,1.0,1,1,0,0,complete,False,False
Teramo,1996,Grain maize,4600.0,29340.0,6.378260869565217,Teramo,1.0,1,1,0,0,complete,False,False
Teramo,1996,Soft wheat,14100.0,53255.0,3.7769503546099292,Teramo,1.0,1,1,0,0,complete,False,False
Teramo,1997,Durum wheat,8600.0,37710.0,4.384883720930232,Teramo,1.0,1,1,0,0,complete,False,False
Teramo,1997,Grain maize,5000.0,39075.0,7.815,Teramo,1.0,1,1,0,0,complete,True,False
Teramo,1997,Soft wheat,14500.0,65640.0,4.526896551724138,Teramo,1.0,1,1,0,0,complete,False,False
Teramo,1998,Durum wheat,8300.0,30494.0,3.673975903614458,Teramo,1.0,1,1,0,0,complete,False,False
Teramo,1998,Grain maize,4550.0,32320.0,7.103296703296703,Teramo,1.0,1,1,0,0,complete,True,False
Teramo,1998,Soft wheat,13350.0,50802.0,3.805393258426966,Teramo,1.0,1,1,0,0,complete,False,False
Teramo,1999,Durum wheat,8400.0,31720.0,3.776190476190476,Teramo,1.0,1,1,0,0,complete,False,False
Teramo,1999,Grain maize,3950.0,32320.0,8.182278481012657,Teramo,1.0,1,1,0,0,complete,False,False
Teramo,1999,Soft wheat,15500.0,60220.0,3.8851612903225807,Teramo,1.0,1,1,0,0,complete,False,False
Teramo,2000,Durum wheat,8850.0,37430.0,4.229378531073446,Teramo,1.0,1,1,0,0,complete,False,False
Teramo,2000,Grain maize,4100.0,33950.0,8.28048780487805,Teramo,1.0,1,1,0,0,complete,False,False
Teramo,2000,Soft wheat,15050.0,67440.0,4.481063122923588,Teramo,1.0,1,1,0,0,complete,False,False
Teramo,2001,Durum wheat,8900.0,39790.0,4.4707865168539325,Teramo,1.0,1,1,0,0,complete,False,False
Teramo,2001,Grain maize,4400.0,36880.0,8.381818181818181,Teramo,1.0,1,1,0,0,complete,False,False
Teramo,2001,Soft wheat,15000.0,69420.0,4.628,Teramo,1.0,1,1,0,0,complete,False,False
Teramo,2002,Durum wheat,9200.0,34267.6,3.7247391304347826,Teramo,1.0,1,1,0,0,complete,False,False
Teramo,2002,Grain maize,4500.0,39150.0,8.7,Teramo,1.0,1,1,0,0,complete,False,False
Teramo,2002,Soft wheat,14900.0,60173.5,4.038489932885906,Teramo,1.0,1,1,0,0,complete,False,False
Teramo,2003,Durum wheat,9100.0,39300.0,4.318681318681318,Teramo,1.0,1,1,0,0,complete,False,False
Teramo,2003,Grain maize,4450.0,38745.0,8.706741573033709,Teramo,1.0,1,1,0,0,complete,False,False
Teramo,2003,Soft wheat,14800.0,68700.0,4.641891891891892,Teramo,1.0,1,1,0,0,complete,False,False
Teramo,2004,Durum wheat,9200.0,43800.0,4.760869565217392,Teramo,1.0,1,1,0,0,complete,False,False
Teramo,2004,Grain maize,4720.0,43420.0,9.19915254237288,Teramo,1.0,1,1,0,0,complete,False,False
Teramo,2004,Soft wheat,14800.0,74080.0,5.005405405405406,Teramo,1.0,1,1,0,0,complete,False,False
Teramo,2005,Durum wheat,9200.0,39600.0,4.304347826086956,Teramo,1.0,1,1,0,0,complete,False,False
Teramo,2005,Grain maize,4700.0,43600.0,9.27659574468085,Teramo,1.0,1,1,0,0,complete,False,False
Teramo,2005,Soft wheat,15000.0,68430.0,4.562,Teramo,1.0,1,1,0,0,complete,False,False
Teramo,2006,Durum wheat,9200.0,41800.0,4.543478260869565,Teramo,1.0,1,1,0,0,complete,False,False
Teramo,2006,Grain maize,5200.0,47745.0,9.18173076923077,Teramo,1.0,1,1,0,0,complete,False,False
Teramo,2006,Soft wheat,15100.0,70960.0,4.699337748344371,Teramo,1.0,1,1,0,0,complete,False,False
Teramo,2007,Durum wheat,10000.0,32218.0,3.2218,Teramo,1.0,1,1,0,0,complete,False,False
Teramo,2007,Grain maize,5000.0,42082.5,8.4165,Teramo,1.0,1,1,0,0,complete,False,False
Teramo,2007,Soft wheat,17000.0,56810.0,3.341764705882353,Teramo,1.0,1,1,0,0,complete,False,False
Teramo,2008,Durum wheat,10100.0,45720.0,4.526732673267326,Teramo,1.0,1,1,0,0,complete,False,False
Teramo,2008,Grain maize,5200.0,46012.0,8.848461538461539,Teramo,1.0,1,1,0,0,complete,False,False
Teramo,2008,Soft wheat,17100.0,79540.0,4.651461988304094,Teramo,1.0,1,1,0,0,complete,False,False
Teramo,2009,Durum wheat,12603.0,52932.6,4.2,Teramo,1.0,1,1,0,0,complete,False,False
Teramo,2009,Grain maize,954.0,8700.5,9.120020964360586,Teramo,1.0,1,1,0,0,complete,False,False
Teramo,2009,Soft wheat,6205.0,25812.8,4.16,Teramo,1.0,1,1,0,0,complete,False,False
Teramo,2010,Durum wheat,10100.0,45097.5,4.46509900990099,Teramo,1.0,1,1,0,0,complete,False,False
Teramo,2010,Grain maize,5150.0,46825.0,9.092233009708737,Teramo,1.0,1,1,0,0,complete,False,False
Teramo,2010,Soft wheat,17100.0,78676.0,4.60093567251462,Teramo,1.0,1,1,0,0,complete,False,False
Teramo,2011,Durum wheat,10200.0,44544.0,4.367058823529412,Teramo,1.0,1,1,0,0,complete,False,False
Teramo,2011,Grain maize,5100.0,44175.0,8.661764705882353,Teramo,1.0,1,1,0,0,complete,False,False
Teramo,2011,Soft wheat,17000.0,74568.0,4.386352941176471,Teramo,1.0,1,1,0,0,complete,False,False
Teramo,2012,Durum wheat,10200.0,44328.0,4.345882352941176,Teramo,1.0,1,1,0,0,complete,True,False
Teramo,2012,Grain maize,5200.0,44970.0,8.648076923076923,Teramo,1.0,1,1,0,0,complete,True,False
Teramo,2012,Soft wheat,17050.0,74574.0,4.373841642228739,Teramo,1.0,1,1,0,0,complete,True,False
Teramo,2013,Durum wheat,10250.0,45011.6,4.391375609756097,Teramo,1.0,1,1,0,0,complete,True,False
Teramo,2013,Grain maize,2400.0,25080.0,10.45,Teramo,1.0,1,1,0,0,complete,True,False
Teramo,2013,Soft wheat,17060.0,75258.0,4.41137162954279,Teramo,1.0,1,1,0,0,complete,True,False
Teramo,2014,Durum wheat,10220.0,46168.0,4.5174168297455966,Teramo,1.0,1,1,0,0,complete,False,False
Teramo,2014,Grain maize,5280.0,45486.0,8.614772727272728,Teramo,1.0,1,1,0,0,complete,False,False
Teramo,2014,Soft wheat,17080.0,77730.0,4.5509367681498825,Teramo,1.0,1,1,0,0,complete,False,False
Teramo,2015,Durum wheat,10300.0,44030.0,4.274757281553398,Teramo,1.0,1,1,0,0,complete,False,False
Teramo,2015,Grain maize,5300.0,42797.5,8.075,Teramo,1.0,1,1,0,0,complete,False,False
Teramo,2015,Soft wheat,17100.0,74670.0,4.366666666666666,Teramo,1.0,1,1,0,0,complete,False,False
Teramo,2016,Durum wheat,10300.0,45320.0,4.4,Teramo,1.0,1,1,0,0,complete,False,False
Teramo,2016,Grain maize,5290.0,45229.5,8.55,Teramo,1.0,1,1,0,0,complete,False,False
Teramo,2016,Soft wheat,17100.0,76950.0,4.5,Teramo,1.0,1,1,0,0,complete,False,False
Teramo,2017,Durum wheat,10260.0,45144.0,4.4,Teramo,1.0,1,1,0,0,complete,False,False
Teramo,2017,Grain maize,5290.0,44224.0,8.35992438563327,Teramo,1.0,1,1,0,0,complete,False,False
Teramo,2017,Soft wheat,17090.0,76905.0,4.5,Teramo,1.0,1,1,0,0,complete,False,False
Teramo,2018,Durum wheat,10300.0,37320.0,3.623300970873786,Teramo,1.0,1,1,0,0,complete,False,False
Teramo,2018,Grain maize,5250.0,44890.0,8.550476190476191,Teramo,1.0,1,1,0,0,complete,False,False
Teramo,2018,Soft wheat,17100.0,65550.0,3.8333333333333335,Teramo,1.0,1,1,0,0,complete,False,False
Teramo,2019,Durum wheat,10300.0,41000.0,3.9805825242718447,Teramo,1.0,1,1,0,0,complete,False,False
Teramo,2019,Grain maize,5250.0,47000.0,8.952380952380953,Teramo,1.0,1,1,0,0,complete,False,False
Teramo,2019,Soft wheat,17100.0,71000.0,4.152046783625731,Teramo,1.0,1,1,0,0,complete,False,False
Teramo,2020,Durum wheat,10300.0,41000.0,3.9805825242718447,Teramo,1.0,1,1,0,0,complete,False,False
Teramo,2020,Grain maize,5250.0,47000.0,8.952380952380953,Teramo,1.0,1,1,0,0,complete,False,False
Teramo,2020,Soft wheat,17100.0,71000.0,4.152046783625731,Teramo,1.0,1,1,0,0,complete,False,False
Teramo,2021,Durum wheat,10300.0,41000.0,3.9805825242718447,Teramo,1.0,1,1,0,0,complete,False,False
Teramo,2021,Grain maize,5250.0,47000.0,8.952380952380953,Teramo,1.0,1,1,0,0,complete,False,False
Teramo,2021,Soft wheat,17100.0,71000.0,4.152046783625731,Teramo,1.0,1,1,0,0,complete,False,False
Teramo,2022,Durum wheat,10500.0,33000.0,3.142857142857143,Teramo,1.0,1,1,0,0,complete,False,False
Teramo,2022,Grain maize,5200.0,45000.0,8.653846153846153,Teramo,1.0,1,1,0,0,complete,False,False
Teramo,2022,Soft wheat,17000.0,56000.0,3.2941176470588234,Teramo,1.0,1,1,0,0,complete,False,False
Terni,1995,Durum wheat,5367.0,23024.4,4.289994410285075,Terni,1.0,1,1,0,0,complete,False,False
Terni,1995,Grain maize,1855.0,15783.0,8.508355795148248,Terni,1.0,1,1,0,0,complete,False,False
Terni,1995,Soft wheat,12705.0,56688.5,4.461904761904762,Terni,1.0,1,1,0,0,complete,False,False
Terni,1996,Durum wheat,3480.0,15132.5,4.348419540229885,Terni,1.0,1,1,0,0,complete,False,False
Terni,1996,Grain maize,1884.0,16805.4,8.920063694267517,Terni,1.0,1,1,0,0,complete,False,False
Terni,1996,Soft wheat,12690.0,57715.0,4.548069345941687,Terni,1.0,1,1,0,0,complete,False,False
Terni,1997,Durum wheat,2623.0,10019.0,3.819672131147541,Terni,1.0,1,1,0,0,complete,False,False
Terni,1997,Grain maize,2087.0,14164.5,6.787014853857212,Terni,1.0,1,1,0,0,complete,True,False
Terni,1997,Soft wheat,11070.0,47363.5,4.278545618789521,Terni,1.0,1,1,0,0,complete,False,False
Terni,1998,Durum wheat,2635.0,10790.5,4.095066413662239,Terni,1.0,1,1,0,0,complete,False,False
Terni,1998,Grain maize,1784.0,15609.0,8.749439461883409,Terni,1.0,1,1,0,0,complete,True,False
Terni,1998,Soft wheat,12430.0,54572.0,4.3903459372485925,Terni,1.0,1,1,0,0,complete,False,False
Terni,1999,Durum wheat,3523.0,14233.7,4.040221402214022,Terni,1.0,1,1,0,0,complete,False,False
Terni,1999,Grain maize,2004.0,15609.0,7.788922155688622,Terni,1.0,1,1,0,0,complete,False,False
Terni,1999,Soft wheat,12017.0,51932.8,4.321611051011068,Terni,1.0,1,1,0,0,complete,False,False
Terni,2000,Durum wheat,5588.0,20322.7,3.63684681460272,Terni,1.0,1,1,0,0,complete,False,False
Terni,2000,Grain maize,2397.0,18156.0,7.574468085106383,Terni,1.0,1,1,0,0,complete,False,False
Terni,2000,Soft wheat,10850.0,43132.0,3.975299539170507,Terni,1.0,1,1,0,0,complete,False,False
Terni,2001,Durum wheat,5980.0,19654.5,3.286705685618729,Terni,1.0,1,1,0,0,complete,False,False
Terni,2001,Grain maize,2867.0,19675.7,6.862818276944542,Terni,1.0,1,1,0,0,complete,False,False
Terni,2001,Soft wheat,10050.0,36830.0,3.664676616915423,Terni,1.0,1,1,0,0,complete,False,False
Terni,2002,Durum wheat,10025.0,40527.8,4.04267331670823,Terni,1.0,1,1,0,0,complete,False,False
Terni,2002,Grain maize,3080.0,23586.0,7.657792207792208,Terni,1.0,1,1,0,0,complete,False,False
Terni,2002,Soft wheat,7629.0,32999.2,4.325494822388255,Terni,1.0,1,1,0,0,complete,False,False
Terni,2003,Durum wheat,8811.0,25986.4,2.9493133583021227,Terni,1.0,1,1,0,0,complete,False,False
Terni,2003,Grain maize,3559.0,19822.5,5.569682495082889,Terni,1.0,1,1,0,0,complete,False,False
Terni,2003,Soft wheat,7714.0,24992.1,3.2398366606170597,Terni,1.0,1,1,0,0,complete,False,False
Terni,2004,Durum wheat,9039.0,34257.1,3.7899214514879964,Terni,1.0,1,1,0,0,complete,False,False
Terni,2004,Grain maize,3712.0,27674.5,7.455414870689655,Terni,1.0,1,1,0,0,complete,False,False
Terni,2004,Soft wheat,8595.0,35939.0,4.181384525887144,Terni,1.0,1,1,0,0,complete,False,False
Terni,2005,Durum wheat,7587.0,28580.3,3.7670093581125608,Terni,1.0,1,1,0,0,complete,False,False
Terni,2005,Grain maize,2657.0,18648.0,7.018441851712458,Terni,1.0,1,1,0,0,complete,False,False
Terni,2005,Soft wheat,7397.0,30370.6,4.105799648506151,Terni,1.0,1,1,0,0,complete,False,False
Terni,2006,Durum wheat,6315.0,23994.0,3.799524940617577,Terni,1.0,1,1,0,0,complete,False,False
Terni,2006,Grain maize,2715.0,17673.5,6.509576427255985,Terni,1.0,1,1,0,0,complete,False,False
Terni,2006,Soft wheat,5363.0,22102.5,4.121294051836658,Terni,1.0,1,1,0,0,complete,False,False
Terni,2007,Durum wheat,6699.0,25730.7,3.8409762651141963,Terni,1.0,1,1,0,0,complete,False,False
Terni,2007,Grain maize,2547.0,16150.8,6.341107184923439,Terni,1.0,1,1,0,0,complete,False,False
Terni,2007,Soft wheat,6069.0,26240.5,4.323694183555776,Terni,1.0,1,1,0,0,complete,False,False
Terni,2008,Durum wheat,7678.0,26982.9,3.5143136233394117,Terni,1.0,1,1,0,0,complete,False,False
Terni,2008,Grain maize,2488.0,15551.5,6.250602893890675,Terni,1.0,1,1,0,0,complete,False,False
Terni,2008,Soft wheat,6842.0,30009.1,4.386012861736334,Terni,1.0,1,1,0,0,complete,False,False
Terni,2009,Durum wheat,5672.0,20463.2,3.607757404795487,Terni,1.0,1,1,0,0,complete,False,False
Terni,2009,Grain maize,2751.0,17086.4,6.210977826245002,Terni,1.0,1,1,0,0,complete,False,False
Terni,2009,Soft wheat,5463.0,23248.9,4.2557019952407105,Terni,1.0,1,1,0,0,complete,False,False
Terni,2010,Durum wheat,5550.0,19058.5,3.433963963963964,Terni,1.0,1,1,0,0,complete,False,False
Terni,2010,Grain maize,2674.0,15619.1,5.8410994764397905,Terni,1.0,1,1,0,0,complete,False,False
Terni,2010,Soft wheat,5058.0,19639.9,3.8829379201265324,Terni,1.0,1,1,0,0,complete,False,False
Terni,2011,Durum wheat,5405.0,19678.5,3.640795559666975,Terni,1.0,1,1,0,0,complete,False,False
Terni,2011,Grain maize,2699.0,16137.9,5.97921452389774,Terni,1.0,1,1,0,0,complete,False,False
Terni,2011,Soft wheat,4935.0,20340.4,4.121661600810537,Terni,1.0,1,1,0,0,complete,False,False
Terni,2012,Durum wheat,5400.0,23587.2,4.368,Terni,1.0,1,1,0,0,complete,False,False
Terni,2012,Grain maize,2615.0,11403.7,4.360879541108987,Terni,1.0,1,1,0,0,complete,False,False
Terni,2012,Soft wheat,5400.0,26697.6,4.944,Terni,1.0,1,1,0,0,complete,False,False
Terni,2013,Durum wheat,4755.0,16619.7,3.495205047318612,Terni,1.0,1,1,0,0,complete,True,False
Terni,2013,Grain maize,1462.0,7581.0,5.185362517099863,Terni,1.0,1,1,0,0,complete,False,False
Terni,2013,Soft wheat,4675.0,16610.6,3.553069518716577,Terni,1.0,1,1,0,0,complete,True,False
Terni,2014,Durum wheat,5870.0,21736.7,3.703015332197615,Terni,1.0,1,1,0,0,complete,False,False
Terni,2014,Grain maize,1313.0,7779.2,5.924752475247525,Terni,1.0,1,1,0,0,complete,False,False
Terni,2014,Soft wheat,6302.0,24964.3,3.961329736591558,Terni,1.0,1,1,0,0,complete,False,False
Terni,2015,Durum wheat,5852.0,22410.0,3.82946001367054,Terni,1.0,1,1,0,0,complete,False,False
Terni,2015,Grain maize,1280.0,8153.6,6.37,Terni,1.0,1,1,0,0,complete,False,False
Terni,2015,Soft wheat,6250.0,28690.0,4.5904,Terni,1.0,1,1,0,0,complete,False,False
Terni,2016,Durum wheat,5800.0,21460.0,3.7,Terni,1.0,1,1,0,0,complete,False,False
Terni,2016,Grain maize,1208.0,8069.4,6.679966887417218,Terni,1.0,1,1,0,0,complete,False,False
Terni,2016,Soft wheat,6200.0,26660.0,4.3,Terni,1.0,1,1,0,0,complete,False,False
Terni,2017,Durum wheat,6200.0,17205.0,2.775,Terni,1.0,1,1,0,0,complete,False,False
Terni,2017,Grain maize,1094.0,5169.2,4.725045703839123,Terni,1.0,1,1,0,0,complete,False,False
Terni,2017,Soft wheat,5100.0,16447.5,3.225,Terni,1.0,1,1,0,0,complete,False,False
Terni,2018,Durum wheat,6200.0,18600.0,3.0,Terni,1.0,1,1,0,0,complete,False,False
Terni,2018,Grain maize,1000.0,7000.0,7.0,Terni,1.0,1,1,0,0,complete,False,False
Terni,2018,Soft wheat,5300.0,23320.0,4.4,Terni,1.0,1,1,0,0,complete,False,False
Terni,2019,Durum wheat,5800.0,23374.0,4.03,Terni,1.0,1,1,0,0,complete,False,False
Terni,2019,Grain maize,1040.0,6916.0,6.65,Terni,1.0,1,1,0,0,complete,False,False
Terni,2019,Soft wheat,4900.0,20825.0,4.25,Terni,1.0,1,1,0,0,complete,False,False
Terni,2020,Durum wheat,6200.0,26040.0,4.2,Terni,1.0,1,1,0,0,complete,False,False
Terni,2020,Grain maize,1000.0,7000.0,7.0,Terni,1.0,1,1,0,0,complete,False,False
Terni,2020,Soft wheat,4700.0,21620.0,4.6,Terni,1.0,1,1,0,0,complete,False,False
Terni,2021,Durum wheat,4100.0,16000.0,3.902439024390244,Terni,1.0,1,1,0,0,complete,False,False
Terni,2021,Grain maize,720.0,4900.0,6.805555555555555,Terni,1.0,1,1,0,0,complete,False,False
Terni,2021,Soft wheat,5050.0,20700.0,4.099009900990099,Terni,1.0,1,1,0,0,complete,False,False
Terni,2022,Durum wheat,4150.0,14000.0,3.3734939759036147,Terni,1.0,1,1,0,0,complete,False,False
Terni,2022,Grain maize,700.0,3500.0,5.0,Terni,1.0,1,1,0,0,complete,False,False
Terni,2022,Soft wheat,4980.0,17000.0,3.4136546184738954,Terni,1.0,1,1,0,0,complete,False,False
Torino,1995,Grain maize,55000.0,500176.0,9.094109090909091,Torino,1.0,1,1,0,0,complete,False,False
Torino,1995,Soft wheat,21000.0,94500.0,4.5,Torino,1.0,1,1,0,0,complete,False,False
Torino,1996,Grain maize,55639.0,500899.4,9.002667193874801,Torino,1.0,1,1,0,0,complete,False,False
Torino,1996,Soft wheat,22700.0,107536.0,4.73726872246696,Torino,1.0,1,1,0,0,complete,False,False
Torino,1997,Grain maize,58544.0,589087.0,10.062295025963378,Torino,1.0,1,1,0,0,complete,False,False
Torino,1997,Soft wheat,23610.0,105054.0,4.449555273189326,Torino,1.0,1,1,0,0,complete,False,False
Torino,1998,Grain maize,56865.0,582100.0,10.236525103314868,Torino,1.0,1,1,0,0,complete,True,False
Torino,1998,Soft wheat,23600.0,131237.0,5.560889830508475,Torino,1.0,1,1,0,0,complete,False,False
Torino,1999,Grain maize,53430.0,582100.0,10.894628485869362,Torino,1.0,1,1,0,0,complete,False,False
Torino,1999,Soft wheat,21440.0,125110.0,5.83535447761194,Torino,1.0,1,1,0,0,complete,False,False
Torino,2000,Grain maize,56800.0,545280.0,9.6,Torino,1.0,1,1,0,0,complete,False,False
Torino,2000,Soft wheat,21450.0,125110.0,5.832634032634033,Torino,1.0,1,1,0,0,complete,False,False
Torino,2001,Grain maize,56256.0,467153.9,8.304072454493744,Torino,1.0,1,1,0,0,complete,False,False
Torino,2001,Soft wheat,18500.0,99500.0,5.378378378378378,Torino,1.0,1,1,0,0,complete,False,False
Torino,2002,Grain maize,56256.0,420438.5,7.4736650312855515,Torino,1.0,1,1,0,0,complete,False,False
Torino,2002,Soft wheat,21793.0,104475.0,4.793970540999403,Torino,1.0,1,1,0,0,complete,False,False
Torino,2003,Grain maize,66000.0,567600.0,8.6,Torino,1.0,1,1,0,0,complete,False,False
Torino,2003,Soft wheat,13500.0,64800.0,4.8,Torino,1.0,1,1,0,0,complete,False,False
Torino,2004,Grain maize,66000.0,660070.0,10.001060606060607,Torino,1.0,1,1,0,0,complete,False,False
Torino,2004,Soft wheat,13500.0,74795.0,5.54037037037037,Torino,1.0,1,1,0,0,complete,False,False
Torino,2005,Grain maize,64000.0,620800.0,9.7,Torino,1.0,1,1,0,0,complete,False,False
Torino,2005,Soft wheat,15450.0,84975.0,5.5,Torino,1.0,1,1,0,0,complete,False,False
Torino,2006,Durum wheat,270.0,1755.0,6.5,Torino,1.0,1,1,0,0,complete,False,False
Torino,2006,Grain maize,65000.0,682500.0,10.5,Torino,1.0,1,1,0,0,complete,False,False
Torino,2006,Soft wheat,17100.0,119700.0,7.0,Torino,1.0,1,1,0,0,complete,False,False
Torino,2007,Durum wheat,372.0,2229.1,5.992204301075269,Torino,1.0,1,1,0,0,complete,False,False
Torino,2007,Grain maize,60500.0,695750.0,11.5,Torino,1.0,1,1,0,0,complete,False,False
Torino,2007,Soft wheat,21502.0,133310.0,6.199888382476049,Torino,1.0,1,1,0,0,complete,False,False
Torino,2008,Durum wheat,650.0,1885.0,2.9,Torino,1.0,1,1,0,0,complete,False,False
Torino,2008,Grain maize,67800.0,813600.0,12.0,Torino,1.0,1,1,0,0,complete,False,False
Torino,2008,Soft wheat,23400.0,121680.0,5.2,Torino,1.0,1,1,0,0,complete,False,False
Torino,2009,Durum wheat,699.0,3977.3,5.689985693848355,Torino,1.0,1,1,0,0,complete,False,False
Torino,2009,Grain maize,60817.0,526067.1,8.650000822138546,Torino,1.0,1,1,0,0,complete,False,False
Torino,2009,Soft wheat,23167.0,114908.3,4.959999136703069,Torino,1.0,1,1,0,0,complete,False,False
Torino,2010,Durum wheat,574.0,2697.1,4.698780487804878,Torino,1.0,1,1,0,0,complete,False,False
Torino,2010,Grain maize,65239.0,470472.4,7.211520716136054,Torino,1.0,1,1,0,0,complete,False,False
Torino,2010,Soft wheat,20904.0,109299.4,5.228635667814772,Torino,1.0,1,1,0,0,complete,False,False
Torino,2011,Durum wheat,650.0,3650.0,5.615384615384615,Torino,1.0,1,1,0,0,complete,False,False
Torino,2011,Grain maize,63871.0,637677.9,9.983840866747038,Torino,1.0,1,1,0,0,complete,False,False
Torino,2011,Soft wheat,21868.0,115838.0,5.297146515456375,Torino,1.0,1,1,0,0,complete,False,False
Torino,2012,Durum wheat,24.0,83.7,3.4875000000000003,Torino,1.0,1,1,0,0,complete,False,False
Torino,2012,Grain maize,65124.0,786685.7,12.07981235796327,Torino,1.0,1,1,0,0,complete,False,False
Torino,2012,Soft wheat,18605.0,135239.9,7.269008331093792,Torino,1.0,1,1,0,0,complete,False,False
Torino,2013,Durum wheat,10.0,48.5,4.85,Torino,1.0,1,1,0,0,complete,True,False
Torino,2013,Grain maize,59120.0,626672.0,10.6,Torino,1.0,1,1,0,0,complete,True,False
Torino,2013,Soft wheat,18377.0,104748.9,5.699999999999999,Torino,1.0,1,1,0,0,complete,True,False
Torino,2014,Durum wheat,5.0,18.5,3.7,Torino,1.0,1,1,0,0,complete,False,False
Torino,2014,Grain maize,62429.0,786605.4,12.6,Torino,1.0,1,1,0,0,complete,False,False
Torino,2014,Soft wheat,17589.0,103775.1,5.9,Torino,1.0,1,1,0,0,complete,False,False
Torino,2015,Durum wheat,61.0,225.0,3.6885245901639343,Torino,1.0,1,1,0,0,complete,False,False
Torino,2015,Grain maize,53948.0,571849.3,10.600009268184179,Torino,1.0,1,1,0,0,complete,False,False
Torino,2015,Soft wheat,17943.0,100500.0,5.60107005517472,Torino,1.0,1,1,0,0,complete,False,False
Torino,2016,Durum wheat,127.0,508.0,4.0,Torino,1.0,1,1,0,0,complete,False,False
Torino,2016,Grain maize,52500.0,540715.9,10.299350476190476,Torino,1.0,1,1,0,0,complete,False,False
Torino,2016,Soft wheat,19573.0,117438.0,6.0,Torino,1.0,1,1,0,0,complete,False,False
Torino,2017,Durum wheat,99.0,396.0,4.0,Torino,1.0,1,1,0,0,complete,False,False
Torino,2017,Grain maize,52664.0,521373.6,9.9,Torino,1.0,1,1,0,0,complete,False,False
Torino,2017,Soft wheat,18865.0,101871.0,5.4,Torino,1.0,1,1,0,0,complete,False,False
Torino,2018,Durum wheat,83.0,298.8,3.6,Torino,1.0,1,1,0,0,complete,False,False
Torino,2018,Grain maize,51404.0,508899.6,9.9,Torino,1.0,1,1,0,0,complete,False,False
Torino,2018,Soft wheat,17466.0,83836.8,4.8,Torino,1.0,1,1,0,0,complete,False,False
Torino,2019,Durum wheat,18.0,92.0,5.111111111111111,Torino,1.0,1,1,0,0,complete,False,False
Torino,2019,Grain maize,52716.0,630000.0,11.950830867288868,Torino,1.0,1,1,0,0,complete,False,False
Torino,2019,Soft wheat,14928.0,82105.4,5.500093783494105,Torino,1.0,1,1,0,0,complete,False,False
Torino,2020,Durum wheat,39.0,202.8,5.2,Torino,1.0,1,1,0,0,complete,False,False
Torino,2020,Grain maize,51703.0,661798.4,12.8,Torino,1.0,1,1,0,0,complete,False,False
Torino,2020,Soft wheat,15362.0,84491.0,5.5,Torino,1.0,1,1,0,0,complete,False,False
Torino,2021,Durum wheat,25.0,107.5,4.3,Torino,1.0,1,1,0,0,complete,False,False
Torino,2021,Grain maize,50868.0,610416.0,12.0,Torino,1.0,1,1,0,0,complete,False,False
Torino,2021,Soft wheat,16831.0,92570.5,5.5,Torino,1.0,1,1,0,0,complete,False,False
Torino,2022,Durum wheat,20.0,80.0,4.0,Torino,1.0,1,1,0,0,complete,False,False
Torino,2022,Grain maize,49900.0,499000.0,10.0,Torino,1.0,1,1,0,0,complete,False,False
Torino,2022,Soft wheat,16375.0,88696.0,5.4165496183206105,Torino,1.0,1,1,0,0,complete,False,False
Trapani,1995,Durum wheat,28200.0,67680.0,2.4,Trapani,1.0,1,1,0,0,complete,False,False
Trapani,1996,Durum wheat,28750.0,77625.0,2.7,Trapani,1.0,1,1,0,0,complete,False,False
Trapani,1997,Durum wheat,27000.0,81000.0,3.0,Trapani,1.0,1,1,0,0,complete,False,False
Trapani,1998,Durum wheat,16250.0,45500.0,2.8,Trapani,1.0,1,1,0,0,complete,False,False
Trapani,1999,Durum wheat,25000.0,70000.0,2.8,Trapani,1.0,1,1,0,0,complete,False,False
Trapani,2000,Durum wheat,25000.0,67500.0,2.7,Trapani,1.0,1,1,0,0,complete,False,False
Trapani,2001,Durum wheat,27000.0,81000.0,3.0,Trapani,1.0,1,1,0,0,complete,False,False
Trapani,2002,Durum wheat,27000.0,37800.0,1.4,Trapani,1.0,1,1,0,0,complete,False,False
Trapani,2003,Durum wheat,24000.0,69600.0,2.9,Trapani,1.0,1,1,0,0,complete,False,False
Trapani,2004,Durum wheat,28000.0,70000.0,2.5,Trapani,1.0,1,1,0,0,complete,False,False
Trapani,2005,Durum wheat,28000.0,70000.0,2.5,Trapani,1.0,1,1,0,0,complete,False,False
Trapani,2006,Durum wheat,28000.0,67200.0,2.4,Trapani,1.0,1,1,0,0,complete,False,False
Trapani,2007,Durum wheat,27000.0,59400.0,2.2,Trapani,1.0,1,1,0,0,complete,False,False
Trapani,2008,Durum wheat,30000.0,60000.0,2.0,Trapani,1.0,1,1,0,0,complete,False,False
Trapani,2009,Durum wheat,19063.0,41938.6,2.1999999999999997,Trapani,1.0,1,1,0,0,complete,False,False
Trapani,2010,Durum wheat,24000.0,48000.0,2.0,Trapani,1.0,1,1,0,0,complete,False,False
Trapani,2011,Durum wheat,22000.0,55000.0,2.5,Trapani,1.0,1,1,0,0,complete,False,False
Trapani,2012,Durum wheat,21000.0,67200.0,3.2,Trapani,1.0,1,1,0,0,complete,False,False
Trapani,2013,Durum wheat,22000.0,59400.0,2.7,Trapani,1.0,1,1,0,0,complete,True,False
Trapani,2014,Durum wheat,21000.0,46000.0,2.1904761904761907,Trapani,1.0,1,1,0,0,complete,False,False
Trapani,2015,Durum wheat,22000.0,44000.0,2.0,Trapani,1.0,1,1,0,0,complete,False,False
Trapani,2016,Durum wheat,21000.0,52500.0,2.5,Trapani,1.0,1,1,0,0,complete,False,False
Trapani,2017,Durum wheat,22000.0,55000.0,2.5,Trapani,1.0,1,1,0,0,complete,False,False
Trapani,2018,Durum wheat,22000.0,55000.0,2.5,Trapani,1.0,1,1,0,0,complete,False,False
Trapani,2019,Durum wheat,20000.0,40000.0,2.0,Trapani,1.0,1,1,0,0,complete,False,False
Trapani,2020,Durum wheat,21000.0,50000.0,2.380952380952381,Trapani,1.0,1,1,0,0,complete,False,False
Trapani,2021,Durum wheat,21000.0,50000.0,2.380952380952381,Trapani,1.0,1,1,0,0,complete,False,False
Trapani,2022,Durum wheat,19000.0,41800.0,2.2,Trapani,1.0,1,1,0,0,complete,False,False
Trento,1995,Grain maize,28.0,180.0,6.428571428571429,Trento,1.0,1,1,0,0,complete,False,False
Trento,1996,Grain maize,121.0,421.6,3.484297520661157,Trento,1.0,1,1,0,0,complete,False,False
Trento,1997,Grain maize,135.0,292.5,2.1666666666666665,Trento,1.0,1,1,0,0,complete,True,False
Trento,1998,Grain maize,179.0,481.6,2.6905027932960897,Trento,1.0,1,1,0,0,complete,True,False
Trento,1999,Grain maize,162.0,481.6,2.9728395061728397,Trento,1.0,1,1,0,0,complete,False,False
Trento,2000,Grain maize,191.0,574.5,3.007853403141361,Trento,1.0,1,1,0,0,complete,False,False
Trento,2001,Grain maize,205.0,610.0,2.975609756097561,Trento,1.0,1,1,0,0,complete,False,False
Trento,2002,Grain maize,240.0,787.5,3.28125,Trento,1.0,1,1,0,0,complete,False,False
Trento,2003,Grain maize,260.0,910.0,3.5,Trento,1.0,1,1,0,0,complete,False,False
Trento,2004,Grain maize,300.0,1050.0,3.5,Trento,1.0,1,1,0,0,complete,False,False
Trento,2005,Grain maize,280.0,896.0,3.2,Trento,1.0,1,1,0,0,complete,False,False
Trento,2006,Grain maize,320.0,1110.0,3.46875,Trento,1.0,1,1,0,0,complete,False,False
Trento,2007,Grain maize,337.0,1080.0,3.2047477744807122,Trento,1.0,1,1,0,0,complete,False,False
Trento,2008,Grain maize,337.0,1080.0,3.2047477744807122,Trento,1.0,1,1,0,0,complete,False,False
Trento,2009,Grain maize,337.0,1150.0,3.4124629080118694,Trento,1.0,1,1,0,0,complete,False,False
Trento,2010,Grain maize,1407.0,3740.1,2.6582089552238806,Trento,1.0,1,1,0,0,complete,False,False
Trento,2011,Grain maize,337.0,1170.0,3.4718100890207717,Trento,1.0,1,1,0,0,complete,False,False
Trento,2012,Grain maize,337.0,950.0,2.8189910979228485,Trento,1.0,1,1,0,0,complete,False,False
Trento,2013,Grain maize,337.0,950.0,2.8189910979228485,Trento,1.0,1,1,0,0,complete,False,False
Trento,2014,Grain maize,337.0,950.0,2.8189910979228485,Trento,1.0,1,1,0,0,complete,False,False
Trento,2015,Grain maize,290.0,950.0,3.2758620689655173,Trento,1.0,1,1,0,0,complete,False,False
Trento,2015,Soft wheat,23.0,50.5,2.1956521739130435,Trento,1.0,1,1,0,0,complete,False,False
Trento,2016,Grain maize,290.0,1350.0,4.655172413793103,Trento,1.0,1,1,0,0,complete,False,False
Trento,2016,Soft wheat,22.0,50.0,2.272727272727273,Trento,1.0,1,1,0,0,complete,False,False
Trento,2017,Grain maize,300.0,1500.0,5.0,Trento,1.0,1,1,0,0,complete,False,False
Trento,2017,Soft wheat,24.0,96.0,4.0,Trento,1.0,1,1,0,0,complete,False,False
Trento,2018,Grain maize,300.0,1000.0,3.3333333333333335,Trento,1.0,1,1,0,0,complete,False,False
Trento,2018,Soft wheat,27.0,108.0,4.0,Trento,1.0,1,1,0,0,complete,False,False
Trento,2019,Durum wheat,10.0,40.0,4.0,Trento,1.0,1,1,0,0,complete,False,False
Trento,2019,Grain maize,338.0,1520.0,4.497041420118343,Trento,1.0,1,1,0,0,complete,False,False
Trento,2019,Soft wheat,31.0,120.0,3.870967741935484,Trento,1.0,1,1,0,0,complete,False,False
Trento,2020,Durum wheat,8.0,32.0,4.0,Trento,1.0,1,1,0,0,complete,False,False
Trento,2020,Grain maize,316.0,1500.0,4.746835443037975,Trento,1.0,1,1,0,0,complete,False,False
Trento,2020,Soft wheat,63.0,250.0,3.9682539682539684,Trento,1.0,1,1,0,0,complete,False,False
Trento,2021,Durum wheat,8.0,30.0,3.75,Trento,1.0,1,1,0,0,complete,False,False
Trento,2021,Grain maize,343.0,1600.0,4.664723032069971,Trento,1.0,1,1,0,0,complete,False,False
Trento,2021,Soft wheat,62.0,250.0,4.032258064516129,Trento,1.0,1,1,0,0,complete,False,False
Trento,2022,Durum wheat,6.0,20.0,3.3333333333333335,Trento,1.0,1,1,0,0,complete,False,False
Trento,2022,Grain maize,346.0,1600.0,4.624277456647399,Trento,1.0,1,1,0,0,complete,False,False
Trento,2022,Soft wheat,59.0,240.0,4.067796610169491,Trento,1.0,1,1,0,0,complete,False,False
Treviso,1995,Durum wheat,485.0,2182.5,4.5,Treviso,1.0,1,1,0,0,complete,False,False
Treviso,1995,Grain maize,34390.0,378400.0,11.003198604245421,Treviso,1.0,1,1,0,0,complete,False,False
Treviso,1995,Soft wheat,7850.0,42792.5,5.451273885350319,Treviso,1.0,1,1,0,0,complete,False,False
Treviso,1996,Durum wheat,320.0,1120.0,3.5,Treviso,1.0,1,1,0,0,complete,False,False
Treviso,1996,Grain maize,40780.0,444060.0,10.889161353604708,Treviso,1.0,1,1,0,0,complete,False,False
Treviso,1996,Soft wheat,6820.0,37160.0,5.448680351906158,Treviso,1.0,1,1,0,0,complete,False,False
Treviso,1997,Durum wheat,180.0,810.0,4.5,Treviso,1.0,1,1,0,0,complete,False,False
Treviso,1997,Grain maize,51000.0,635275.0,12.456372549019608,Treviso,1.0,1,1,0,0,complete,True,False
Treviso,1997,Soft wheat,5940.0,41120.0,6.922558922558922,Treviso,1.0,1,1,0,0,complete,False,False
Treviso,1998,Durum wheat,150.0,750.0,5.0,Treviso,1.0,1,1,0,0,complete,False,False
Treviso,1998,Grain maize,49000.0,705200.0,14.391836734693877,Treviso,1.0,1,1,0,0,complete,True,False
Treviso,1998,Soft wheat,6200.0,36985.0,5.965322580645161,Treviso,1.0,1,1,0,0,complete,False,False
Treviso,1999,Durum wheat,100.0,490.0,4.9,Treviso,1.0,1,1,0,0,complete,False,False
Treviso,1999,Grain maize,52500.0,705200.0,13.432380952380953,Treviso,1.0,1,1,0,0,complete,False,False
Treviso,1999,Soft wheat,5060.0,27768.0,5.487747035573123,Treviso,1.0,1,1,0,0,complete,False,False
Treviso,2000,Durum wheat,230.0,1104.0,4.8,Treviso,1.0,1,1,0,0,complete,False,False
Treviso,2000,Grain maize,47000.0,561675.0,11.950531914893617,Treviso,1.0,1,1,0,0,complete,False,False
Treviso,2000,Soft wheat,4180.0,22339.5,5.344377990430622,Treviso,1.0,1,1,0,0,complete,False,False
Treviso,2001,Durum wheat,80.0,320.0,4.0,Treviso,1.0,1,1,0,0,complete,False,False
Treviso,2001,Grain maize,52000.0,590600.0,11.357692307692307,Treviso,1.0,1,1,0,0,complete,False,False
Treviso,2001,Soft wheat,3750.0,14962.5,3.99,Treviso,1.0,1,1,0,0,complete,False,False
Treviso,2002,Durum wheat,325.0,975.0,3.0,Treviso,1.0,1,1,0,0,complete,False,False
Treviso,2002,Grain maize,49500.0,540462.5,10.918434343434344,Treviso,1.0,1,1,0,0,complete,False,False
Treviso,2002,Soft wheat,6500.0,25915.0,3.986923076923077,Treviso,1.0,1,1,0,0,complete,False,False
Treviso,2003,Durum wheat,150.0,600.0,4.0,Treviso,1.0,1,1,0,0,complete,False,False
Treviso,2003,Grain maize,51500.0,424290.0,8.238640776699029,Treviso,1.0,1,1,0,0,complete,False,False
Treviso,2003,Soft wheat,4850.0,21434.0,4.419381443298969,Treviso,1.0,1,1,0,0,complete,False,False
Treviso,2004,Durum wheat,131.0,741.9,5.663358778625954,Treviso,1.0,1,1,0,0,complete,False,False
Treviso,2004,Grain maize,52271.0,563923.2,10.788452487995254,Treviso,1.0,1,1,0,0,complete,False,False
Treviso,2004,Soft wheat,5264.0,30909.7,5.87190349544073,Treviso,1.0,1,1,0,0,complete,False,False
Treviso,2005,Durum wheat,122.0,684.0,5.60655737704918,Treviso,1.0,1,1,0,0,complete,False,False
Treviso,2005,Grain maize,51721.0,560488.3,10.836764563716866,Treviso,1.0,1,1,0,0,complete,False,False
Treviso,2005,Soft wheat,5005.0,28935.4,5.781298701298701,Treviso,1.0,1,1,0,0,complete,False,False
Treviso,2006,Durum wheat,60.0,266.0,4.433333333333334,Treviso,1.0,1,1,0,0,complete,False,False
Treviso,2006,Grain maize,49874.0,284903.8,5.7124714279985565,Treviso,1.0,1,1,0,0,complete,False,False
Treviso,2006,Soft wheat,6334.0,36299.4,5.7308809598989585,Treviso,1.0,1,1,0,0,complete,False,False
Treviso,2007,Durum wheat,95.0,505.5,5.321052631578947,Treviso,1.0,1,1,0,0,complete,False,False
Treviso,2007,Grain maize,50000.0,444000.0,8.88,Treviso,1.0,1,1,0,0,complete,False,False
Treviso,2007,Soft wheat,6850.0,45000.0,6.569343065693431,Treviso,1.0,1,1,0,0,complete,False,False
Treviso,2008,Durum wheat,100.0,346.0,3.46,Treviso,1.0,1,1,0,0,complete,False,False
Treviso,2008,Grain maize,41500.0,390308.0,9.405012048192772,Treviso,1.0,1,1,0,0,complete,False,False
Treviso,2008,Soft wheat,10000.0,54450.0,5.445,Treviso,1.0,1,1,0,0,complete,False,False
Treviso,2009,Durum wheat,65.0,354.0,5.446153846153846,Treviso,1.0,1,1,0,0,complete,False,False
Treviso,2009,Grain maize,40900.0,425155.5,10.395,Treviso,1.0,1,1,0,0,complete,False,False
Treviso,2009,Soft wheat,9198.0,45530.1,4.95,Treviso,1.0,1,1,0,0,complete,False,False
Treviso,2010,Durum wheat,900.0,4455.0,4.95,Treviso,1.0,1,1,0,0,complete,False,False
Treviso,2010,Grain maize,42000.0,374200.0,8.90952380952381,Treviso,1.0,1,1,0,0,complete,False,False
Treviso,2010,Soft wheat,9100.0,49549.5,5.445,Treviso,1.0,1,1,0,0,complete,False,False
Treviso,2011,Durum wheat,500.0,1732.0,3.464,Treviso,1.0,1,1,0,0,complete,False,False
Treviso,2011,Grain maize,41000.0,426195.0,10.395,Treviso,1.0,1,1,0,0,complete,False,False
Treviso,2011,Soft wheat,8000.0,31680.0,3.96,Treviso,1.0,1,1,0,0,complete,False,False
Treviso,2012,Durum wheat,50.0,173.0,3.46,Treviso,1.0,1,1,0,0,complete,True,False
Treviso,2012,Grain maize,41000.0,304425.0,7.425,Treviso,1.0,1,1,0,0,complete,True,False
Treviso,2012,Soft wheat,7700.0,51836.0,6.731948051948052,Treviso,1.0,1,1,0,0,complete,True,False
Treviso,2013,Durum wheat,19.0,65.2,3.431578947368421,Treviso,1.0,1,1,0,0,complete,True,False
Treviso,2013,Grain maize,33629.0,309035.4,9.189550685420322,Treviso,1.0,1,1,0,0,complete,True,False
Treviso,2013,Soft wheat,10205.0,68006.1,6.663998040176384,Treviso,1.0,1,1,0,0,complete,True,False
Treviso,2014,Durum wheat,3.0,13.2,4.3999999999999995,Treviso,1.0,1,1,0,0,complete,False,False
Treviso,2014,Grain maize,32626.0,443061.1,13.58000061300803,Treviso,1.0,1,1,0,0,complete,False,False
Treviso,2014,Soft wheat,7547.0,44376.4,5.880005300119253,Treviso,1.0,1,1,0,0,complete,False,False
Treviso,2015,Durum wheat,86.0,498.0,5.790697674418604,Treviso,1.0,1,1,0,0,complete,False,False
Treviso,2015,Grain maize,25122.0,280235.9,11.15499960194252,Treviso,1.0,1,1,0,0,complete,False,False
Treviso,2015,Soft wheat,6550.0,42800.0,6.534351145038168,Treviso,1.0,1,1,0,0,complete,False,False
Treviso,2016,Durum wheat,80.0,433.0,5.4125,Treviso,1.0,1,1,0,0,complete,False,False
Treviso,2016,Grain maize,22130.0,230442.5,10.413126976954361,Treviso,1.0,1,1,0,0,complete,False,False
Treviso,2016,Soft wheat,8903.0,55072.8,6.1858699314837695,Treviso,1.0,1,1,0,0,complete,False,False
Treviso,2017,Durum wheat,75.0,487.0,6.493333333333333,Treviso,1.0,1,1,0,0,complete,False,False
Treviso,2017,Grain maize,21867.0,204930.0,9.37165591987927,Treviso,1.0,1,1,0,0,complete,False,False
Treviso,2017,Soft wheat,5949.0,42320.0,7.113800638762817,Treviso,1.0,1,1,0,0,complete,False,False
Treviso,2018,Durum wheat,23.0,140.0,6.086956521739131,Treviso,1.0,1,1,0,0,complete,False,False
Treviso,2018,Grain maize,18559.0,210689.0,11.352389676167897,Treviso,1.0,1,1,0,0,complete,False,False
Treviso,2018,Soft wheat,7839.0,50190.0,6.402602372751627,Treviso,1.0,1,1,0,0,complete,False,False
Treviso,2019,Durum wheat,51.0,211.0,4.137254901960785,Treviso,1.0,1,1,0,0,complete,False,False
Treviso,2019,Grain maize,21586.0,191840.0,8.887241730751413,Treviso,1.0,1,1,0,0,complete,False,False
Treviso,2019,Soft wheat,7782.0,42348.0,5.441788743253662,Treviso,1.0,1,1,0,0,complete,False,False
Treviso,2020,Durum wheat,15.0,78.5,5.233333333333333,Treviso,1.0,1,1,0,0,complete,False,False
Treviso,2020,Grain maize,20228.0,241700.0,11.94878386395096,Treviso,1.0,1,1,0,0,complete,False,False
Treviso,2020,Soft wheat,7241.0,45838.5,6.3304101643419415,Treviso,1.0,1,1,0,0,complete,False,False
Treviso,2021,Durum wheat,27.0,163.0,6.037037037037037,Treviso,1.0,1,1,0,0,complete,False,False
Treviso,2021,Grain maize,19630.0,205537.0,10.470555272542027,Treviso,1.0,1,1,0,0,complete,False,False
Treviso,2021,Soft wheat,8147.0,57339.5,7.038112188535657,Treviso,1.0,1,1,0,0,complete,False,False
Treviso,2022,Durum wheat,28.0,160.0,5.714285714285714,Treviso,1.0,1,1,0,0,complete,False,False
Treviso,2022,Grain maize,18421.0,142729.5,7.748194994842843,Treviso,1.0,1,1,0,0,complete,False,False
Treviso,2022,Soft wheat,8780.0,60557.0,6.897152619589977,Treviso,1.0,1,1,0,0,complete,False,False
Trieste,1995,Grain maize,8.0,48.0,6.0,Trieste,1.0,1,1,0,0,complete,False,False
Trieste,1996,Grain maize,8.0,48.0,6.0,Trieste,1.0,1,1,0,0,complete,False,False
Trieste,1997,Grain maize,8.0,40.0,5.0,Trieste,1.0,1,1,0,0,complete,True,False
Trieste,1998,Grain maize,8.0,35.0,4.375,Trieste,1.0,1,1,0,0,complete,True,False
Trieste,1999,Grain maize,8.0,35.0,4.375,Trieste,1.0,1,1,0,0,complete,False,False
Trieste,2000,Grain maize,8.0,35.0,4.375,Trieste,1.0,1,1,0,0,complete,False,False
Trieste,2001,Grain maize,8.0,35.0,4.375,Trieste,1.0,1,1,0,0,complete,False,False
Trieste,2002,Grain maize,8.0,35.0,4.375,Trieste,1.0,1,1,0,0,complete,False,False
Trieste,2003,Grain maize,8.0,35.0,4.375,Trieste,1.0,1,1,0,0,complete,False,False
Trieste,2004,Grain maize,8.0,56.0,7.0,Trieste,1.0,1,1,0,0,complete,False,False
Trieste,2005,Grain maize,4.0,28.0,7.0,Trieste,1.0,1,1,0,0,complete,False,False
Trieste,2006,Grain maize,6.0,48.0,8.0,Trieste,1.0,1,1,0,0,complete,False,False
Trieste,2007,Grain maize,10.0,80.0,8.0,Trieste,1.0,1,1,0,0,complete,False,False
Trieste,2007,Soft wheat,500.0,2250.0,4.5,Trieste,1.0,1,1,0,0,complete,False,False
Trieste,2008,Grain maize,60.0,560.0,9.333333333333334,Trieste,1.0,1,1,0,0,complete,False,False
Trieste,2008,Soft wheat,1.0,6.0,6.0,Trieste,1.0,1,1,0,0,complete,False,False
Trieste,2009,Grain maize,5.0,46.5,9.3,Trieste,1.0,1,1,0,0,complete,False,False
Trieste,2009,Soft wheat,1.0,6.0,6.0,Trieste,1.0,1,1,0,0,complete,False,False
Trieste,2010,Grain maize,25.0,228.8,9.152000000000001,Trieste,1.0,1,1,0,0,complete,False,False
Trieste,2010,Soft wheat,1.0,6.0,6.0,Trieste,1.0,1,1,0,0,complete,False,False
Trieste,2011,Grain maize,25.0,228.8,9.152000000000001,Trieste,1.0,1,1,0,0,complete,False,False
Trieste,2011,Soft wheat,1.0,6.0,6.0,Trieste,1.0,1,1,0,0,complete,False,False
Trieste,2012,Grain maize,25.0,233.9,9.356,Trieste,1.0,1,1,0,0,complete,False,False
Trieste,2012,Soft wheat,716.0,2222.2,3.103631284916201,Trieste,1.0,1,1,0,0,complete,False,False
Trieste,2013,Grain maize,25.0,230.5,9.22,Trieste,1.0,1,1,0,0,complete,False,False
Trieste,2013,Soft wheat,15.0,46.1,3.0733333333333333,Trieste,1.0,1,1,0,0,complete,True,False
Trieste,2014,Grain maize,20.0,241.0,12.05,Trieste,1.0,1,1,0,0,complete,False,False
Trieste,2014,Soft wheat,15.0,41.9,2.7933333333333334,Trieste,1.0,1,1,0,0,complete,False,False
Trieste,2015,Grain maize,16.0,155.4,9.7125,Trieste,1.0,1,1,0,0,complete,False,False
Trieste,2015,Soft wheat,15.0,39.0,2.6,Trieste,1.0,1,1,0,0,complete,False,False
Trieste,2016,Durum wheat,157.0,833.7,5.3101910828025485,Trieste,1.0,1,1,0,0,complete,False,False
Trieste,2016,Grain maize,16931.0,203174.4,12.000141751816194,Trieste,1.0,1,1,0,0,complete,False,False
Trieste,2016,Soft wheat,3278.0,16390.0,5.0,Trieste,1.0,1,1,0,0,complete,False,False
Trieste,2017,Grain maize,15.0,152.0,10.133333333333333,Trieste,1.0,1,1,0,0,complete,False,False
Trieste,2017,Soft wheat,15.0,73.7,4.913333333333333,Trieste,1.0,1,1,0,0,complete,False,False
Trieste,2018,Grain maize,14.0,149.9,10.707142857142857,Trieste,1.0,1,1,0,0,complete,False,False
Trieste,2018,Soft wheat,17.0,76.8,4.517647058823529,Trieste,1.0,1,1,0,0,complete,False,False
Trieste,2019,Grain maize,15.0,150.6,10.04,Trieste,1.0,1,1,0,0,complete,False,False
Trieste,2019,Soft wheat,17.0,72.0,4.235294117647059,Trieste,1.0,1,1,0,0,complete,False,False
Udine,1995,Durum wheat,1500.0,6354.0,4.236,Udine,1.0,1,1,0,0,complete,False,False
Udine,1995,Grain maize,60000.0,534850.0,8.914166666666667,Udine,1.0,1,1,0,0,complete,False,False
Udine,1995,Soft wheat,3000.0,13120.0,4.373333333333333,Udine,1.0,1,1,0,0,complete,False,False
Udine,1996,Durum wheat,1400.0,5796.0,4.14,Udine,1.0,1,1,0,0,complete,False,False
Udine,1996,Grain maize,68000.0,625600.0,9.2,Udine,1.0,1,1,0,0,complete,False,False
Udine,1996,Soft wheat,3100.0,13547.0,4.37,Udine,1.0,1,1,0,0,complete,False,False
Udine,1997,Durum wheat,100.0,400.0,4.0,Udine,1.0,1,1,0,0,complete,False,False
Udine,1997,Grain maize,65000.0,636500.0,9.792307692307693,Udine,1.0,1,1,0,0,complete,True,False
Udine,1997,Soft wheat,3000.0,13500.0,4.5,Udine,1.0,1,1,0,0,complete,False,False
Udine,1998,Durum wheat,100.0,400.0,4.0,Udine,1.0,1,1,0,0,complete,False,False
Udine,1998,Grain maize,67000.0,766500.0,11.440298507462687,Udine,1.0,1,1,0,0,complete,True,False
Udine,1998,Soft wheat,2800.0,12600.0,4.5,Udine,1.0,1,1,0,0,complete,False,False
Udine,1999,Durum wheat,100.0,400.0,4.0,Udine,1.0,1,1,0,0,complete,False,False
Udine,1999,Grain maize,73000.0,766500.0,10.5,Udine,1.0,1,1,0,0,complete,False,False
Udine,1999,Soft wheat,3000.0,15000.0,5.0,Udine,1.0,1,1,0,0,complete,False,False
Udine,2000,Durum wheat,100.0,400.0,4.0,Udine,1.0,1,1,0,0,complete,False,False
Udine,2000,Grain maize,73000.0,766500.0,10.5,Udine,1.0,1,1,0,0,complete,False,False
Udine,2000,Soft wheat,3000.0,15000.0,5.0,Udine,1.0,1,1,0,0,complete,False,False
Udine,2001,Durum wheat,100.0,400.0,4.0,Udine,1.0,1,1,0,0,complete,False,False
Udine,2001,Grain maize,90000.0,945000.0,10.5,Udine,1.0,1,1,0,0,complete,False,False
Udine,2001,Soft wheat,2000.0,10000.0,5.0,Udine,1.0,1,1,0,0,complete,False,False
Udine,2002,Durum wheat,100.0,450.0,4.5,Udine,1.0,1,1,0,0,complete,False,False
Udine,2002,Grain maize,92000.0,1012000.0,11.0,Udine,1.0,1,1,0,0,complete,False,False
Udine,2002,Soft wheat,4800.0,24000.0,5.0,Udine,1.0,1,1,0,0,complete,False,False
Udine,2003,Durum wheat,600.0,2280.0,3.8,Udine,1.0,1,1,0,0,complete,False,False
Udine,2003,Grain maize,74000.0,481000.0,6.5,Udine,1.0,1,1,0,0,complete,False,False
Udine,2003,Soft wheat,3300.0,14190.0,4.3,Udine,1.0,1,1,0,0,complete,False,False
Udine,2004,Durum wheat,500.0,2850.0,5.7,Udine,1.0,1,1,0,0,complete,False,False
Udine,2004,Grain maize,74000.0,481000.0,6.5,Udine,1.0,1,1,0,0,complete,False,False
Udine,2004,Soft wheat,3500.0,16200.0,4.628571428571429,Udine,1.0,1,1,0,0,complete,False,False
Udine,2005,Durum wheat,400.0,2280.0,5.7,Udine,1.0,1,1,0,0,complete,False,False
Udine,2005,Grain maize,74000.0,480000.0,6.486486486486487,Udine,1.0,1,1,0,0,complete,False,False
Udine,2005,Soft wheat,3784.0,17406.4,4.6000000000000005,Udine,1.0,1,1,0,0,complete,False,False
Udine,2006,Durum wheat,350.0,1400.0,4.0,Udine,1.0,1,1,0,0,complete,False,False
Udine,2006,Grain maize,74500.0,633250.0,8.5,Udine,1.0,1,1,0,0,complete,False,False
Udine,2006,Soft wheat,3450.0,14490.0,4.2,Udine,1.0,1,1,0,0,complete,False,False
Udine,2007,Durum wheat,300.0,1260.0,4.2,Udine,1.0,1,1,0,0,complete,False,False
Udine,2007,Grain maize,70000.0,700000.0,10.0,Udine,1.0,1,1,0,0,complete,False,False
Udine,2007,Soft wheat,5500.0,27500.0,5.0,Udine,1.0,1,1,0,0,complete,False,False
Udine,2008,Durum wheat,300.0,1260.0,4.2,Udine,1.0,1,1,0,0,complete,False,False
Udine,2008,Grain maize,54760.0,547600.0,10.0,Udine,1.0,1,1,0,0,complete,False,False
Udine,2008,Soft wheat,10685.0,53425.0,5.0,Udine,1.0,1,1,0,0,complete,False,False
Udine,2009,Grain maize,51826.0,366097.0,7.063964033496701,Udine,1.0,1,1,0,0,complete,False,False
Udine,2009,Soft wheat,9257.0,53690.6,5.8,Udine,1.0,1,1,0,0,complete,False,False
Udine,2010,Grain maize,56434.0,470521.6,8.337555374419676,Udine,1.0,1,1,0,0,complete,False,False
Udine,2010,Soft wheat,7117.0,9285.0,1.3046227342981593,Udine,1.0,1,1,0,0,complete,False,False
Udine,2011,Durum wheat,186.0,856.8,4.606451612903226,Udine,1.0,1,1,0,0,complete,False,False
Udine,2011,Grain maize,59711.0,504148.7,8.443146153974979,Udine,1.0,1,1,0,0,complete,False,False
Udine,2011,Soft wheat,7262.0,32777.8,4.513605067474526,Udine,1.0,1,1,0,0,complete,False,False
Udine,2012,Durum wheat,186.0,856.8,4.606451612903226,Udine,1.0,1,1,0,0,complete,False,False
Udine,2012,Grain maize,59864.0,517915.6,8.651536816784711,Udine,1.0,1,1,0,0,complete,False,False
Udine,2012,Soft wheat,8997.0,58850.1,6.54108036012004,Udine,1.0,1,1,0,0,complete,False,False
Udine,2013,Durum wheat,186.0,856.8,4.606451612903226,Udine,1.0,1,1,0,0,complete,False,False
Udine,2013,Grain maize,58670.0,480728.7,8.193773649224475,Udine,1.0,1,1,0,0,complete,False,False
Udine,2013,Soft wheat,7792.0,44865.8,5.757931211498974,Udine,1.0,1,1,0,0,complete,True,False
Udine,2014,Durum wheat,185.0,851.1,4.600540540540541,Udine,1.0,1,1,0,0,complete,False,False
Udine,2014,Grain maize,59316.0,332881.4,5.612000134870861,Udine,1.0,1,1,0,0,complete,False,False
Udine,2014,Soft wheat,8269.0,49737.9,6.014983673962995,Udine,1.0,1,1,0,0,complete,False,False
Udine,2015,Durum wheat,70.0,350.0,5.0,Udine,1.0,1,1,0,0,complete,False,False
Udine,2015,Grain maize,37125.0,408375.3,11.000008080808081,Udine,1.0,1,1,0,0,complete,False,False
Udine,2015,Soft wheat,6308.0,35958.2,5.7004121750158525,Udine,1.0,1,1,0,0,complete,False,False
Udine,2016,Durum wheat,35.0,173.3,4.951428571428572,Udine,1.0,1,1,0,0,complete,False,False
Udine,2016,Grain maize,2943.0,29432.0,10.00067957866123,Udine,1.0,1,1,0,0,complete,False,False
Udine,2016,Soft wheat,1603.0,7694.4,4.8,Udine,1.0,1,1,0,0,complete,False,False
Udine,2017,Durum wheat,208.0,1069.0,5.139423076923077,Udine,1.0,1,1,0,0,complete,False,False
Udine,2017,Grain maize,33774.0,371518.4,11.00013027772843,Udine,1.0,1,1,0,0,complete,False,False
Udine,2017,Soft wheat,7100.0,34435.0,4.85,Udine,1.0,1,1,0,0,complete,False,False
Udine,2018,Durum wheat,206.0,974.3,4.729611650485436,Udine,1.0,1,1,0,0,complete,False,False
Udine,2018,Grain maize,31346.0,344181.9,10.980089963631723,Udine,1.0,1,1,0,0,complete,False,False
Udine,2018,Soft wheat,7630.0,35399.0,4.639449541284404,Udine,1.0,1,1,0,0,complete,False,False
Udine,2019,Durum wheat,175.0,719.9,4.113714285714286,Udine,1.0,1,1,0,0,complete,False,False
Udine,2019,Grain maize,33247.0,343290.1,10.325445904893673,Udine,1.0,1,1,0,0,complete,False,False
Udine,2019,Soft wheat,7706.0,33190.3,4.307072411108228,Udine,1.0,1,1,0,0,complete,False,False
Udine,2020,Durum wheat,19.0,68.1,3.5842105263157893,Udine,1.0,1,1,0,0,complete,False,False
Udine,2020,Grain maize,27002.0,320783.8,11.88000148137175,Udine,1.0,1,1,0,0,complete,False,False
Udine,2020,Soft wheat,5883.0,24463.4,4.158320584735679,Udine,1.0,1,1,0,0,complete,False,False
Udine,2021,Durum wheat,19.0,75.2,3.9578947368421056,Udine,1.0,1,1,0,0,complete,False,False
Udine,2021,Grain maize,30282.0,299791.8,9.9,Udine,1.0,1,1,0,0,complete,False,False
Udine,2021,Soft wheat,276.0,683.1,2.475,Udine,1.0,1,1,0,0,complete,False,False
Udine,2022,Durum wheat,107.0,393.4,3.6766355140186913,Udine,1.0,1,1,0,0,complete,False,False
Udine,2022,Grain maize,27638.0,238044.5,8.612942325783342,Udine,1.0,1,1,0,0,complete,False,False
Udine,2022,Soft wheat,9614.0,47589.3,4.95,Udine,1.0,1,1,0,0,complete,False,False
Valle d'Aosta / Vallée d'Aoste,1995,Soft wheat,23.0,69.0,3.0,Valle d'Aosta / Vallée d'Aoste,1.0,1,1,0,0,complete,False,False
Valle d'Aosta / Vallée d'Aoste,1996,Grain maize,34.0,170.0,5.0,Valle d'Aosta / Vallée d'Aoste,1.0,1,1,0,0,complete,False,False
Valle d'Aosta / Vallée d'Aoste,1996,Soft wheat,20.0,60.0,3.0,Valle d'Aosta / Vallée d'Aoste,1.0,1,1,0,0,complete,False,False
Valle d'Aosta / Vallée d'Aoste,1997,Grain maize,28.0,140.0,5.0,Valle d'Aosta / Vallée d'Aoste,1.0,1,1,0,0,complete,False,False
Valle d'Aosta / Vallée d'Aoste,1997,Soft wheat,16.0,48.0,3.0,Valle d'Aosta / Vallée d'Aoste,1.0,1,1,0,0,complete,False,False
Valle d'Aosta / Vallée d'Aoste,1998,Grain maize,28.0,125.0,4.464285714285714,Valle d'Aosta / Vallée d'Aoste,1.0,1,1,0,0,complete,True,False
Valle d'Aosta / Vallée d'Aoste,1998,Soft wheat,12.0,36.0,3.0,Valle d'Aosta / Vallée d'Aoste,1.0,1,1,0,0,complete,False,False
Valle d'Aosta / Vallée d'Aoste,1999,Grain maize,25.0,125.0,5.0,Valle d'Aosta / Vallée d'Aoste,1.0,1,1,0,0,complete,False,False
Valle d'Aosta / Vallée d'Aoste,1999,Soft wheat,15.0,45.0,3.0,Valle d'Aosta / Vallée d'Aoste,1.0,1,1,0,0,complete,False,False
Valle d'Aosta / Vallée d'Aoste,2000,Grain maize,25.0,125.0,5.0,Valle d'Aosta / Vallée d'Aoste,1.0,1,1,0,0,complete,False,False
Valle d'Aosta / Vallée d'Aoste,2000,Soft wheat,15.0,50.0,3.3333333333333335,Valle d'Aosta / Vallée d'Aoste,1.0,1,1,0,0,complete,False,False
Valle d'Aosta / Vallée d'Aoste,2001,Grain maize,20.0,100.0,5.0,Valle d'Aosta / Vallée d'Aoste,1.0,1,1,0,0,complete,False,False
Valle d'Aosta / Vallée d'Aoste,2001,Soft wheat,15.0,40.0,2.6666666666666665,Valle d'Aosta / Vallée d'Aoste,1.0,1,1,0,0,complete,False,False
Valle d'Aosta / Vallée d'Aoste,2002,Grain maize,20.0,100.0,5.0,Valle d'Aosta / Vallée d'Aoste,1.0,1,1,0,0,complete,False,False
Valle d'Aosta / Vallée d'Aoste,2002,Soft wheat,15.0,45.0,3.0,Valle d'Aosta / Vallée d'Aoste,1.0,1,1,0,0,complete,False,False
Valle d'Aosta / Vallée d'Aoste,2003,Grain maize,30.0,180.0,6.0,Valle d'Aosta / Vallée d'Aoste,1.0,1,1,0,0,complete,False,False
Valle d'Aosta / Vallée d'Aoste,2003,Soft wheat,4.0,12.0,3.0,Valle d'Aosta / Vallée d'Aoste,1.0,1,1,0,0,complete,False,False
Valle d'Aosta / Vallée d'Aoste,2004,Grain maize,25.0,150.0,6.0,Valle d'Aosta / Vallée d'Aoste,1.0,1,1,0,0,complete,False,False
Valle d'Aosta / Vallée d'Aoste,2004,Soft wheat,5.0,15.0,3.0,Valle d'Aosta / Vallée d'Aoste,1.0,1,1,0,0,complete,False,False
Valle d'Aosta / Vallée d'Aoste,2005,Grain maize,22.0,132.0,6.0,Valle d'Aosta / Vallée d'Aoste,1.0,1,1,0,0,complete,False,False
Valle d'Aosta / Vallée d'Aoste,2005,Soft wheat,5.0,20.0,4.0,Valle d'Aosta / Vallée d'Aoste,1.0,1,1,0,0,complete,False,False
Valle d'Aosta / Vallée d'Aoste,2006,Grain maize,25.0,150.0,6.0,Valle d'Aosta / Vallée d'Aoste,1.0,1,1,0,0,complete,False,False
Valle d'Aosta / Vallée d'Aoste,2006,Soft wheat,5.0,15.0,3.0,Valle d'Aosta / Vallée d'Aoste,1.0,1,1,0,0,complete,False,False
Valle d'Aosta / Vallée d'Aoste,2007,Durum wheat,5.0,15.0,3.0,Valle d'Aosta / Vallée d'Aoste,1.0,1,1,0,0,complete,False,False
Valle d'Aosta / Vallée d'Aoste,2007,Grain maize,20.0,120.0,6.0,Valle d'Aosta / Vallée d'Aoste,1.0,1,1,0,0,complete,False,False
Valle d'Aosta / Vallée d'Aoste,2007,Soft wheat,5.0,15.0,3.0,Valle d'Aosta / Vallée d'Aoste,1.0,1,1,0,0,complete,False,False
Valle d'Aosta / Vallée d'Aoste,2008,Grain maize,20.0,120.0,6.0,Valle d'Aosta / Vallée d'Aoste,1.0,1,1,0,0,complete,False,False
Valle d'Aosta / Vallée d'Aoste,2008,Soft wheat,5.0,15.0,3.0,Valle d'Aosta / Vallée d'Aoste,1.0,1,1,0,0,complete,False,False
Valle d'Aosta / Vallée d'Aoste,2009,Grain maize,20.0,120.0,6.0,Valle d'Aosta / Vallée d'Aoste,1.0,1,1,0,0,complete,False,False
Valle d'Aosta / Vallée d'Aoste,2009,Soft wheat,5.0,15.0,3.0,Valle d'Aosta / Vallée d'Aoste,1.0,1,1,0,0,complete,False,False
Valle d'Aosta / Vallée d'Aoste,2010,Grain maize,20.0,90.0,4.5,Valle d'Aosta / Vallée d'Aoste,1.0,1,1,0,0,complete,False,False
Valle d'Aosta / Vallée d'Aoste,2010,Soft wheat,5.0,15.0,3.0,Valle d'Aosta / Vallée d'Aoste,1.0,1,1,0,0,complete,False,False
Valle d'Aosta / Vallée d'Aoste,2011,Durum wheat,3.0,7.5,2.5,Valle d'Aosta / Vallée d'Aoste,1.0,1,1,0,0,complete,False,False
Valle d'Aosta / Vallée d'Aoste,2011,Grain maize,19.0,120.0,6.315789473684211,Valle d'Aosta / Vallée d'Aoste,1.0,1,1,0,0,complete,False,False
Valle d'Aosta / Vallée d'Aoste,2011,Soft wheat,5.0,15.0,3.0,Valle d'Aosta / Vallée d'Aoste,1.0,1,1,0,0,complete,False,False
Valle d'Aosta / Vallée d'Aoste,2012,Durum wheat,2.0,5.5,2.75,Valle d'Aosta / Vallée d'Aoste,1.0,1,1,0,0,complete,False,False
Valle d'Aosta / Vallée d'Aoste,2012,Grain maize,20.0,110.0,5.5,Valle d'Aosta / Vallée d'Aoste,1.0,1,1,0,0,complete,True,False
Valle d'Aosta / Vallée d'Aoste,2012,Soft wheat,5.0,15.0,3.0,Valle d'Aosta / Vallée d'Aoste,1.0,1,1,0,0,complete,False,False
Valle d'Aosta / Vallée d'Aoste,2013,Grain maize,20.0,100.0,5.0,Valle d'Aosta / Vallée d'Aoste,1.0,1,1,0,0,complete,True,False
Valle d'Aosta / Vallée d'Aoste,2013,Soft wheat,5.0,15.0,3.0,Valle d'Aosta / Vallée d'Aoste,1.0,1,1,0,0,complete,True,False
Valle d'Aosta / Vallée d'Aoste,2014,Grain maize,20.0,145.0,7.25,Valle d'Aosta / Vallée d'Aoste,1.0,1,1,0,0,complete,False,False
Valle d'Aosta / Vallée d'Aoste,2014,Soft wheat,5.0,14.0,2.8,Valle d'Aosta / Vallée d'Aoste,1.0,1,1,0,0,complete,False,False
Valle d'Aosta / Vallée d'Aoste,2015,Grain maize,20.0,150.0,7.5,Valle d'Aosta / Vallée d'Aoste,1.0,1,1,0,0,complete,False,False
Valle d'Aosta / Vallée d'Aoste,2015,Soft wheat,5.0,14.0,2.8,Valle d'Aosta / Vallée d'Aoste,1.0,1,1,0,0,complete,False,False
Valle d'Aosta / Vallée d'Aoste,2016,Grain maize,20.0,130.0,6.5,Valle d'Aosta / Vallée d'Aoste,1.0,1,1,0,0,complete,False,False
Valle d'Aosta / Vallée d'Aoste,2016,Soft wheat,5.0,14.0,2.8,Valle d'Aosta / Vallée d'Aoste,1.0,1,1,0,0,complete,False,False
Valle d'Aosta / Vallée d'Aoste,2017,Grain maize,22.0,160.0,7.2727272727272725,Valle d'Aosta / Vallée d'Aoste,1.0,1,1,0,0,complete,False,False
Valle d'Aosta / Vallée d'Aoste,2017,Soft wheat,6.0,21.0,3.5,Valle d'Aosta / Vallée d'Aoste,1.0,1,1,0,0,complete,False,False
Valle d'Aosta / Vallée d'Aoste,2018,Grain maize,19.0,140.0,7.368421052631579,Valle d'Aosta / Vallée d'Aoste,1.0,1,1,0,0,complete,False,False
Valle d'Aosta / Vallée d'Aoste,2018,Soft wheat,6.0,22.0,3.6666666666666665,Valle d'Aosta / Vallée d'Aoste,1.0,1,1,0,0,complete,False,False
Valle d'Aosta / Vallée d'Aoste,2021,Grain maize,6.0,45.0,7.5,Valle d'Aosta / Vallée d'Aoste,1.0,1,1,0,0,complete,False,False
Valle d'Aosta / Vallée d'Aoste,2021,Soft wheat,8.0,30.0,3.75,Valle d'Aosta / Vallée d'Aoste,1.0,1,1,0,0,complete,False,False
Valle d'Aosta / Vallée d'Aoste,2022,Grain maize,6.0,45.0,7.5,Valle d'Aosta / Vallée d'Aoste,1.0,1,1,0,0,complete,False,False
Valle d'Aosta / Vallée d'Aoste,2022,Soft wheat,8.0,29.6,3.7,Valle d'Aosta / Vallée d'Aoste,1.0,1,1,0,0,complete,False,False
Varese,1995,Grain maize,3052.0,21734.4,7.121363040629096,Varese,1.0,1,1,0,0,complete,False,False
Varese,1995,Soft wheat,150.0,692.5,4.616666666666666,Varese,1.0,1,1,0,0,complete,False,False
Varese,1996,Grain maize,2555.0,20226.3,7.9163600782778865,Varese,1.0,1,1,0,0,complete,False,False
Varese,1996,Soft wheat,140.0,654.3,4.673571428571428,Varese,1.0,1,1,0,0,complete,False,False
Varese,1997,Grain maize,2543.0,20378.0,8.01337003539127,Varese,1.0,1,1,0,0,complete,True,False
Varese,1997,Soft wheat,105.0,237.0,2.257142857142857,Varese,1.0,1,1,0,0,complete,False,False
Varese,1998,Grain maize,2395.0,20428.5,8.529645093945721,Varese,1.0,1,1,0,0,complete,False,False
Varese,1998,Soft wheat,110.0,589.5,5.359090909090909,Varese,1.0,1,1,0,0,complete,False,False
Varese,1999,Grain maize,2481.0,20428.5,8.23397823458283,Varese,1.0,1,1,0,0,complete,False,False
Varese,1999,Soft wheat,110.0,503.0,4.572727272727272,Varese,1.0,1,1,0,0,complete,False,False
Varese,2000,Grain maize,2672.0,21996.3,8.232148203592814,Varese,1.0,1,1,0,0,complete,False,False
Varese,2000,Soft wheat,115.0,555.5,4.8304347826086955,Varese,1.0,1,1,0,0,complete,False,False
Varese,2001,Grain maize,2678.0,22398.9,8.364040328603435,Varese,1.0,1,1,0,0,complete,False,False
Varese,2001,Soft wheat,118.0,564.7,4.785593220338983,Varese,1.0,1,1,0,0,complete,False,False
Varese,2002,Grain maize,1464.0,12287.2,8.392896174863388,Varese,1.0,1,1,0,0,complete,False,False
Varese,2002,Soft wheat,161.0,801.9,4.980745341614907,Varese,1.0,1,1,0,0,complete,False,False
Varese,2003,Grain maize,2009.0,8097.8,4.030761572921851,Varese,1.0,1,1,0,0,complete,False,False
Varese,2003,Soft wheat,200.0,600.0,3.0,Varese,1.0,1,1,0,0,complete,False,False
Varese,2004,Grain maize,1999.0,18217.5,9.113306653326664,Varese,1.0,1,1,0,0,complete,False,False
Varese,2004,Soft wheat,330.0,1474.3,4.467575757575758,Varese,1.0,1,1,0,0,complete,False,False
Varese,2005,Grain maize,1818.0,15959.6,8.77865786578658,Varese,1.0,1,1,0,0,complete,False,False
Varese,2005,Soft wheat,399.0,1820.7,4.563157894736842,Varese,1.0,1,1,0,0,complete,False,False
Varese,2006,Grain maize,1507.0,5080.5,3.3712674187126743,Varese,1.0,1,1,0,0,complete,False,False
Varese,2006,Soft wheat,483.0,2071.0,4.287784679089027,Varese,1.0,1,1,0,0,complete,False,False
Varese,2007,Grain maize,1116.0,10808.1,9.68467741935484,Varese,1.0,1,1,0,0,complete,False,False
Varese,2007,Soft wheat,817.0,4557.9,5.5788249694002445,Varese,1.0,1,1,0,0,complete,False,False
Varese,2008,Grain maize,1281.0,12507.4,9.763778298204528,Varese,1.0,1,1,0,0,complete,False,False
Varese,2008,Soft wheat,936.0,4331.6,4.627777777777778,Varese,1.0,1,1,0,0,complete,False,False
Varese,2009,Grain maize,1324.0,12099.9,9.138897280966766,Varese,1.0,1,1,0,0,complete,False,False
Varese,2009,Soft wheat,531.0,2803.7,5.2800376647834275,Varese,1.0,1,1,0,0,complete,False,False
Varese,2010,Grain maize,1252.0,12184.0,9.731629392971247,Varese,1.0,1,1,0,0,complete,False,False
Varese,2010,Soft wheat,452.0,2429.0,5.373893805309734,Varese,1.0,1,1,0,0,complete,False,False
Varese,2011,Grain maize,1314.0,12772.5,9.720319634703197,Varese,1.0,1,1,0,0,complete,False,False
Varese,2011,Soft wheat,530.0,2646.0,4.992452830188679,Varese,1.0,1,1,0,0,complete,False,False
Varese,2012,Grain maize,1354.0,13225.0,9.767355982274742,Varese,1.0,1,1,0,0,complete,False,False
Varese,2012,Soft wheat,498.0,2535.8,5.091967871485944,Varese,1.0,1,1,0,0,complete,False,False
Varese,2013,Grain maize,1241.0,10298.7,8.298710717163578,Varese,1.0,1,1,0,0,complete,False,False
Varese,2013,Soft wheat,510.0,2332.2,4.572941176470588,Varese,1.0,1,1,0,0,complete,False,False
Varese,2014,Grain maize,1062.0,9760.6,9.190772128060264,Varese,1.0,1,1,0,0,complete,False,False
Varese,2014,Soft wheat,512.0,2743.0,5.357421875,Varese,1.0,1,1,0,0,complete,False,False
Varese,2015,Durum wheat,21.0,52.0,2.4761904761904763,Varese,1.0,1,1,0,0,complete,False,False
Varese,2015,Grain maize,914.0,8162.0,8.929978118161925,Varese,1.0,1,1,0,0,complete,False,False
Varese,2015,Soft wheat,390.0,1903.3,4.88025641025641,Varese,1.0,1,1,0,0,complete,False,False
Varese,2016,Grain maize,756.0,7234.9,9.569973544973545,Varese,1.0,1,1,0,0,complete,False,False
Varese,2016,Soft wheat,481.0,2703.5,5.620582120582121,Varese,1.0,1,1,0,0,complete,False,False
Varese,2017,Grain maize,812.0,7544.1,9.29076354679803,Varese,1.0,1,1,0,0,complete,False,False
Varese,2017,Soft wheat,497.0,2845.8,5.725955734406439,Varese,1.0,1,1,0,0,complete,False,False
Varese,2018,Grain maize,766.0,7111.1,9.283420365535248,Varese,1.0,1,1,0,0,complete,False,False
Varese,2018,Soft wheat,485.0,2672.2,5.509690721649484,Varese,1.0,1,1,0,0,complete,False,False
Varese,2019,Grain maize,810.0,7159.5,8.838888888888889,Varese,1.0,1,1,0,0,complete,False,False
Varese,2019,Soft wheat,440.0,2609.4,5.930454545454546,Varese,1.0,1,1,0,0,complete,False,False
Varese,2020,Grain maize,755.0,7329.5,9.70794701986755,Varese,1.0,1,1,0,0,complete,False,False
Varese,2020,Soft wheat,400.0,2065.6,5.164,Varese,1.0,1,1,0,0,complete,False,False
Varese,2021,Grain maize,759.0,7263.5,9.569828722002635,Varese,1.0,1,1,0,0,complete,False,False
Varese,2021,Soft wheat,396.0,2203.1,5.563383838383838,Varese,1.0,1,1,0,0,complete,False,False
Varese,2022,Grain maize,745.0,5167.0,6.935570469798658,Varese,1.0,1,1,0,0,complete,False,False
Varese,2022,Soft wheat,385.0,1925.0,5.0,Varese,1.0,1,1,0,0,complete,False,False
Venezia,1995,Durum wheat,185.0,1030.0,5.5675675675675675,Venezia,1.0,1,1,0,0,complete,False,False
Venezia,1995,Grain maize,48863.0,415035.5,8.493860385158504,Venezia,1.0,1,1,0,0,complete,False,False
Venezia,1995,Soft wheat,7630.0,38095.0,4.992791612057667,Venezia,1.0,1,1,0,0,complete,False,False
Venezia,1996,Durum wheat,150.0,750.0,5.0,Venezia,1.0,1,1,0,0,complete,False,False
Venezia,1996,Grain maize,50600.0,503080.0,9.942292490118577,Venezia,1.0,1,1,0,0,complete,False,False
Venezia,1996,Soft wheat,8100.0,47560.0,5.871604938271605,Venezia,1.0,1,1,0,0,complete,False,False
Venezia,1997,Durum wheat,150.0,780.0,5.2,Venezia,1.0,1,1,0,0,complete,False,False
Venezia,1997,Grain maize,44800.0,311204.0,6.946517857142857,Venezia,1.0,1,1,0,0,complete,True,False
Venezia,1997,Soft wheat,6070.0,38498.0,6.342339373970346,Venezia,1.0,1,1,0,0,complete,False,False
Venezia,1998,Durum wheat,150.0,750.0,5.0,Venezia,1.0,1,1,0,0,complete,False,False
Venezia,1998,Grain maize,34019.0,367072.8,10.790228989682236,Venezia,1.0,1,1,0,0,complete,True,False
Venezia,1998,Soft wheat,6787.0,45744.0,6.739944010608516,Venezia,1.0,1,1,0,0,complete,False,False
Venezia,1999,Grain maize,39121.0,367072.8,9.383011681705478,Venezia,1.0,1,1,0,0,complete,False,False
Venezia,1999,Soft wheat,5896.0,38476.2,6.525814111261872,Venezia,1.0,1,1,0,0,complete,False,False
Venezia,2000,Grain maize,39383.0,371238.3,9.426359088947008,Venezia,1.0,1,1,0,0,complete,False,False
Venezia,2000,Soft wheat,5540.0,36650.3,6.615577617328521,Venezia,1.0,1,1,0,0,complete,False,False
Venezia,2001,Durum wheat,11.0,38.5,3.5,Venezia,1.0,1,1,0,0,complete,False,False
Venezia,2001,Grain maize,42590.0,398858.0,9.36506222117868,Venezia,1.0,1,1,0,0,complete,False,False
Venezia,2001,Soft wheat,4990.0,22849.0,4.578957915831663,Venezia,1.0,1,1,0,0,complete,False,False
Venezia,2002,Durum wheat,50.0,257.2,5.144,Venezia,1.0,1,1,0,0,complete,False,False
Venezia,2002,Grain maize,49150.0,521500.0,10.610376398779247,Venezia,1.0,1,1,0,0,complete,False,False
Venezia,2002,Soft wheat,6800.0,32106.0,4.721470588235294,Venezia,1.0,1,1,0,0,complete,False,False
Venezia,2003,Durum wheat,46.0,225.4,4.9,Venezia,1.0,1,1,0,0,complete,False,False
Venezia,2003,Grain maize,52800.0,337360.0,6.38939393939394,Venezia,1.0,1,1,0,0,complete,False,False
Venezia,2003,Soft wheat,6201.0,29331.7,4.730156426382842,Venezia,1.0,1,1,0,0,complete,False,False
Venezia,2004,Durum wheat,199.0,1154.2,5.8,Venezia,1.0,1,1,0,0,complete,False,False
Venezia,2004,Grain maize,55136.0,642316.5,11.649675348229831,Venezia,1.0,1,1,0,0,complete,False,False
Venezia,2004,Soft wheat,8029.0,53984.1,6.723639307510275,Venezia,1.0,1,1,0,0,complete,False,False
Venezia,2005,Durum wheat,120.0,800.0,6.666666666666667,Venezia,1.0,1,1,0,0,complete,False,False
Venezia,2005,Grain maize,53602.0,569091.0,10.616973247266893,Venezia,1.0,1,1,0,0,complete,False,False
Venezia,2005,Soft wheat,6840.0,46860.0,6.850877192982456,Venezia,1.0,1,1,0,0,complete,False,False
Venezia,2006,Durum wheat,107.0,716.5,6.696261682242991,Venezia,1.0,1,1,0,0,complete,False,False
Venezia,2006,Grain maize,57887.0,471642.8,8.147646276366023,Venezia,1.0,1,1,0,0,complete,False,False
Venezia,2006,Soft wheat,6901.0,50550.0,7.325025358643675,Venezia,1.0,1,1,0,0,complete,False,False
Venezia,2007,Durum wheat,138.0,690.0,5.0,Venezia,1.0,1,1,0,0,complete,False,False
Venezia,2007,Grain maize,56156.0,551262.6,9.816628677256215,Venezia,1.0,1,1,0,0,complete,False,False
Venezia,2007,Soft wheat,12250.0,72000.0,5.877551020408164,Venezia,1.0,1,1,0,0,complete,False,False
Venezia,2008,Durum wheat,660.0,3300.0,5.0,Venezia,1.0,1,1,0,0,complete,False,False
Venezia,2008,Grain maize,48000.0,446312.0,9.298166666666667,Venezia,1.0,1,1,0,0,complete,False,False
Venezia,2008,Soft wheat,20180.0,123098.0,6.1,Venezia,1.0,1,1,0,0,complete,False,False
Venezia,2009,Durum wheat,599.0,3114.8,5.2,Venezia,1.0,1,1,0,0,complete,False,False
Venezia,2009,Grain maize,43540.0,412600.0,9.47634359209922,Venezia,1.0,1,1,0,0,complete,False,False
Venezia,2009,Soft wheat,17375.0,107725.0,6.2,Venezia,1.0,1,1,0,0,complete,False,False
Venezia,2010,Durum wheat,1040.0,4992.0,4.8,Venezia,1.0,1,1,0,0,complete,False,False
Venezia,2010,Grain maize,42000.0,445200.0,10.6,Venezia,1.0,1,1,0,0,complete,False,False
Venezia,2010,Soft wheat,16000.0,92800.0,5.8,Venezia,1.0,1,1,0,0,complete,False,False
Venezia,2011,Durum wheat,700.0,3100.0,4.428571428571429,Venezia,1.0,1,1,0,0,complete,False,False
Venezia,2011,Grain maize,46000.0,450000.0,9.782608695652174,Venezia,1.0,1,1,0,0,complete,False,False
Venezia,2011,Soft wheat,16000.0,92900.0,5.80625,Venezia,1.0,1,1,0,0,complete,False,False
Venezia,2012,Durum wheat,385.0,1963.5,5.1,Venezia,1.0,1,1,0,0,complete,False,False
Venezia,2012,Grain maize,48100.0,240500.0,5.0,Venezia,1.0,1,1,0,0,complete,False,False
Venezia,2012,Soft wheat,16750.0,117250.0,7.0,Venezia,1.0,1,1,0,0,complete,False,False
Venezia,2013,Durum wheat,245.0,960.4,3.92,Venezia,1.0,1,1,0,0,complete,True,False
Venezia,2013,Grain maize,48012.0,412859.7,8.599093976505873,Venezia,1.0,1,1,0,0,complete,True,False
Venezia,2013,Soft wheat,17380.0,119226.8,6.86,Venezia,1.0,1,1,0,0,complete,False,False
Venezia,2014,Durum wheat,210.0,1420.0,6.761904761904762,Venezia,1.0,1,1,0,0,complete,False,False
Venezia,2014,Grain maize,42875.0,519859.4,12.12500058309038,Venezia,1.0,1,1,0,0,complete,False,False
Venezia,2014,Soft wheat,14483.0,100772.7,6.957999033349444,Venezia,1.0,1,1,0,0,complete,False,False
Venezia,2015,Durum wheat,330.0,2280.0,6.909090909090909,Venezia,1.0,1,1,0,0,complete,False,False
Venezia,2015,Grain maize,34300.0,349345.5,10.185,Venezia,1.0,1,1,0,0,complete,False,False
Venezia,2015,Soft wheat,15079.0,106900.0,7.089329531136017,Venezia,1.0,1,1,0,0,complete,False,False
Venezia,2016,Durum wheat,1073.0,5857.0,5.458527493010251,Venezia,1.0,1,1,0,0,complete,False,False
Venezia,2016,Grain maize,31602.0,336293.0,10.641510031010695,Venezia,1.0,1,1,0,0,complete,False,False
Venezia,2016,Soft wheat,18685.0,120836.0,6.467005619480867,Venezia,1.0,1,1,0,0,complete,False,False
Venezia,2017,Durum wheat,407.0,2666.1,6.550614250614251,Venezia,1.0,1,1,0,0,complete,False,False
Venezia,2017,Grain maize,30702.0,294046.0,9.577421666340955,Venezia,1.0,1,1,0,0,complete,False,False
Venezia,2017,Soft wheat,13911.0,103456.3,7.437013873912731,Venezia,1.0,1,1,0,0,complete,False,False
Venezia,2018,Durum wheat,382.0,2376.0,6.219895287958115,Venezia,1.0,1,1,0,0,complete,False,False
Venezia,2018,Grain maize,25965.0,277139.0,10.673560562295398,Venezia,1.0,1,1,0,0,complete,False,False
Venezia,2018,Soft wheat,18339.0,120021.7,6.54461530072523,Venezia,1.0,1,1,0,0,complete,False,False
Venezia,2019,Durum wheat,437.0,1850.0,4.233409610983982,Venezia,1.0,1,1,0,0,complete,False,False
Venezia,2019,Grain maize,31376.0,293023.0,9.339080826109129,Venezia,1.0,1,1,0,0,complete,False,False
Venezia,2019,Soft wheat,17759.0,99954.0,5.628357452559266,Venezia,1.0,1,1,0,0,complete,False,False
Venezia,2020,Durum wheat,147.0,803.0,5.462585034013605,Venezia,1.0,1,1,0,0,complete,False,False
Venezia,2020,Grain maize,30569.0,354154.6,11.585416598514835,Venezia,1.0,1,1,0,0,complete,False,False
Venezia,2020,Soft wheat,15564.0,109498.0,7.035337959393472,Venezia,1.0,1,1,0,0,complete,False,False
Venezia,2021,Durum wheat,178.0,1192.5,6.699438202247191,Venezia,1.0,1,1,0,0,complete,False,False
Venezia,2021,Grain maize,30588.0,310534.0,10.15215117039362,Venezia,1.0,1,1,0,0,complete,False,False
Venezia,2021,Soft wheat,17394.0,134861.2,7.7533172358284475,Venezia,1.0,1,1,0,0,complete,False,False
Venezia,2022,Durum wheat,335.0,2193.0,6.546268656716418,Venezia,1.0,1,1,0,0,complete,False,False
Venezia,2022,Grain maize,28878.0,216950.0,7.512639379458411,Venezia,1.0,1,1,0,0,complete,False,False
Venezia,2022,Soft wheat,19205.0,145179.0,7.559437646446238,Venezia,1.0,1,1,0,0,complete,False,False
Verbano-Cusio-Ossola,1996,Grain maize,150.0,667.0,4.446666666666666,Verbano-Cusio-Ossola,1.0,1,1,0,0,complete,False,False
Verbano-Cusio-Ossola,1997,Grain maize,145.0,1038.0,7.158620689655172,Verbano-Cusio-Ossola,1.0,1,1,0,0,complete,True,False
Verbano-Cusio-Ossola,1997,Soft wheat,15.0,37.5,2.5,Verbano-Cusio-Ossola,1.0,1,1,0,0,complete,False,False
Verbano-Cusio-Ossola,1998,Grain maize,210.0,1315.0,6.261904761904762,Verbano-Cusio-Ossola,1.0,1,1,0,0,complete,True,False
Verbano-Cusio-Ossola,1998,Soft wheat,15.0,45.0,3.0,Verbano-Cusio-Ossola,1.0,1,1,0,0,complete,False,False
Verbano-Cusio-Ossola,1999,Grain maize,225.0,1315.0,5.844444444444444,Verbano-Cusio-Ossola,1.0,1,1,0,0,complete,False,False
Verbano-Cusio-Ossola,1999,Soft wheat,10.0,33.3,3.3299999999999996,Verbano-Cusio-Ossola,1.0,1,1,0,0,complete,False,False
Verbano-Cusio-Ossola,2000,Grain maize,170.0,1140.0,6.705882352941177,Verbano-Cusio-Ossola,1.0,1,1,0,0,complete,False,False
Verbano-Cusio-Ossola,2000,Soft wheat,13.0,38.6,2.9692307692307693,Verbano-Cusio-Ossola,1.0,1,1,0,0,complete,False,False
Verbano-Cusio-Ossola,2001,Grain maize,180.0,1200.0,6.666666666666667,Verbano-Cusio-Ossola,1.0,1,1,0,0,complete,False,False
Verbano-Cusio-Ossola,2001,Soft wheat,5.0,14.0,2.8,Verbano-Cusio-Ossola,1.0,1,1,0,0,complete,False,False
Verbano-Cusio-Ossola,2002,Grain maize,180.0,1125.0,6.25,Verbano-Cusio-Ossola,1.0,1,1,0,0,complete,False,False
Verbano-Cusio-Ossola,2002,Soft wheat,7.0,14.7,2.1,Verbano-Cusio-Ossola,1.0,1,1,0,0,complete,False,False
Verbano-Cusio-Ossola,2003,Grain maize,160.0,960.0,6.0,Verbano-Cusio-Ossola,1.0,1,1,0,0,complete,False,False
Verbano-Cusio-Ossola,2003,Soft wheat,2.0,6.0,3.0,Verbano-Cusio-Ossola,1.0,1,1,0,0,complete,False,False
Verbano-Cusio-Ossola,2004,Grain maize,170.0,980.0,5.764705882352941,Verbano-Cusio-Ossola,1.0,1,1,0,0,complete,False,False
Verbano-Cusio-Ossola,2004,Soft wheat,3.0,7.0,2.3333333333333335,Verbano-Cusio-Ossola,1.0,1,1,0,0,complete,False,False
Verbano-Cusio-Ossola,2005,Grain maize,170.0,1496.0,8.8,Verbano-Cusio-Ossola,1.0,1,1,0,0,complete,False,False
Verbano-Cusio-Ossola,2006,Grain maize,168.0,1176.5,7.002976190476191,Verbano-Cusio-Ossola,1.0,1,1,0,0,complete,False,False
Verbano-Cusio-Ossola,2006,Soft wheat,3.0,6.5,2.1666666666666665,Verbano-Cusio-Ossola,1.0,1,1,0,0,complete,False,False
Verbano-Cusio-Ossola,2007,Grain maize,169.0,1174.9,6.95207100591716,Verbano-Cusio-Ossola,1.0,1,1,0,0,complete,False,False
Verbano-Cusio-Ossola,2007,Soft wheat,3.0,6.1,2.033333333333333,Verbano-Cusio-Ossola,1.0,1,1,0,0,complete,False,False
Verbano-Cusio-Ossola,2008,Grain maize,169.0,1228.5,7.269230769230769,Verbano-Cusio-Ossola,1.0,1,1,0,0,complete,False,False
Verbano-Cusio-Ossola,2008,Soft wheat,3.0,6.3,2.1,Verbano-Cusio-Ossola,1.0,1,1,0,0,complete,False,False
Verbano-Cusio-Ossola,2009,Grain maize,158.0,949.2,6.007594936708861,Verbano-Cusio-Ossola,1.0,1,1,0,0,complete,False,False
Verbano-Cusio-Ossola,2009,Soft wheat,3.0,4.7,1.5666666666666667,Verbano-Cusio-Ossola,1.0,1,1,0,0,complete,False,False
Verbano-Cusio-Ossola,2010,Grain maize,208.0,1417.5,6.814903846153846,Verbano-Cusio-Ossola,1.0,1,1,0,0,complete,False,False
Verbano-Cusio-Ossola,2010,Soft wheat,3.0,5.7,1.9000000000000001,Verbano-Cusio-Ossola,1.0,1,1,0,0,complete,False,False
Verbano-Cusio-Ossola,2011,Grain maize,169.0,1138.9,6.73905325443787,Verbano-Cusio-Ossola,1.0,1,1,0,0,complete,False,False
Verbano-Cusio-Ossola,2011,Soft wheat,3.0,5.7,1.9000000000000001,Verbano-Cusio-Ossola,1.0,1,1,0,0,complete,False,False
Verbano-Cusio-Ossola,2012,Grain maize,105.0,1405.4,13.384761904761906,Verbano-Cusio-Ossola,1.0,1,1,0,0,complete,False,False
Verbano-Cusio-Ossola,2012,Soft wheat,2150.0,1200.0,0.5581395348837209,Verbano-Cusio-Ossola,1.0,1,1,0,0,complete,False,False
Verbano-Cusio-Ossola,2013,Grain maize,111.0,749.3,6.75045045045045,Verbano-Cusio-Ossola,1.0,1,1,0,0,complete,False,False
Verbano-Cusio-Ossola,2013,Soft wheat,1.0,1.9,1.9,Verbano-Cusio-Ossola,1.0,1,1,0,0,complete,False,False
Verbano-Cusio-Ossola,2014,Grain maize,110.0,1100.0,10.0,Verbano-Cusio-Ossola,1.0,1,1,0,0,complete,False,False
Verbano-Cusio-Ossola,2014,Soft wheat,20.0,56.0,2.8,Verbano-Cusio-Ossola,1.0,1,1,0,0,complete,False,False
Verbano-Cusio-Ossola,2015,Grain maize,110.0,743.0,6.754545454545455,Verbano-Cusio-Ossola,1.0,1,1,0,0,complete,False,False
Verbano-Cusio-Ossola,2015,Soft wheat,1.0,2.0,2.0,Verbano-Cusio-Ossola,1.0,1,1,0,0,complete,False,False
Verbano-Cusio-Ossola,2016,Grain maize,106.0,724.2,6.832075471698114,Verbano-Cusio-Ossola,1.0,1,1,0,0,complete,False,False
Verbano-Cusio-Ossola,2017,Grain maize,130.0,1300.0,10.0,Verbano-Cusio-Ossola,1.0,1,1,0,0,complete,False,False
Verbano-Cusio-Ossola,2017,Soft wheat,5.0,12.5,2.5,Verbano-Cusio-Ossola,1.0,1,1,0,0,complete,False,False
Verbano-Cusio-Ossola,2018,Grain maize,100.0,1000.0,10.0,Verbano-Cusio-Ossola,1.0,1,1,0,0,complete,False,False
Verbano-Cusio-Ossola,2018,Soft wheat,10.0,25.0,2.5,Verbano-Cusio-Ossola,1.0,1,1,0,0,complete,False,False
Verbano-Cusio-Ossola,2019,Grain maize,65.0,552.5,8.5,Verbano-Cusio-Ossola,1.0,1,1,0,0,complete,False,False
Verbano-Cusio-Ossola,2019,Soft wheat,4.0,10.8,2.7,Verbano-Cusio-Ossola,1.0,1,1,0,0,complete,False,False
Verbano-Cusio-Ossola,2020,Grain maize,110.0,1100.0,10.0,Verbano-Cusio-Ossola,1.0,1,1,0,0,complete,False,False
Verbano-Cusio-Ossola,2020,Soft wheat,5.0,13.0,2.6,Verbano-Cusio-Ossola,1.0,1,1,0,0,complete,False,False
Verbano-Cusio-Ossola,2021,Grain maize,100.0,1200.0,12.0,Verbano-Cusio-Ossola,1.0,1,1,0,0,complete,False,False
Verbano-Cusio-Ossola,2021,Soft wheat,5.0,12.5,2.5,Verbano-Cusio-Ossola,1.0,1,1,0,0,complete,False,False
Verbano-Cusio-Ossola,2022,Grain maize,91.0,910.0,10.0,Verbano-Cusio-Ossola,1.0,1,1,0,0,complete,False,False
Verbano-Cusio-Ossola,2022,Soft wheat,2.0,4.0,2.0,Verbano-Cusio-Ossola,1.0,1,1,0,0,complete,False,False
Vercelli,1995,Durum wheat,101.0,446.4,4.419801980198019,Vercelli,1.0,1,1,0,0,complete,False,False
Vercelli,1995,Grain maize,33420.0,293761.8,8.79,Vercelli,1.0,1,1,0,0,complete,False,False
Vercelli,1995,Soft wheat,4250.0,18576.8,4.371011764705882,Vercelli,1.0,1,1,0,0,complete,False,False
Vercelli,1996,Grain maize,34000.0,319425.0,9.39485294117647,Vercelli,1.0,1,1,0,0,complete,False,False
Vercelli,1996,Soft wheat,1510.0,5738.0,3.8,Vercelli,1.0,1,1,0,0,complete,False,False
Vercelli,1997,Grain maize,21000.0,158400.0,7.542857142857143,Vercelli,1.0,1,1,0,0,complete,True,False
Vercelli,1997,Soft wheat,1510.0,5587.0,3.7,Vercelli,1.0,1,1,0,0,complete,False,False
Vercelli,1998,Grain maize,18000.0,198000.0,11.0,Vercelli,1.0,1,1,0,0,complete,True,False
Vercelli,1998,Soft wheat,1500.0,7800.0,5.2,Vercelli,1.0,1,1,0,0,complete,False,False
Vercelli,1999,Grain maize,18000.0,198000.0,11.0,Vercelli,1.0,1,1,0,0,complete,False,False
Vercelli,1999,Soft wheat,845.0,4225.0,5.0,Vercelli,1.0,1,1,0,0,complete,False,False
Vercelli,2000,Grain maize,19000.0,161500.0,8.5,Vercelli,1.0,1,1,0,0,complete,False,False
Vercelli,2000,Soft wheat,900.0,4400.0,4.888888888888889,Vercelli,1.0,1,1,0,0,complete,False,False
Vercelli,2001,Grain maize,18900.0,160500.0,8.492063492063492,Vercelli,1.0,1,1,0,0,complete,False,False
Vercelli,2001,Soft wheat,930.0,4450.0,4.78494623655914,Vercelli,1.0,1,1,0,0,complete,False,False
Vercelli,2002,Grain maize,19000.0,144900.0,7.626315789473685,Vercelli,1.0,1,1,0,0,complete,False,False
Vercelli,2002,Soft wheat,1045.0,4672.5,4.471291866028708,Vercelli,1.0,1,1,0,0,complete,False,False
Vercelli,2003,Grain maize,19000.0,152000.0,8.0,Vercelli,1.0,1,1,0,0,complete,False,False
Vercelli,2003,Soft wheat,1045.0,4702.5,4.5,Vercelli,1.0,1,1,0,0,complete,False,False
Vercelli,2004,Grain maize,19000.0,162000.0,8.526315789473685,Vercelli,1.0,1,1,0,0,complete,False,False
Vercelli,2004,Soft wheat,1045.0,5401.0,5.168421052631579,Vercelli,1.0,1,1,0,0,complete,False,False
Vercelli,2005,Grain maize,19000.0,162000.0,8.526315789473685,Vercelli,1.0,1,1,0,0,complete,False,False
Vercelli,2005,Soft wheat,1130.0,5876.0,5.2,Vercelli,1.0,1,1,0,0,complete,False,False
Vercelli,2006,Grain maize,19000.0,158900.0,8.363157894736842,Vercelli,1.0,1,1,0,0,complete,False,False
Vercelli,2006,Soft wheat,1065.0,5345.6,5.019342723004695,Vercelli,1.0,1,1,0,0,complete,False,False
Vercelli,2007,Durum wheat,1.0,3.2,3.2,Vercelli,1.0,1,1,0,0,complete,False,False
Vercelli,2007,Grain maize,19000.0,160966.7,8.47193157894737,Vercelli,1.0,1,1,0,0,complete,False,False
Vercelli,2007,Soft wheat,1900.0,9687.7,5.098789473684211,Vercelli,1.0,1,1,0,0,complete,False,False
Vercelli,2008,Durum wheat,17.0,82.4,4.847058823529412,Vercelli,1.0,1,1,0,0,complete,False,False
Vercelli,2008,Grain maize,19000.0,155104.1,8.163373684210526,Vercelli,1.0,1,1,0,0,complete,False,False
Vercelli,2008,Soft wheat,1423.0,7271.6,5.1100491918482085,Vercelli,1.0,1,1,0,0,complete,False,False
Vercelli,2009,Durum wheat,9.0,28.5,3.1666666666666665,Vercelli,1.0,1,1,0,0,complete,False,False
Vercelli,2009,Grain maize,17774.0,119085.8,6.7,Vercelli,1.0,1,1,0,0,complete,False,False
Vercelli,2009,Soft wheat,1587.0,8077.8,5.089981096408318,Vercelli,1.0,1,1,0,0,complete,False,False
Vercelli,2010,Durum wheat,9.0,38.0,4.222222222222222,Vercelli,1.0,1,1,0,0,complete,False,False
Vercelli,2010,Grain maize,10893.0,82052.2,7.532562195905627,Vercelli,1.0,1,1,0,0,complete,False,False
Vercelli,2010,Soft wheat,1631.0,8372.0,5.133047210300429,Vercelli,1.0,1,1,0,0,complete,False,False
Vercelli,2011,Durum wheat,9.0,38.0,4.222222222222222,Vercelli,1.0,1,1,0,0,complete,False,False
Vercelli,2011,Grain maize,12890.0,83052.2,6.443149728471683,Vercelli,1.0,1,1,0,0,complete,False,False
Vercelli,2011,Soft wheat,1751.0,8853.6,5.05631067961165,Vercelli,1.0,1,1,0,0,complete,False,False
Vercelli,2012,Durum wheat,1.0,8.3,8.3,Vercelli,1.0,1,1,0,0,complete,False,False
Vercelli,2012,Grain maize,12989.0,102459.2,7.888151512818538,Vercelli,1.0,1,1,0,0,complete,False,False
Vercelli,2012,Soft wheat,1491.0,10339.4,6.934540576794098,Vercelli,1.0,1,1,0,0,complete,False,False
Vercelli,2013,Durum wheat,19.0,71.1,3.7421052631578946,Vercelli,1.0,1,1,0,0,complete,True,False
Vercelli,2013,Grain maize,14294.0,117352.6,8.209920246257171,Vercelli,1.0,1,1,0,0,complete,True,False
Vercelli,2013,Soft wheat,1417.0,7044.2,4.971206774876499,Vercelli,1.0,1,1,0,0,complete,True,False
Vercelli,2014,Durum wheat,2.0,8.5,4.25,Vercelli,1.0,1,1,0,0,complete,False,False
Vercelli,2014,Grain maize,14491.0,118968.8,8.209840590711476,Vercelli,1.0,1,1,0,0,complete,False,False
Vercelli,2014,Soft wheat,1368.0,6796.6,4.96827485380117,Vercelli,1.0,1,1,0,0,complete,False,False
Vercelli,2015,Durum wheat,18.0,94.0,5.222222222222222,Vercelli,1.0,1,1,0,0,complete,False,False
Vercelli,2015,Grain maize,11351.0,93192.7,8.210087216985288,Vercelli,1.0,1,1,0,0,complete,False,False
Vercelli,2015,Soft wheat,1381.0,8217.0,5.950036205648081,Vercelli,1.0,1,1,0,0,complete,False,False
Vercelli,2016,Durum wheat,45.0,247.5,5.5,Vercelli,1.0,1,1,0,0,complete,False,False
Vercelli,2016,Grain maize,10969.0,92839.7,8.463825325918497,Vercelli,1.0,1,1,0,0,complete,False,False
Vercelli,2016,Soft wheat,1628.0,8954.0,5.5,Vercelli,1.0,1,1,0,0,complete,False,False
Vercelli,2017,Durum wheat,32.0,160.0,5.0,Vercelli,1.0,1,1,0,0,complete,False,False
Vercelli,2017,Grain maize,10279.0,102790.0,10.0,Vercelli,1.0,1,1,0,0,complete,False,False
Vercelli,2017,Soft wheat,1594.0,7970.0,5.0,Vercelli,1.0,1,1,0,0,complete,False,False
Vercelli,2018,Durum wheat,20.0,100.0,5.0,Vercelli,1.0,1,1,0,0,complete,False,False
Vercelli,2018,Grain maize,9870.0,113505.0,11.5,Vercelli,1.0,1,1,0,0,complete,False,False
Vercelli,2018,Soft wheat,2276.0,11380.0,5.0,Vercelli,1.0,1,1,0,0,complete,False,False
Vercelli,2019,Durum wheat,4.0,22.0,5.5,Vercelli,1.0,1,1,0,0,complete,False,False
Vercelli,2019,Grain maize,10601.0,121900.0,11.498915196679558,Vercelli,1.0,1,1,0,0,complete,False,False
Vercelli,2019,Soft wheat,1360.0,8159.0,5.999264705882353,Vercelli,1.0,1,1,0,0,complete,False,False
Vercelli,2020,Durum wheat,11.0,58.3,5.3,Vercelli,1.0,1,1,0,0,complete,False,False
Vercelli,2020,Grain maize,9286.0,111432.0,12.0,Vercelli,1.0,1,1,0,0,complete,False,False
Vercelli,2020,Soft wheat,1285.0,6425.0,5.0,Vercelli,1.0,1,1,0,0,complete,False,False
Vercelli,2021,Durum wheat,14.0,74.2,5.3,Vercelli,1.0,1,1,0,0,complete,False,False
Vercelli,2021,Grain maize,9369.0,112428.0,12.0,Vercelli,1.0,1,1,0,0,complete,False,False
Vercelli,2021,Soft wheat,1491.0,7455.0,5.0,Vercelli,1.0,1,1,0,0,complete,False,False
Vercelli,2022,Durum wheat,17.0,74.8,4.3999999999999995,Vercelli,1.0,1,1,0,0,complete,False,False
Vercelli,2022,Grain maize,9700.0,101850.0,10.5,Vercelli,1.0,1,1,0,0,complete,False,False
Vercelli,2022,Soft wheat,1510.0,7243.0,4.796688741721854,Vercelli,1.0,1,1,0,0,complete,False,False
Verona,1995,Durum wheat,235.0,1151.5,4.9,Verona,1.0,1,1,0,0,complete,False,False
Verona,1995,Grain maize,29690.0,276117.0,9.3,Verona,1.0,1,1,0,0,complete,False,False
Verona,1995,Soft wheat,11060.0,54383.0,4.917088607594937,Verona,1.0,1,1,0,0,complete,False,False
Verona,1996,Durum wheat,90.0,419.0,4.655555555555556,Verona,1.0,1,1,0,0,complete,False,False
Verona,1996,Grain maize,31080.0,323090.0,10.395431145431145,Verona,1.0,1,1,0,0,complete,False,False
Verona,1996,Soft wheat,10985.0,56335.0,5.128356850250341,Verona,1.0,1,1,0,0,complete,False,False
Verona,1997,Durum wheat,20.0,100.0,5.0,Verona,1.0,1,1,0,0,complete,False,False
Verona,1997,Grain maize,30633.0,244541.9,7.982956288969412,Verona,1.0,1,1,0,0,complete,True,False
Verona,1997,Soft wheat,5890.0,28253.1,4.7967911714770795,Verona,1.0,1,1,0,0,complete,False,False
Verona,1998,Durum wheat,18.0,90.0,5.0,Verona,1.0,1,1,0,0,complete,False,False
Verona,1998,Grain maize,29760.0,284649.2,9.564825268817204,Verona,1.0,1,1,0,0,complete,True,False
Verona,1998,Soft wheat,5923.0,27565.4,4.653959142326524,Verona,1.0,1,1,0,0,complete,False,False
Verona,1999,Durum wheat,262.0,1542.0,5.885496183206107,Verona,1.0,1,1,0,0,complete,False,False
Verona,1999,Grain maize,29822.0,284649.2,9.544939977198043,Verona,1.0,1,1,0,0,complete,False,False
Verona,1999,Soft wheat,6581.0,36136.0,5.490958820847895,Verona,1.0,1,1,0,0,complete,False,False
Verona,2000,Durum wheat,130.0,711.7,5.474615384615385,Verona,1.0,1,1,0,0,complete,False,False
Verona,2000,Grain maize,32940.0,328835.8,9.982871888281723,Verona,1.0,1,1,0,0,complete,False,False
Verona,2000,Soft wheat,5133.0,27900.4,5.435495811416326,Verona,1.0,1,1,0,0,complete,False,False
Verona,2001,Durum wheat,113.0,610.5,5.402654867256637,Verona,1.0,1,1,0,0,complete,False,False
Verona,2001,Grain maize,33926.0,339104.2,9.995407651948359,Verona,1.0,1,1,0,0,complete,False,False
Verona,2001,Soft wheat,7702.0,39286.5,5.100817969358608,Verona,1.0,1,1,0,0,complete,False,False
Verona,2002,Durum wheat,16.0,85.8,5.3625,Verona,1.0,1,1,0,0,complete,False,False
Verona,2002,Grain maize,35328.0,333933.0,9.452360733695652,Verona,1.0,1,1,0,0,complete,False,False
Verona,2002,Soft wheat,13535.0,71385.1,5.274111562615442,Verona,1.0,1,1,0,0,complete,False,False
Verona,2003,Durum wheat,8.0,43.2,5.4,Verona,1.0,1,1,0,0,complete,False,False
Verona,2003,Grain maize,45600.0,250601.8,5.495653508771929,Verona,1.0,1,1,0,0,complete,False,False
Verona,2003,Soft wheat,11500.0,61770.7,5.371365217391304,Verona,1.0,1,1,0,0,complete,False,False
Verona,2004,Durum wheat,100.0,578.1,5.781000000000001,Verona,1.0,1,1,0,0,complete,False,False
Verona,2004,Grain maize,46000.0,450660.7,9.796971739130434,Verona,1.0,1,1,0,0,complete,False,False
Verona,2004,Soft wheat,12200.0,75376.9,6.178434426229508,Verona,1.0,1,1,0,0,complete,False,False
Verona,2005,Durum wheat,120.0,693.9,5.7825,Verona,1.0,1,1,0,0,complete,False,False
Verona,2005,Grain maize,42000.0,407673.7,9.706516666666667,Verona,1.0,1,1,0,0,complete,False,False
Verona,2005,Soft wheat,13200.0,81545.5,6.177689393939394,Verona,1.0,1,1,0,0,complete,False,False
Verona,2006,Durum wheat,400.0,2400.0,6.0,Verona,1.0,1,1,0,0,complete,False,False
Verona,2006,Grain maize,43400.0,303190.0,6.98594470046083,Verona,1.0,1,1,0,0,complete,False,False
Verona,2006,Soft wheat,15200.0,103470.0,6.807236842105263,Verona,1.0,1,1,0,0,complete,False,False
Verona,2007,Durum wheat,280.0,1605.5,5.733928571428572,Verona,1.0,1,1,0,0,complete,False,False
Verona,2007,Grain maize,41000.0,369000.0,9.0,Verona,1.0,1,1,0,0,complete,False,False
Verona,2007,Soft wheat,17985.0,108000.0,6.005004170141785,Verona,1.0,1,1,0,0,complete,False,False
Verona,2008,Durum wheat,950.0,4840.0,5.094736842105263,Verona,1.0,1,1,0,0,complete,False,False
Verona,2008,Grain maize,30070.0,249400.0,8.293980711672763,Verona,1.0,1,1,0,0,complete,False,False
Verona,2008,Soft wheat,18000.0,97100.0,5.394444444444445,Verona,1.0,1,1,0,0,complete,False,False
Verona,2009,Durum wheat,518.0,2382.8,4.6000000000000005,Verona,1.0,1,1,0,0,complete,False,False
Verona,2009,Grain maize,30972.0,288000.0,9.298721425803953,Verona,1.0,1,1,0,0,complete,False,False
Verona,2009,Soft wheat,16864.0,77574.4,4.6,Verona,1.0,1,1,0,0,complete,False,False
Verona,2010,Durum wheat,800.0,3510.0,4.3875,Verona,1.0,1,1,0,0,complete,False,False
Verona,2010,Grain maize,28494.0,225900.0,7.9279848389134555,Verona,1.0,1,1,0,0,complete,False,False
Verona,2010,Soft wheat,13000.0,57120.0,4.3938461538461535,Verona,1.0,1,1,0,0,complete,False,False
Verona,2011,Durum wheat,800.0,3900.0,4.875,Verona,1.0,1,1,0,0,complete,False,False
Verona,2011,Grain maize,33000.0,296000.0,8.969696969696969,Verona,1.0,1,1,0,0,complete,False,False
Verona,2011,Soft wheat,13000.0,64800.0,4.984615384615385,Verona,1.0,1,1,0,0,complete,False,False
Verona,2012,Durum wheat,800.0,6000.0,7.5,Verona,1.0,1,1,0,0,complete,True,False
Verona,2012,Grain maize,38115.0,240000.0,6.296733569460843,Verona,1.0,1,1,0,0,complete,True,False
Verona,2012,Soft wheat,14300.0,110000.0,7.6923076923076925,Verona,1.0,1,1,0,0,complete,True,False
Verona,2013,Durum wheat,614.0,2215.0,3.6074918566775245,Verona,1.0,1,1,0,0,complete,True,False
Verona,2013,Grain maize,38670.0,310118.8,8.019622446340833,Verona,1.0,1,1,0,0,complete,True,False
Verona,2013,Soft wheat,16728.0,114700.0,6.856767097082735,Verona,1.0,1,1,0,0,complete,True,False
Verona,2014,Durum wheat,671.0,4077.0,6.076005961251863,Verona,1.0,1,1,0,0,complete,False,False
Verona,2014,Grain maize,37485.0,527226.5,14.06499933306656,Verona,1.0,1,1,0,0,complete,False,False
Verona,2014,Soft wheat,14249.0,97748.1,6.859997192785459,Verona,1.0,1,1,0,0,complete,False,False
Verona,2015,Durum wheat,2129.0,12727.2,5.978017848755284,Verona,1.0,1,1,0,0,complete,False,False
Verona,2015,Grain maize,33737.0,316784.9,9.389836085010524,Verona,1.0,1,1,0,0,complete,False,False
Verona,2015,Soft wheat,14418.0,90780.0,6.296296296296297,Verona,1.0,1,1,0,0,complete,False,False
Verona,2016,Durum wheat,4227.0,22444.0,5.30967589306837,Verona,1.0,1,1,0,0,complete,False,False
Verona,2016,Grain maize,25632.0,249680.0,9.740948813982522,Verona,1.0,1,1,0,0,complete,False,False
Verona,2016,Soft wheat,15216.0,91788.8,6.032386961093586,Verona,1.0,1,1,0,0,complete,False,False
Verona,2017,Durum wheat,2856.0,18195.4,6.370938375350141,Verona,1.0,1,1,0,0,complete,False,False
Verona,2017,Grain maize,25790.0,218565.0,8.474796432725864,Verona,1.0,1,1,0,0,complete,False,False
Verona,2017,Soft wheat,13628.0,94535.2,6.936835926034634,Verona,1.0,1,1,0,0,complete,False,False
Verona,2018,Durum wheat,2832.0,15876.0,5.6059322033898304,Verona,1.0,1,1,0,0,complete,False,False
Verona,2018,Grain maize,23681.0,223661.0,9.444744732063679,Verona,1.0,1,1,0,0,complete,False,False
Verona,2018,Soft wheat,15166.0,90474.0,5.96558090465515,Verona,1.0,1,1,0,0,complete,False,False
Verona,2019,Durum wheat,2329.0,10575.0,4.540575354229283,Verona,1.0,1,1,0,0,complete,False,False
Verona,2019,Grain maize,25349.0,203502.0,8.02800899443765,Verona,1.0,1,1,0,0,complete,False,False
Verona,2019,Soft wheat,15221.0,79906.0,5.249720780500624,Verona,1.0,1,1,0,0,complete,False,False
Verona,2020,Durum wheat,1602.0,8622.0,5.382022471910112,Verona,1.0,1,1,0,0,complete,False,False
Verona,2020,Grain maize,25363.0,291992.5,11.512537948980798,Verona,1.0,1,1,0,0,complete,False,False
Verona,2020,Soft wheat,13908.0,89606.0,6.442766752947944,Verona,1.0,1,1,0,0,complete,False,False
Verona,2021,Durum wheat,2089.0,13479.0,6.452369554810915,Verona,1.0,1,1,0,0,complete,False,False
Verona,2021,Grain maize,24213.0,244267.0,10.088258373600958,Verona,1.0,1,1,0,0,complete,False,False
Verona,2021,Soft wheat,15186.0,114806.2,7.560002634005005,Verona,1.0,1,1,0,0,complete,False,False
Verona,2022,Durum wheat,2858.0,16781.0,5.871588523442967,Verona,1.0,1,1,0,0,complete,False,False
Verona,2022,Grain maize,24711.0,186966.5,7.566124398041358,Verona,1.0,1,1,0,0,complete,False,False
Verona,2022,Soft wheat,15483.0,105353.0,6.804430665891623,Verona,1.0,1,1,0,0,complete,False,False
Vibo Valentia,1996,Grain maize,3997.0,13989.5,3.5,Vibo Valentia,1.0,1,1,0,0,complete,False,False
Vibo Valentia,1997,Durum wheat,2202.0,4624.2,2.1,Vibo Valentia,1.0,1,1,0,0,complete,False,False
Vibo Valentia,1997,Grain maize,3997.0,14000.0,3.502626970227671,Vibo Valentia,1.0,1,1,0,0,complete,True,False
Vibo Valentia,1997,Soft wheat,7040.0,15488.0,2.2,Vibo Valentia,1.0,1,1,0,0,complete,False,False
Vibo Valentia,1998,Durum wheat,2202.0,4400.0,1.9981834695731153,Vibo Valentia,1.0,1,1,0,0,complete,False,False
Vibo Valentia,1998,Grain maize,4000.0,13000.0,3.25,Vibo Valentia,1.0,1,1,0,0,complete,True,False
Vibo Valentia,1998,Soft wheat,7040.0,14080.0,2.0,Vibo Valentia,1.0,1,1,0,0,complete,False,False
Vibo Valentia,1999,Durum wheat,2191.0,4432.1,2.022866271109083,Vibo Valentia,1.0,1,1,0,0,complete,False,False
Vibo Valentia,1999,Grain maize,4024.0,13000.0,3.2306163021868786,Vibo Valentia,1.0,1,1,0,0,complete,False,False
Vibo Valentia,1999,Soft wheat,7060.0,14494.7,2.053073654390935,Vibo Valentia,1.0,1,1,0,0,complete,False,False
Vibo Valentia,2000,Durum wheat,3308.0,8270.0,2.5,Vibo Valentia,1.0,1,1,0,0,complete,False,False
Vibo Valentia,2000,Grain maize,3524.0,11049.9,3.1356129398410895,Vibo Valentia,1.0,1,1,0,0,complete,False,False
Vibo Valentia,2000,Soft wheat,7140.0,17136.0,2.4,Vibo Valentia,1.0,1,1,0,0,complete,False,False
Vibo Valentia,2001,Durum wheat,3203.0,7366.9,2.3,Vibo Valentia,1.0,1,1,0,0,complete,False,False
Vibo Valentia,2001,Grain maize,1950.0,6825.0,3.5,Vibo Valentia,1.0,1,1,0,0,complete,False,False
Vibo Valentia,2001,Soft wheat,7150.0,15730.0,2.2,Vibo Valentia,1.0,1,1,0,0,complete,False,False
Vibo Valentia,2002,Durum wheat,2650.0,6095.0,2.3,Vibo Valentia,1.0,1,1,0,0,complete,False,False
Vibo Valentia,2002,Grain maize,1825.0,6387.5,3.5,Vibo Valentia,1.0,1,1,0,0,complete,False,False
Vibo Valentia,2002,Soft wheat,5640.0,12408.0,2.2,Vibo Valentia,1.0,1,1,0,0,complete,False,False
Vibo Valentia,2003,Durum wheat,1730.0,3800.0,2.1965317919075145,Vibo Valentia,1.0,1,1,0,0,complete,False,False
Vibo Valentia,2003,Grain maize,1960.0,6070.0,3.0969387755102042,Vibo Valentia,1.0,1,1,0,0,complete,False,False
Vibo Valentia,2003,Soft wheat,3095.0,7010.0,2.2649434571890144,Vibo Valentia,1.0,1,1,0,0,complete,False,False
Vibo Valentia,2004,Durum wheat,1810.0,4650.0,2.569060773480663,Vibo Valentia,1.0,1,1,0,0,complete,False,False
Vibo Valentia,2004,Grain maize,1912.0,6445.8,3.371234309623431,Vibo Valentia,1.0,1,1,0,0,complete,False,False
Vibo Valentia,2004,Soft wheat,3165.0,7950.0,2.5118483412322274,Vibo Valentia,1.0,1,1,0,0,complete,False,False
Vibo Valentia,2005,Durum wheat,1200.0,3120.0,2.6,Vibo Valentia,1.0,1,1,0,0,complete,False,False
Vibo Valentia,2005,Grain maize,1909.0,6382.7,3.3434782608695652,Vibo Valentia,1.0,1,1,0,0,complete,False,False
Vibo Valentia,2005,Soft wheat,2540.0,5785.0,2.27755905511811,Vibo Valentia,1.0,1,1,0,0,complete,False,False
Vibo Valentia,2006,Durum wheat,960.0,2400.0,2.5,Vibo Valentia,1.0,1,1,0,0,complete,False,False
Vibo Valentia,2006,Grain maize,1920.0,6268.4,3.2647916666666665,Vibo Valentia,1.0,1,1,0,0,complete,False,False
Vibo Valentia,2006,Soft wheat,700.0,1750.0,2.5,Vibo Valentia,1.0,1,1,0,0,complete,False,False
Vibo Valentia,2007,Durum wheat,1330.0,3269.0,2.457894736842105,Vibo Valentia,1.0,1,1,0,0,complete,False,False
Vibo Valentia,2007,Grain maize,1924.0,5011.2,2.6045738045738043,Vibo Valentia,1.0,1,1,0,0,complete,False,False
Vibo Valentia,2007,Soft wheat,2044.0,4859.0,2.37720156555773,Vibo Valentia,1.0,1,1,0,0,complete,False,False
Vibo Valentia,2008,Durum wheat,1145.0,2834.5,2.475545851528384,Vibo Valentia,1.0,1,1,0,0,complete,False,False
Vibo Valentia,2008,Grain maize,1918.0,5887.4,3.0695516162669447,Vibo Valentia,1.0,1,1,0,0,complete,False,False
Vibo Valentia,2008,Soft wheat,1372.0,3304.5,2.4085276967930027,Vibo Valentia,1.0,1,1,0,0,complete,False,False
Vibo Valentia,2009,Durum wheat,603.0,1524.9,2.528855721393035,Vibo Valentia,1.0,1,1,0,0,complete,False,False
Vibo Valentia,2009,Grain maize,1510.0,1698.8,1.1250331125827815,Vibo Valentia,1.0,1,1,0,0,complete,False,False
Vibo Valentia,2009,Soft wheat,283.0,810.2,2.862897526501767,Vibo Valentia,1.0,1,1,0,0,complete,False,False
Vibo Valentia,2010,Durum wheat,3128.0,10562.4,3.3767263427109975,Vibo Valentia,1.0,1,1,0,0,complete,False,False
Vibo Valentia,2010,Grain maize,238.0,687.9,2.8903361344537815,Vibo Valentia,1.0,1,1,0,0,complete,False,False
Vibo Valentia,2010,Soft wheat,283.0,810.2,2.862897526501767,Vibo Valentia,1.0,1,1,0,0,complete,False,False
Vibo Valentia,2011,Durum wheat,803.0,1710.0,2.1295143212951433,Vibo Valentia,1.0,1,1,0,0,complete,False,False
Vibo Valentia,2011,Grain maize,240.0,710.0,2.9583333333333335,Vibo Valentia,1.0,1,1,0,0,complete,False,False
Vibo Valentia,2011,Soft wheat,290.0,850.0,2.9310344827586206,Vibo Valentia,1.0,1,1,0,0,complete,False,False
Vibo Valentia,2012,Durum wheat,803.0,1710.0,2.1295143212951433,Vibo Valentia,1.0,1,1,0,0,complete,True,False
Vibo Valentia,2012,Grain maize,240.0,248.0,1.0333333333333334,Vibo Valentia,1.0,1,1,0,0,complete,True,False
Vibo Valentia,2012,Soft wheat,290.0,850.0,2.9310344827586206,Vibo Valentia,1.0,1,1,0,0,complete,False,False
Vibo Valentia,2013,Durum wheat,803.0,1384.0,1.7235367372353674,Vibo Valentia,1.0,1,1,0,0,complete,False,False
Vibo Valentia,2013,Grain maize,240.0,568.0,2.3666666666666667,Vibo Valentia,1.0,1,1,0,0,complete,True,False
Vibo Valentia,2013,Soft wheat,290.0,680.0,2.3448275862068964,Vibo Valentia,1.0,1,1,0,0,complete,False,False
Vibo Valentia,2014,Durum wheat,1100.0,2400.0,2.1818181818181817,Vibo Valentia,1.0,1,1,0,0,complete,False,False
Vibo Valentia,2014,Grain maize,480.0,1400.0,2.9166666666666665,Vibo Valentia,1.0,1,1,0,0,complete,False,False
Vibo Valentia,2014,Soft wheat,800.0,2300.0,2.875,Vibo Valentia,1.0,1,1,0,0,complete,False,False
Vibo Valentia,2015,Durum wheat,1300.0,2800.0,2.1538461538461537,Vibo Valentia,1.0,1,1,0,0,complete,False,False
Vibo Valentia,2015,Grain maize,700.0,2000.0,2.857142857142857,Vibo Valentia,1.0,1,1,0,0,complete,False,False
Vibo Valentia,2015,Soft wheat,1000.0,2850.0,2.85,Vibo Valentia,1.0,1,1,0,0,complete,False,False
Vibo Valentia,2016,Durum wheat,1500.0,3260.0,2.1733333333333333,Vibo Valentia,1.0,1,1,0,0,complete,False,False
Vibo Valentia,2016,Grain maize,900.0,2660.0,2.9555555555555557,Vibo Valentia,1.0,1,1,0,0,complete,False,False
Vibo Valentia,2016,Soft wheat,1200.0,3450.0,2.875,Vibo Valentia,1.0,1,1,0,0,complete,False,False
Vibo Valentia,2017,Durum wheat,1500.0,3260.0,2.1733333333333333,Vibo Valentia,1.0,1,1,0,0,complete,False,False
Vibo Valentia,2017,Grain maize,900.0,2660.0,2.9555555555555557,Vibo Valentia,1.0,1,1,0,0,complete,False,False
Vibo Valentia,2017,Soft wheat,1200.0,3450.0,2.875,Vibo Valentia,1.0,1,1,0,0,complete,False,False
Vibo Valentia,2018,Durum wheat,1500.0,3260.0,2.1733333333333333,Vibo Valentia,1.0,1,1,0,0,complete,False,False
Vibo Valentia,2018,Grain maize,900.0,2660.0,2.9555555555555557,Vibo Valentia,1.0,1,1,0,0,complete,False,False
Vibo Valentia,2018,Soft wheat,1200.0,3450.0,2.875,Vibo Valentia,1.0,1,1,0,0,complete,False,False
Vibo Valentia,2019,Durum wheat,1500.0,3260.0,2.1733333333333333,Vibo Valentia,1.0,1,1,0,0,complete,False,False
Vibo Valentia,2019,Grain maize,930.0,2650.0,2.849462365591398,Vibo Valentia,1.0,1,1,0,0,complete,False,False
Vibo Valentia,2019,Soft wheat,1200.0,3450.0,2.875,Vibo Valentia,1.0,1,1,0,0,complete,False,False
Vibo Valentia,2020,Durum wheat,1500.0,3260.0,2.1733333333333333,Vibo Valentia,1.0,1,1,0,0,complete,False,False
Vibo Valentia,2020,Grain maize,930.0,2650.0,2.849462365591398,Vibo Valentia,1.0,1,1,0,0,complete,False,False
Vibo Valentia,2020,Soft wheat,1200.0,3450.0,2.875,Vibo Valentia,1.0,1,1,0,0,complete,False,False
Vibo Valentia,2021,Durum wheat,1500.0,3260.0,2.1733333333333333,Vibo Valentia,1.0,1,1,0,0,complete,False,False
Vibo Valentia,2021,Grain maize,930.0,2650.0,2.849462365591398,Vibo Valentia,1.0,1,1,0,0,complete,False,False
Vibo Valentia,2021,Soft wheat,1200.0,3450.0,2.875,Vibo Valentia,1.0,1,1,0,0,complete,False,False
Vibo Valentia,2022,Durum wheat,1500.0,3260.0,2.1733333333333333,Vibo Valentia,1.0,1,1,0,0,complete,False,False
Vibo Valentia,2022,Grain maize,930.0,2650.0,2.849462365591398,Vibo Valentia,1.0,1,1,0,0,complete,False,False
Vibo Valentia,2022,Soft wheat,1200.0,3450.0,2.875,Vibo Valentia,1.0,1,1,0,0,complete,False,False
Vicenza,1995,Grain maize,29180.0,263700.0,9.037011651816313,Vicenza,1.0,1,1,0,0,complete,False,False
Vicenza,1995,Soft wheat,5820.0,30878.5,5.305584192439863,Vicenza,1.0,1,1,0,0,complete,False,False
Vicenza,1996,Grain maize,30700.0,320352.5,10.434934853420195,Vicenza,1.0,1,1,0,0,complete,False,False
Vicenza,1996,Soft wheat,4955.0,26877.5,5.424318869828456,Vicenza,1.0,1,1,0,0,complete,False,False
Vicenza,1997,Grain maize,30234.0,255297.0,8.444036515181583,Vicenza,1.0,1,1,0,0,complete,True,False
Vicenza,1997,Soft wheat,3170.0,22115.0,6.976340694006309,Vicenza,1.0,1,1,0,0,complete,False,False
Vicenza,1998,Grain maize,27426.0,331966.0,12.104061839130752,Vicenza,1.0,1,1,0,0,complete,True,False
Vicenza,1998,Soft wheat,3400.0,22832.5,6.715441176470589,Vicenza,1.0,1,1,0,0,complete,False,False
Vicenza,1999,Grain maize,30276.0,331966.0,10.964658475360022,Vicenza,1.0,1,1,0,0,complete,False,False
Vicenza,1999,Soft wheat,3293.0,22681.0,6.887640449438202,Vicenza,1.0,1,1,0,0,complete,False,False
Vicenza,2000,Grain maize,31055.0,341045.0,10.981967477056834,Vicenza,1.0,1,1,0,0,complete,False,False
Vicenza,2000,Soft wheat,2852.0,19894.0,6.975455820476858,Vicenza,1.0,1,1,0,0,complete,False,False
Vicenza,2001,Grain maize,31805.0,318040.0,9.999685584027668,Vicenza,1.0,1,1,0,0,complete,False,False
Vicenza,2001,Soft wheat,2492.0,13706.0,5.5,Vicenza,1.0,1,1,0,0,complete,False,False
Vicenza,2002,Grain maize,33395.0,350307.5,10.489818835154963,Vicenza,1.0,1,1,0,0,complete,False,False
Vicenza,2002,Soft wheat,2850.0,19950.0,7.0,Vicenza,1.0,1,1,0,0,complete,False,False
Vicenza,2003,Grain maize,30000.0,299480.0,9.982666666666667,Vicenza,1.0,1,1,0,0,complete,False,False
Vicenza,2003,Soft wheat,3100.0,17050.0,5.5,Vicenza,1.0,1,1,0,0,complete,False,False
Vicenza,2004,Grain maize,31000.0,350662.5,11.311693548387098,Vicenza,1.0,1,1,0,0,complete,False,False
Vicenza,2004,Soft wheat,3000.0,17999.0,5.999666666666666,Vicenza,1.0,1,1,0,0,complete,False,False
Vicenza,2005,Grain maize,31750.0,348327.5,10.970944881889764,Vicenza,1.0,1,1,0,0,complete,False,False
Vicenza,2005,Soft wheat,3095.0,18565.0,5.9983844911147015,Vicenza,1.0,1,1,0,0,complete,False,False
Vicenza,2006,Grain maize,31860.0,294785.0,9.252510985561832,Vicenza,1.0,1,1,0,0,complete,False,False
Vicenza,2006,Soft wheat,3124.0,19178.5,6.139084507042254,Vicenza,1.0,1,1,0,0,complete,False,False
Vicenza,2007,Grain maize,33450.0,368485.0,11.015994020926756,Vicenza,1.0,1,1,0,0,complete,False,False
Vicenza,2007,Soft wheat,3790.0,23000.0,6.068601583113456,Vicenza,1.0,1,1,0,0,complete,False,False
Vicenza,2008,Durum wheat,4170.0,22935.0,5.5,Vicenza,1.0,1,1,0,0,complete,False,False
Vicenza,2008,Grain maize,25760.0,257600.0,10.0,Vicenza,1.0,1,1,0,0,complete,False,False
Vicenza,2008,Soft wheat,6080.0,37088.0,6.1,Vicenza,1.0,1,1,0,0,complete,False,False
Vicenza,2009,Durum wheat,1820.0,8010.2,4.401208791208791,Vicenza,1.0,1,1,0,0,complete,False,False
Vicenza,2009,Grain maize,25200.0,249480.0,9.9,Vicenza,1.0,1,1,0,0,complete,False,False
Vicenza,2009,Soft wheat,5601.0,26982.9,4.817514729512587,Vicenza,1.0,1,1,0,0,complete,False,False
Vicenza,2010,Durum wheat,3300.0,18150.0,5.5,Vicenza,1.0,1,1,0,0,complete,False,False
Vicenza,2010,Grain maize,25070.0,275770.0,11.0,Vicenza,1.0,1,1,0,0,complete,False,False
Vicenza,2010,Soft wheat,5500.0,33000.0,6.0,Vicenza,1.0,1,1,0,0,complete,False,False
Vicenza,2011,Durum wheat,150.0,825.0,5.5,Vicenza,1.0,1,1,0,0,complete,False,False
Vicenza,2011,Grain maize,26530.0,285000.0,10.742555597436864,Vicenza,1.0,1,1,0,0,complete,False,False
Vicenza,2011,Soft wheat,3120.0,18720.0,6.0,Vicenza,1.0,1,1,0,0,complete,False,False
Vicenza,2012,Durum wheat,463.0,2546.5,5.5,Vicenza,1.0,1,1,0,0,complete,False,False
Vicenza,2012,Grain maize,26530.0,285000.0,10.742555597436864,Vicenza,1.0,1,1,0,0,complete,True,False
Vicenza,2012,Soft wheat,6262.0,37572.0,6.0,Vicenza,1.0,1,1,0,0,complete,False,False
Vicenza,2013,Durum wheat,234.0,1146.6,4.8999999999999995,Vicenza,1.0,1,1,0,0,complete,True,False
Vicenza,2013,Grain maize,24635.0,200751.4,8.149031865232393,Vicenza,1.0,1,1,0,0,complete,True,False
Vicenza,2013,Soft wheat,8085.0,45162.8,5.585998763141621,Vicenza,1.0,1,1,0,0,complete,True,False
Vicenza,2014,Durum wheat,233.0,1415.7,6.075965665236052,Vicenza,1.0,1,1,0,0,complete,False,False
Vicenza,2014,Grain maize,23690.0,252772.3,10.67,Vicenza,1.0,1,1,0,0,complete,False,False
Vicenza,2014,Soft wheat,6159.0,41043.6,6.6640038967364825,Vicenza,1.0,1,1,0,0,complete,False,False
Vicenza,2015,Durum wheat,708.0,4400.0,6.214689265536723,Vicenza,1.0,1,1,0,0,complete,False,False
Vicenza,2015,Grain maize,18478.0,166690.0,9.02099794350038,Vicenza,1.0,1,1,0,0,complete,False,False
Vicenza,2015,Soft wheat,5758.0,36170.0,6.281695032997568,Vicenza,1.0,1,1,0,0,complete,False,False
Vicenza,2016,Durum wheat,1091.0,5734.5,5.256186984417965,Vicenza,1.0,1,1,0,0,complete,False,False
Vicenza,2016,Grain maize,16835.0,166747.0,9.904781704781705,Vicenza,1.0,1,1,0,0,complete,False,False
Vicenza,2016,Soft wheat,6444.0,39154.6,6.0761328367473615,Vicenza,1.0,1,1,0,0,complete,False,False
Vicenza,2017,Durum wheat,721.0,4701.0,6.520110957004161,Vicenza,1.0,1,1,0,0,complete,False,False
Vicenza,2017,Grain maize,14547.0,126066.5,8.666151096446002,Vicenza,1.0,1,1,0,0,complete,False,False
Vicenza,2017,Soft wheat,5880.0,41089.0,6.987925170068027,Vicenza,1.0,1,1,0,0,complete,False,False
Vicenza,2018,Durum wheat,743.0,4409.0,5.934051144010767,Vicenza,1.0,1,1,0,0,complete,False,False
Vicenza,2018,Grain maize,11850.0,112449.0,9.489367088607596,Vicenza,1.0,1,1,0,0,complete,False,False
Vicenza,2018,Soft wheat,8337.0,53016.0,6.359121986326016,Vicenza,1.0,1,1,0,0,complete,False,False
Vicenza,2019,Durum wheat,675.0,3084.0,4.568888888888889,Vicenza,1.0,1,1,0,0,complete,False,False
Vicenza,2019,Grain maize,14690.0,121989.0,8.304220558202859,Vicenza,1.0,1,1,0,0,complete,False,False
Vicenza,2019,Soft wheat,7540.0,42192.0,5.595755968169761,Vicenza,1.0,1,1,0,0,complete,False,False
Vicenza,2020,Durum wheat,550.0,3159.0,5.743636363636363,Vicenza,1.0,1,1,0,0,complete,False,False
Vicenza,2020,Grain maize,14480.0,163786.0,11.311187845303868,Vicenza,1.0,1,1,0,0,complete,False,False
Vicenza,2020,Soft wheat,6900.0,45018.0,6.524347826086957,Vicenza,1.0,1,1,0,0,complete,False,False
Vicenza,2021,Durum wheat,773.0,4893.0,6.329883570504528,Vicenza,1.0,1,1,0,0,complete,False,False
Vicenza,2021,Grain maize,13964.0,138412.0,9.912059581781724,Vicenza,1.0,1,1,0,0,complete,False,False
Vicenza,2021,Soft wheat,7922.0,58015.0,7.323276950265084,Vicenza,1.0,1,1,0,0,complete,False,False
Vicenza,2022,Durum wheat,1064.0,6127.0,5.758458646616542,Vicenza,1.0,1,1,0,0,complete,False,False
Vicenza,2022,Grain maize,12942.0,96214.5,7.4342837273991655,Vicenza,1.0,1,1,0,0,complete,False,False
Vicenza,2022,Soft wheat,7991.0,52661.5,6.590101364034539,Vicenza,1.0,1,1,0,0,complete,False,False
Viterbo,1995,Durum wheat,54500.0,167315.0,3.07,Viterbo,1.0,1,1,0,0,complete,False,False
Viterbo,1995,Grain maize,3090.0,30210.0,9.776699029126213,Viterbo,1.0,1,1,0,0,complete,False,False
Viterbo,1995,Soft wheat,12200.0,35835.0,2.9372950819672132,Viterbo,1.0,1,1,0,0,complete,False,False
Viterbo,1996,Durum wheat,49900.0,174752.5,3.502054108216433,Viterbo,1.0,1,1,0,0,complete,False,False
Viterbo,1996,Grain maize,3170.0,32330.0,10.198738170347003,Viterbo,1.0,1,1,0,0,complete,False,False
Viterbo,1996,Soft wheat,11750.0,43685.0,3.717872340425532,Viterbo,1.0,1,1,0,0,complete,False,False
Viterbo,1997,Durum wheat,46420.0,116193.0,2.503080568720379,Viterbo,1.0,1,1,0,0,complete,False,False
Viterbo,1997,Grain maize,3920.0,37870.0,9.660714285714286,Viterbo,1.0,1,1,0,0,complete,True,False
Viterbo,1997,Soft wheat,11400.0,35614.0,3.124035087719298,Viterbo,1.0,1,1,0,0,complete,False,False
Viterbo,1998,Durum wheat,48650.0,174841.0,3.5938540596094555,Viterbo,1.0,1,1,0,0,complete,False,False
Viterbo,1998,Grain maize,3470.0,41280.0,11.896253602305476,Viterbo,1.0,1,1,0,0,complete,True,False
Viterbo,1998,Soft wheat,9280.0,35817.0,3.8595905172413794,Viterbo,1.0,1,1,0,0,complete,False,False
Viterbo,1999,Durum wheat,49920.0,177806.0,3.5618189102564104,Viterbo,1.0,1,1,0,0,complete,False,False
Viterbo,1999,Grain maize,3835.0,41280.0,10.764015645371577,Viterbo,1.0,1,1,0,0,complete,False,False
Viterbo,1999,Soft wheat,9620.0,37797.0,3.929002079002079,Viterbo,1.0,1,1,0,0,complete,False,False
Viterbo,2000,Durum wheat,50050.0,168518.1,3.366995004995005,Viterbo,1.0,1,1,0,0,complete,False,False
Viterbo,2000,Grain maize,3745.0,41360.8,11.044272363150869,Viterbo,1.0,1,1,0,0,complete,False,False
Viterbo,2000,Soft wheat,9070.0,35337.1,3.8960418963616315,Viterbo,1.0,1,1,0,0,complete,False,False
Viterbo,2001,Durum wheat,51400.0,116933.5,2.2749708171206224,Viterbo,1.0,1,1,0,0,complete,False,False
Viterbo,2001,Grain maize,5330.0,56308.5,10.564446529080675,Viterbo,1.0,1,1,0,0,complete,False,False
Viterbo,2001,Soft wheat,7200.0,19638.6,2.727583333333333,Viterbo,1.0,1,1,0,0,complete,False,False
Viterbo,2002,Durum wheat,52200.0,109639.1,2.100365900383142,Viterbo,1.0,1,1,0,0,complete,False,False
Viterbo,2002,Grain maize,6200.0,74083.8,11.949,Viterbo,1.0,1,1,0,0,complete,False,False
Viterbo,2002,Soft wheat,6055.0,18667.1,3.082923203963666,Viterbo,1.0,1,1,0,0,complete,False,False
Viterbo,2003,Durum wheat,51500.0,86039.0,1.6706601941747572,Viterbo,1.0,1,1,0,0,complete,False,False
Viterbo,2003,Grain maize,7500.0,53018.0,7.069066666666667,Viterbo,1.0,1,1,0,0,complete,False,False
Viterbo,2003,Soft wheat,4150.0,6343.8,1.5286265060240964,Viterbo,1.0,1,1,0,0,complete,False,False
Viterbo,2004,Durum wheat,53400.0,246515.8,4.61640074906367,Viterbo,1.0,1,1,0,0,complete,False,False
Viterbo,2004,Grain maize,7200.0,72071.0,10.00986111111111,Viterbo,1.0,1,1,0,0,complete,False,False
Viterbo,2004,Soft wheat,3750.0,16019.5,4.271866666666667,Viterbo,1.0,1,1,0,0,complete,False,False
Viterbo,2005,Durum wheat,34700.0,124063.0,3.5753025936599423,Viterbo,1.0,1,1,0,0,complete,False,False
Viterbo,2005,Grain maize,4550.0,48548.5,10.67,Viterbo,1.0,1,1,0,0,complete,False,False
Viterbo,2005,Soft wheat,5000.0,16160.2,3.23204,Viterbo,1.0,1,1,0,0,complete,False,False
Viterbo,2006,Durum wheat,25000.0,98406.5,3.93626,Viterbo,1.0,1,1,0,0,complete,False,False
Viterbo,2006,Grain maize,4400.0,44304.7,10.069249999999998,Viterbo,1.0,1,1,0,0,complete,False,False
Viterbo,2006,Soft wheat,3000.0,10616.6,3.538866666666667,Viterbo,1.0,1,1,0,0,complete,False,False
Viterbo,2007,Durum wheat,27500.0,113645.2,4.132552727272727,Viterbo,1.0,1,1,0,0,complete,False,False
Viterbo,2007,Grain maize,3100.0,33271.0,10.73258064516129,Viterbo,1.0,1,1,0,0,complete,False,False
Viterbo,2007,Soft wheat,2950.0,10636.1,3.605457627118644,Viterbo,1.0,1,1,0,0,complete,False,False
Viterbo,2008,Durum wheat,33500.0,106792.0,3.187820895522388,Viterbo,1.0,1,1,0,0,complete,False,False
Viterbo,2008,Grain maize,3630.0,43022.0,11.851790633608815,Viterbo,1.0,1,1,0,0,complete,False,False
Viterbo,2008,Soft wheat,3200.0,13531.5,4.22859375,Viterbo,1.0,1,1,0,0,complete,False,False
Viterbo,2009,Durum wheat,23500.0,61546.5,2.619,Viterbo,1.0,1,1,0,0,complete,False,False
Viterbo,2009,Grain maize,4200.0,48888.0,11.64,Viterbo,1.0,1,1,0,0,complete,False,False
Viterbo,2009,Soft wheat,2300.0,6246.8,2.716,Viterbo,1.0,1,1,0,0,complete,False,False
Viterbo,2010,Durum wheat,23000.0,75854.0,3.298,Viterbo,1.0,1,1,0,0,complete,False,False
Viterbo,2010,Grain maize,4200.0,47880.0,11.4,Viterbo,1.0,1,1,0,0,complete,False,False
Viterbo,2010,Soft wheat,2000.0,6208.0,3.104,Viterbo,1.0,1,1,0,0,complete,False,False
Viterbo,2011,Durum wheat,24500.0,97436.5,3.977,Viterbo,1.0,1,1,0,0,complete,False,False
Viterbo,2011,Grain maize,4350.0,49024.5,11.27,Viterbo,1.0,1,1,0,0,complete,False,False
Viterbo,2011,Soft wheat,2300.0,9370.2,4.074000000000001,Viterbo,1.0,1,1,0,0,complete,False,False
Viterbo,2012,Durum wheat,52250.0,135700.0,2.5971291866028707,Viterbo,1.0,1,1,0,0,complete,True,False
Viterbo,2012,Grain maize,1800.0,16160.0,8.977777777777778,Viterbo,1.0,1,1,0,0,complete,True,False
Viterbo,2012,Soft wheat,4850.0,14448.0,2.9789690721649484,Viterbo,1.0,1,1,0,0,complete,True,False
Viterbo,2013,Durum wheat,19500.0,63320.0,3.247179487179487,Viterbo,1.0,1,1,0,0,complete,True,False
Viterbo,2013,Grain maize,2200.0,27180.0,12.354545454545455,Viterbo,1.0,1,1,0,0,complete,True,False
Viterbo,2013,Soft wheat,2500.0,9490.0,3.796,Viterbo,1.0,1,1,0,0,complete,False,False
Viterbo,2014,Durum wheat,24000.0,65000.0,2.7083333333333335,Viterbo,1.0,1,1,0,0,complete,False,False
Viterbo,2014,Grain maize,2100.0,17000.0,8.095238095238095,Viterbo,1.0,1,1,0,0,complete,False,False
Viterbo,2014,Soft wheat,2500.0,7500.0,3.0,Viterbo,1.0,1,1,0,0,complete,False,False
Viterbo,2015,Durum wheat,20000.0,51000.0,2.55,Viterbo,1.0,1,1,0,0,complete,False,False
Viterbo,2015,Grain maize,1870.0,19800.0,10.588235294117647,Viterbo,1.0,1,1,0,0,complete,False,False
Viterbo,2015,Soft wheat,2350.0,7300.0,3.106382978723404,Viterbo,1.0,1,1,0,0,complete,False,False
Viterbo,2016,Durum wheat,21000.0,60000.0,2.857142857142857,Viterbo,1.0,1,1,0,0,complete,False,False
Viterbo,2016,Grain maize,1800.0,19000.0,10.555555555555555,Viterbo,1.0,1,1,0,0,complete,False,False
Viterbo,2016,Soft wheat,2500.0,9000.0,3.6,Viterbo,1.0,1,1,0,0,complete,False,False
Viterbo,2017,Durum wheat,21000.0,60000.0,2.857142857142857,Viterbo,1.0,1,1,0,0,complete,False,False
Viterbo,2017,Grain maize,2000.0,10000.0,5.0,Viterbo,1.0,1,1,0,0,complete,False,False
Viterbo,2017,Soft wheat,2500.0,9000.0,3.6,Viterbo,1.0,1,1,0,0,complete,False,False
Viterbo,2018,Durum wheat,20200.0,75000.0,3.712871287128713,Viterbo,1.0,1,1,0,0,complete,False,False
Viterbo,2018,Grain maize,1800.0,18820.0,10.455555555555556,Viterbo,1.0,1,1,0,0,complete,False,False
Viterbo,2018,Soft wheat,2450.0,11100.0,4.530612244897959,Viterbo,1.0,1,1,0,0,complete,False,False
Viterbo,2019,Durum wheat,19500.0,78000.0,4.0,Viterbo,1.0,1,1,0,0,complete,False,False
Viterbo,2019,Grain maize,1800.0,17600.0,9.777777777777779,Viterbo,1.0,1,1,0,0,complete,False,False
Viterbo,2019,Soft wheat,2800.0,13800.0,4.928571428571429,Viterbo,1.0,1,1,0,0,complete,False,False
Viterbo,2020,Durum wheat,19700.0,74850.0,3.799492385786802,Viterbo,1.0,1,1,0,0,complete,False,False
Viterbo,2020,Grain maize,1770.0,17600.0,9.943502824858758,Viterbo,1.0,1,1,0,0,complete,False,False
Viterbo,2020,Soft wheat,2700.0,13200.0,4.888888888888889,Viterbo,1.0,1,1,0,0,complete,False,False
Viterbo,2021,Durum wheat,19720.0,73500.0,3.7271805273833674,Viterbo,1.0,1,1,0,0,complete,False,False
Viterbo,2021,Grain maize,1770.0,17170.0,9.700564971751412,Viterbo,1.0,1,1,0,0,complete,False,False
Viterbo,2021,Soft wheat,2690.0,12850.0,4.776951672862453,Viterbo,1.0,1,1,0,0,complete,False,False
Viterbo,2022,Durum wheat,19740.0,62900.0,3.1864235055724417,Viterbo,1.0,1,1,0,0,complete,False,False
Viterbo,2022,Grain maize,1770.0,17000.0,9.6045197740113,Viterbo,1.0,1,1,0,0,complete,False,False
Viterbo,2022,Soft wheat,2680.0,11300.0,4.2164179104477615,Viterbo,1.0,1,1,0,0,complete,False,False
